project_id,client_id,client_name,sector,service_line,start_date,planned_end_date,actual_end_date,status,complexity,team_size,senior_staff_count,junior_staff_count,contract_value_usd,actual_cost_usd,delay_days,cost_overrun_pct,client_satisfaction_score,renewed_within_12m,acquisition_channel
P1066,C-PS-Client-05,PS-Client-05,Public Sector,Data Visualization & Analytics,2021-01-05,2021-03-05,2021-03-08,Completed,Low,4,2,2,31800.0,33100.0,3.0,0.042,3.7,No,Repeat Client
P0866,C-FAI-Client-07,FAI-Client-07,Finance and Insurance,Stakeholder Engagement,2021-01-07,2021-04-07,2021-04-10,Completed,Low,2,1,1,29000.0,30000.0,3.0,0.034,4.2,Yes,Competitive Tender
P1401,C-TAI-Client-07,TAI-Client-07,Technology and Innovation,Digital Transformation,2021-01-08,2021-03-08,2021-03-10,Completed,Low,4,2,2,33800.0,34800.0,2.0,0.029,4.3,No,Direct Outreach
P0003,C-A-Client-04,A-Client-04,Agriculture,Digital Transformation,2021-01-08,2021-03-08,2021-05-05,Completed,Medium,8,2,6,65300.0,88400.0,58.0,0.354,2.5,No,Competitive Tender
P0864,C-FAI-Client-08,FAI-Client-08,Finance and Insurance,Strategic Planning,2021-01-10,2021-03-10,2021-03-13,Completed,Low,2,1,1,23600.0,24800.0,3.0,0.052,4.1,No,Referral
P0867,C-FAI-Client-03,FAI-Client-03,Finance and Insurance,Market & Social Research,2021-01-10,2021-03-10,2021-03-11,Completed,Low,2,1,1,20700.0,21100.0,1.0,0.018,4.2,Yes,Competitive Tender
P1218,C-CEAT-Client-09,CEAT-Client-09,Creative Economy and Tourism,Market & Social Research,2021-01-11,2021-04-11,2021-05-19,Completed,Low,2,1,1,17300.0,23700.0,38.0,0.372,3.3,No,Competitive Tender
P1399,C-TAI-Client-01,TAI-Client-01,Technology and Innovation,Digital Transformation,2021-01-12,2021-04-12,2021-04-16,Completed,Low,2,1,1,23800.0,25000.0,4.0,0.049,4.3,No,Direct Outreach
P1219,C-CEAT-Client-05,CEAT-Client-05,Creative Economy and Tourism,Data Visualization & Analytics,2021-01-13,2021-04-13,2021-04-15,Completed,Low,4,1,3,36400.0,37100.0,2.0,0.018,4.6,Yes,Competitive Tender
P0002,C-A-Client-02,A-Client-02,Agriculture,Market & Social Research,2021-01-14,2021-02-14,2021-02-14,Completed,Low,2,1,1,6500.0,6500.0,0.0,0.0,4.1,No,Repeat Client
P1220,C-CEAT-Client-01,CEAT-Client-01,Creative Economy and Tourism,Digital Transformation,2021-01-15,2021-03-15,2021-03-18,Completed,Low,3,1,2,16800.0,17500.0,3.0,0.039,4.4,No,Referral
P1216,C-CEAT-Client-09,CEAT-Client-09,Creative Economy and Tourism,Data Visualization & Analytics,2021-01-15,2021-07-15,2021-07-15,Completed,High,12,5,7,282900.0,282900.0,0.0,0.0,4.6,Yes,Referral
P1061,C-PS-Client-05,PS-Client-05,Public Sector,Stakeholder Engagement,2021-01-16,2021-02-16,2021-03-24,Completed,Low,2,1,1,6100.0,9800.0,36.0,0.6,2.2,No,Competitive Tender
P1064,C-PS-Client-04,PS-Client-04,Public Sector,Digital Transformation,2021-01-17,2021-02-17,2021-02-18,Completed,Low,3,1,2,10300.0,10500.0,1.0,0.021,4.7,Yes,Direct Outreach
P1400,C-TAI-Client-05,TAI-Client-05,Technology and Innovation,Strategic Planning,2021-01-18,2021-07-18,2021-08-21,Completed,High,8,3,5,315100.0,366800.0,34.0,0.164,3.9,Yes,Competitive Tender
P1062,C-PS-Client-04,PS-Client-04,Public Sector,Strategic Planning,2021-01-18,2021-06-18,2021-06-19,Completed,Medium,6,2,4,155200.0,156300.0,1.0,0.007,4.0,No,Direct Outreach
P0004,C-A-Client-08,A-Client-08,Agriculture,Stakeholder Engagement,2021-01-21,2021-06-21,2021-09-11,Completed,Medium,5,2,3,88400.0,112800.0,82.0,0.276,3.0,No,Competitive Tender
P0001,C-A-Client-02,A-Client-02,Agriculture,Stakeholder Engagement,2021-01-22,2021-04-22,2021-04-22,Completed,Low,4,1,3,44800.0,44800.0,0.0,0.0,4.1,Yes,Competitive Tender
P1063,C-PS-Client-09,PS-Client-09,Public Sector,Strategic Planning,2021-01-23,2021-10-23,2022-01-14,Completed,High,7,2,5,291300.0,333500.0,83.0,0.145,2.0,No,Direct Outreach
P0631,C-E-Client-07,E-Client-07,Energy,Political Risk Management,2021-01-23,2021-02-23,2021-03-07,Completed,Low,4,1,3,22800.0,30600.0,12.0,0.343,3.4,No,Referral
P1065,C-PS-Client-06,PS-Client-06,Public Sector,Strategic Planning,2021-01-26,2021-03-26,2021-04-11,Completed,Low,3,1,2,20000.0,25500.0,16.0,0.273,3.0,No,Direct Outreach
P0239,C-CACM-Client-04,CACM-Client-04,Climate and Carbon Markets,Stakeholder Engagement,2021-01-26,2021-05-26,2021-05-28,Completed,Medium,5,2,3,99200.0,100700.0,2.0,0.015,4.0,Yes,Referral
P0863,C-FAI-Client-05,FAI-Client-05,Finance and Insurance,Stakeholder Engagement,2021-01-26,2021-05-26,,Cancelled,Medium,6,2,4,141400.0,144400.0,,,,N/A,Direct Outreach
P0865,C-FAI-Client-02,FAI-Client-02,Finance and Insurance,Political Risk Management,2021-01-28,2021-04-28,2021-04-29,Completed,Low,4,1,3,56000.0,56700.0,1.0,0.013,4.6,Yes,Competitive Tender
P1217,C-CEAT-Client-07,CEAT-Client-07,Creative Economy and Tourism,Digital Transformation,2021-01-28,2021-05-28,2021-05-29,Completed,Medium,7,3,4,110800.0,111600.0,1.0,0.007,4.4,Yes,Direct Outreach
P1406,C-TAI-Client-03,TAI-Client-03,Technology and Innovation,Digital Transformation,2021-02-01,2021-04-01,2021-06-24,Completed,Medium,4,1,3,50300.0,79900.0,84.0,0.589,2.3,Yes,Repeat Client
P0007,C-A-Client-06,A-Client-06,Agriculture,Data Visualization & Analytics,2021-02-03,2021-07-03,2021-09-20,Completed,Medium,4,2,2,69400.0,94200.0,79.0,0.358,2.4,No,Repeat Client
P0011,C-A-Client-05,A-Client-05,Agriculture,Strategic Planning,2021-02-03,2021-06-03,2021-06-07,Completed,High,10,4,6,177900.0,185000.0,4.0,0.04,4.1,No,Competitive Tender
P0009,C-A-Client-05,A-Client-05,Agriculture,Digital Transformation,2021-02-04,2021-07-04,2021-07-16,Completed,Medium,4,1,3,79200.0,85300.0,12.0,0.077,4.3,Yes,Referral
P1408,C-TAI-Client-08,TAI-Client-08,Technology and Innovation,Digital Transformation,2021-02-05,2021-05-05,2021-06-03,Completed,Low,3,1,2,36100.0,45300.0,29.0,0.256,3.8,No,Referral
P1405,C-TAI-Client-03,TAI-Client-03,Technology and Innovation,Market & Social Research,2021-02-05,2021-04-05,2021-04-05,Completed,Low,4,2,2,36500.0,36500.0,0.0,0.0,4.4,No,Direct Outreach
P0633,C-E-Client-03,E-Client-03,Energy,Stakeholder Engagement,2021-02-06,2021-09-06,2021-12-19,Completed,High,15,6,9,880600.0,1115700.0,104.0,0.267,2.2,No,Competitive Tender
P0634,C-E-Client-03,E-Client-03,Energy,Market & Social Research,2021-02-06,2021-07-06,2021-07-10,Completed,Medium,6,3,3,217200.0,220900.0,4.0,0.017,4.7,No,Repeat Client
P0868,C-FAI-Client-08,FAI-Client-08,Finance and Insurance,Market & Social Research,2021-02-07,2021-04-07,2021-05-23,Completed,Low,3,1,2,38200.0,56700.0,46.0,0.483,2.4,No,Referral
P1404,C-TAI-Client-06,TAI-Client-06,Technology and Innovation,Political Risk Management,2021-02-07,2021-05-07,,Cancelled,Low,3,1,2,42600.0,49400.0,,,,N/A,Referral
P0006,C-A-Client-06,A-Client-06,Agriculture,Strategic Planning,2021-02-09,2021-03-09,2021-03-09,Completed,Low,2,1,1,5700.0,5700.0,0.0,0.0,4.0,No,Direct Outreach
P0005,C-A-Client-07,A-Client-07,Agriculture,Data Visualization & Analytics,2021-02-09,2021-06-09,2021-08-05,Completed,High,9,2,7,160700.0,201500.0,57.0,0.254,2.5,No,Referral
P1068,C-PS-Client-04,PS-Client-04,Public Sector,Political Risk Management,2021-02-09,2021-11-09,2021-11-13,Completed,High,13,5,8,612400.0,618500.0,4.0,0.01,4.1,No,Repeat Client
P1402,C-TAI-Client-07,TAI-Client-07,Technology and Innovation,Political Risk Management,2021-02-11,2021-11-11,2021-11-12,Completed,High,13,4,9,865500.0,869000.0,1.0,0.004,4.2,Yes,Referral
P1403,C-TAI-Client-08,TAI-Client-08,Technology and Innovation,Market & Social Research,2021-02-14,2021-05-14,2021-06-23,Completed,Medium,5,2,3,94800.0,125600.0,40.0,0.325,3.3,No,Competitive Tender
P1407,C-TAI-Client-03,TAI-Client-03,Technology and Innovation,Strategic Planning,2021-02-16,2021-05-16,2021-05-17,Completed,Low,3,1,2,34100.0,34300.0,1.0,0.007,4.3,No,Referral
P1069,C-PS-Client-03,PS-Client-03,Public Sector,Data Visualization & Analytics,2021-02-18,2021-10-18,2021-11-16,Completed,High,14,4,10,670700.0,749800.0,29.0,0.118,3.6,No,Competitive Tender
P1070,C-PS-Client-05,PS-Client-05,Public Sector,Data Visualization & Analytics,2021-02-18,2021-05-18,2021-05-18,Completed,Low,3,1,2,28300.0,28300.0,0.0,0.0,4.2,No,Referral
P1071,C-PS-Client-03,PS-Client-03,Public Sector,Digital Transformation,2021-02-19,2021-08-19,2021-08-19,Completed,High,13,5,8,445600.0,445600.0,0.0,0.0,4.0,No,Referral
P0632,C-E-Client-07,E-Client-07,Energy,Political Risk Management,2021-02-20,2021-05-20,2021-05-20,Completed,Medium,8,2,6,144900.0,144900.0,0.0,0.0,3.7,No,Repeat Client
P0010,C-A-Client-04,A-Client-04,Agriculture,Digital Transformation,2021-02-20,2021-06-20,2021-06-20,Completed,Medium,8,3,5,117900.0,117900.0,0.0,0.0,4.3,No,Repeat Client
P0008,C-A-Client-08,A-Client-08,Agriculture,Stakeholder Engagement,2021-02-20,2021-06-20,2021-08-26,Completed,Medium,4,2,2,73500.0,103300.0,67.0,0.406,2.4,No,Repeat Client
P1067,C-PS-Client-06,PS-Client-06,Public Sector,Stakeholder Engagement,2021-02-28,2021-07-28,2021-09-07,Completed,Medium,8,3,5,183200.0,214200.0,41.0,0.169,3.5,No,Repeat Client
P0636,C-E-Client-04,E-Client-04,Energy,Political Risk Management,2021-03-01,2021-10-01,2021-10-02,Completed,High,9,4,5,481500.0,482900.0,1.0,0.003,4.1,No,Referral
P1412,C-TAI-Client-04,TAI-Client-04,Technology and Innovation,Digital Transformation,2021-03-01,2021-11-01,2021-11-02,Completed,High,14,4,10,822300.0,826400.0,1.0,0.005,4.6,Yes,Direct Outreach
P1221,C-CEAT-Client-01,CEAT-Client-01,Creative Economy and Tourism,Stakeholder Engagement,2021-03-02,2021-05-02,2021-05-05,Completed,Low,4,2,2,25300.0,26400.0,3.0,0.043,4.7,No,Repeat Client
P1072,C-PS-Client-08,PS-Client-08,Public Sector,Digital Transformation,2021-03-04,2021-12-04,2021-12-08,Completed,High,10,4,6,516300.0,521500.0,4.0,0.01,3.7,No,Competitive Tender
P0242,C-CACM-Client-06,CACM-Client-06,Climate and Carbon Markets,Digital Transformation,2021-03-05,2021-05-05,2021-05-06,Completed,Medium,6,2,4,78400.0,79200.0,1.0,0.01,4.2,Yes,Repeat Client
P1222,C-CEAT-Client-05,CEAT-Client-05,Creative Economy and Tourism,Market & Social Research,2021-03-05,2021-05-05,2021-05-09,Completed,Low,2,1,1,10700.0,11300.0,4.0,0.055,4.2,Yes,Referral
P1073,C-PS-Client-09,PS-Client-09,Public Sector,Political Risk Management,2021-03-06,2021-05-06,2021-05-06,Completed,Medium,5,2,3,41500.0,41500.0,0.0,0.0,4.1,No,Repeat Client
P1223,C-CEAT-Client-05,CEAT-Client-05,Creative Economy and Tourism,Stakeholder Engagement,2021-03-07,2021-07-07,2021-07-10,Completed,Medium,4,1,3,54300.0,55400.0,3.0,0.021,3.7,No,Repeat Client
P0875,C-FAI-Client-06,FAI-Client-06,Finance and Insurance,Stakeholder Engagement,2021-03-07,2021-07-07,2021-07-11,Completed,Medium,4,1,3,100300.0,104000.0,4.0,0.037,4.8,No,Competitive Tender
P1077,C-PS-Client-01,PS-Client-01,Public Sector,Digital Transformation,2021-03-08,2021-09-08,2021-09-25,Completed,High,8,3,5,291900.0,313800.0,17.0,0.075,3.8,Yes,Repeat Client
P0240,C-CACM-Client-01,CACM-Client-01,Climate and Carbon Markets,Data Visualization & Analytics,2021-03-09,2021-06-09,2021-06-12,Completed,Medium,4,1,3,79500.0,81600.0,3.0,0.026,3.8,No,Referral
P0869,C-FAI-Client-02,FAI-Client-02,Finance and Insurance,Political Risk Management,2021-03-11,2021-12-11,2021-12-13,Completed,High,9,2,7,618600.0,623500.0,2.0,0.008,4.7,Yes,Repeat Client
P0870,C-FAI-Client-01,FAI-Client-01,Finance and Insurance,Strategic Planning,2021-03-11,2021-06-11,2021-06-14,Completed,Medium,6,1,5,115600.0,118800.0,3.0,0.028,4.7,No,Referral
P0635,C-E-Client-01,E-Client-01,Energy,Data Visualization & Analytics,2021-03-11,2021-08-11,2021-10-26,Completed,Medium,8,2,6,234600.0,305400.0,76.0,0.302,2.6,No,Direct Outreach
P1411,C-TAI-Client-07,TAI-Client-07,Technology and Innovation,Stakeholder Engagement,2021-03-12,2021-04-12,2021-04-13,Completed,Low,2,1,1,10200.0,10500.0,1.0,0.03,4.2,Yes,Referral
P1075,C-PS-Client-03,PS-Client-03,Public Sector,Political Risk Management,2021-03-13,2021-05-13,2021-07-24,Completed,Medium,4,2,2,38100.0,60400.0,72.0,0.586,1.8,No,Repeat Client
P0243,C-CACM-Client-03,CACM-Client-03,Climate and Carbon Markets,Stakeholder Engagement,2021-03-14,2021-06-14,2021-07-31,Completed,Medium,5,2,3,88900.0,127700.0,47.0,0.437,2.2,No,Competitive Tender
P0013,C-A-Client-03,A-Client-03,Agriculture,Data Visualization & Analytics,2021-03-15,2021-06-15,2021-06-16,Completed,Low,3,1,2,34600.0,34900.0,1.0,0.009,4.3,Yes,Referral
P0871,C-FAI-Client-03,FAI-Client-03,Finance and Insurance,Stakeholder Engagement,2021-03-15,2021-05-15,2021-07-05,Completed,Low,2,1,1,23000.0,34900.0,51.0,0.519,2.0,No,Repeat Client
P0874,C-FAI-Client-01,FAI-Client-01,Finance and Insurance,Stakeholder Engagement,2021-03-16,2021-05-16,2021-05-20,Completed,Low,2,1,1,19900.0,20800.0,4.0,0.045,4.2,No,Repeat Client
P1224,C-CEAT-Client-03,CEAT-Client-03,Creative Economy and Tourism,Strategic Planning,2021-03-17,2021-06-17,2021-06-19,Completed,Low,4,1,3,39500.0,40600.0,2.0,0.027,3.5,No,Competitive Tender
P1410,C-TAI-Client-08,TAI-Client-08,Technology and Innovation,Political Risk Management,2021-03-17,2021-08-17,2021-08-21,Completed,Medium,8,3,5,215600.0,221900.0,4.0,0.029,4.3,Yes,Repeat Client
P0637,C-E-Client-08,E-Client-08,Energy,Political Risk Management,2021-03-18,2021-06-18,2021-07-21,Completed,Low,4,1,3,71300.0,94300.0,33.0,0.323,2.5,No,Referral
P0873,C-FAI-Client-07,FAI-Client-07,Finance and Insurance,Political Risk Management,2021-03-20,2021-10-20,2021-10-24,Completed,High,13,6,7,641600.0,654400.0,4.0,0.02,4.0,Yes,Direct Outreach
P1409,C-TAI-Client-03,TAI-Client-03,Technology and Innovation,Political Risk Management,2021-03-20,2021-05-20,2021-05-22,Completed,Low,4,1,3,39600.0,40400.0,2.0,0.019,4.0,Yes,Repeat Client
P1076,C-PS-Client-02,PS-Client-02,Public Sector,Data Visualization & Analytics,2021-03-20,2021-05-20,2021-05-20,Completed,Low,2,1,1,16600.0,16600.0,0.0,0.0,4.7,No,Direct Outreach
P0872,C-FAI-Client-02,FAI-Client-02,Finance and Insurance,Market & Social Research,2021-03-25,2021-08-25,2021-08-26,Completed,High,14,6,8,633900.0,637100.0,1.0,0.005,5.0,Yes,Repeat Client
P1074,C-PS-Client-01,PS-Client-01,Public Sector,Market & Social Research,2021-03-26,2021-05-26,2021-05-30,Completed,Low,4,1,3,32400.0,34600.0,4.0,0.067,4.0,No,Referral
P0241,C-CACM-Client-06,CACM-Client-06,Climate and Carbon Markets,Digital Transformation,2021-03-26,2021-08-26,2021-08-26,Completed,Medium,4,1,3,123100.0,123100.0,0.0,0.0,4.1,Yes,Referral
P0012,C-A-Client-07,A-Client-07,Agriculture,Data Visualization & Analytics,2021-03-28,2021-06-28,2021-09-21,Completed,Medium,4,1,3,44100.0,61800.0,85.0,0.401,2.2,No,Repeat Client
P1225,C-CEAT-Client-03,CEAT-Client-03,Creative Economy and Tourism,Market & Social Research,2021-04-02,2021-06-02,2021-06-03,Completed,Low,3,1,2,20100.0,20400.0,1.0,0.016,4.3,No,Referral
P1414,C-TAI-Client-02,TAI-Client-02,Technology and Innovation,Stakeholder Engagement,2021-04-02,2021-09-02,2021-09-03,Completed,Medium,6,1,5,156800.0,157900.0,1.0,0.007,4.4,No,Competitive Tender
P0876,C-FAI-Client-04,FAI-Client-04,Finance and Insurance,Market & Social Research,2021-04-07,2021-08-07,,Cancelled,High,7,2,5,212400.0,295200.0,,,,N/A,Competitive Tender
P1226,C-CEAT-Client-04,CEAT-Client-04,Creative Economy and Tourism,Market & Social Research,2021-04-09,2021-06-09,2021-06-09,Completed,Low,4,1,3,22000.0,22000.0,0.0,0.0,4.2,No,Referral
P1227,C-CEAT-Client-07,CEAT-Client-07,Creative Economy and Tourism,Stakeholder Engagement,2021-04-09,2021-10-09,2021-10-09,Completed,High,8,2,6,204800.0,204800.0,0.0,0.0,4.7,Yes,Repeat Client
P0245,C-CACM-Client-06,CACM-Client-06,Climate and Carbon Markets,Strategic Planning,2021-04-09,2021-06-09,,Cancelled,Low,3,1,2,23900.0,25700.0,,,,N/A,Repeat Client
P0014,C-A-Client-02,A-Client-02,Agriculture,Stakeholder Engagement,2021-04-12,2021-07-12,2021-07-13,Completed,Medium,6,3,3,66600.0,67400.0,1.0,0.012,5.0,Yes,Referral
P0244,C-CACM-Client-05,CACM-Client-05,Climate and Carbon Markets,Market & Social Research,2021-04-12,2021-07-12,2021-07-12,Completed,Low,4,2,2,63600.0,63600.0,0.0,0.0,4.7,Yes,Referral
P1078,C-PS-Client-09,PS-Client-09,Public Sector,Data Visualization & Analytics,2021-04-13,2021-09-13,2021-11-06,Completed,Medium,8,2,6,151900.0,183800.0,54.0,0.21,2.4,No,Direct Outreach
P0016,C-A-Client-04,A-Client-04,Agriculture,Digital Transformation,2021-04-15,2021-06-15,2021-06-16,Completed,Low,3,1,2,19200.0,19400.0,1.0,0.011,4.3,No,Direct Outreach
P0246,C-CACM-Client-04,CACM-Client-04,Climate and Carbon Markets,Digital Transformation,2021-04-15,2021-08-15,2021-10-01,Completed,High,9,4,5,283800.0,335500.0,47.0,0.182,3.3,No,Repeat Client
P1415,C-TAI-Client-05,TAI-Client-05,Technology and Innovation,Political Risk Management,2021-04-16,2021-06-16,2021-06-20,Completed,Medium,5,1,4,60900.0,64800.0,4.0,0.064,4.2,Yes,Repeat Client
P1413,C-TAI-Client-06,TAI-Client-06,Technology and Innovation,Strategic Planning,2021-04-17,2021-08-17,2021-08-19,Completed,Medium,7,2,5,142100.0,144900.0,2.0,0.02,4.8,No,Repeat Client
P0015,C-A-Client-04,A-Client-04,Agriculture,Market & Social Research,2021-04-21,2021-07-21,2021-07-21,Completed,Medium,8,3,5,83800.0,83800.0,0.0,0.0,3.8,No,Competitive Tender
P0638,C-E-Client-08,E-Client-08,Energy,Political Risk Management,2021-04-22,2021-06-22,2021-06-23,Completed,Low,3,1,2,34600.0,35000.0,1.0,0.013,4.0,Yes,Referral
P1079,C-PS-Client-03,PS-Client-03,Public Sector,Digital Transformation,2021-04-23,2021-12-23,2022-02-17,Completed,High,7,3,4,332800.0,397700.0,56.0,0.195,3.1,No,Competitive Tender
P1083,C-PS-Client-01,PS-Client-01,Public Sector,Market & Social Research,2021-05-02,2021-07-02,2021-08-22,Completed,Low,2,1,1,13400.0,19100.0,51.0,0.425,2.1,No,Repeat Client
P0640,C-E-Client-09,E-Client-09,Energy,Data Visualization & Analytics,2021-05-02,2021-07-02,2021-07-05,Completed,Low,2,1,1,20500.0,21700.0,3.0,0.058,4.7,No,Competitive Tender
P0879,C-FAI-Client-05,FAI-Client-05,Finance and Insurance,Political Risk Management,2021-05-03,2021-07-03,2021-07-03,Completed,Medium,6,2,4,82100.0,82100.0,0.0,0.0,4.3,Yes,Repeat Client
P1084,C-PS-Client-06,PS-Client-06,Public Sector,Digital Transformation,2021-05-03,2021-07-03,2021-07-07,Completed,Low,3,1,2,20500.0,21500.0,4.0,0.049,4.4,No,Referral
P0642,C-E-Client-09,E-Client-09,Energy,Data Visualization & Analytics,2021-05-04,2021-07-04,2021-07-06,Completed,Medium,6,1,5,65700.0,68100.0,2.0,0.037,4.2,Yes,Repeat Client
P0641,C-E-Client-09,E-Client-09,Energy,Stakeholder Engagement,2021-05-06,2021-12-06,2022-01-24,Completed,High,14,5,9,843900.0,991600.0,49.0,0.175,3.3,Yes,Repeat Client
P0639,C-E-Client-04,E-Client-04,Energy,Data Visualization & Analytics,2021-05-06,2021-09-06,2021-09-06,Completed,High,7,2,5,188300.0,188300.0,0.0,0.0,4.2,No,Competitive Tender
P1228,C-CEAT-Client-08,CEAT-Client-08,Creative Economy and Tourism,Market & Social Research,2021-05-07,2021-07-07,2021-07-10,Completed,Medium,6,2,4,49200.0,50600.0,3.0,0.029,4.1,Yes,Referral
P0021,C-A-Client-07,A-Client-07,Agriculture,Stakeholder Engagement,2021-05-08,2021-09-08,2021-09-08,Completed,Medium,8,4,4,130000.0,130000.0,0.0,0.0,4.4,Yes,Referral
P0017,C-A-Client-01,A-Client-01,Agriculture,Data Visualization & Analytics,2021-05-11,2021-06-11,2021-06-12,Completed,Low,2,1,1,7600.0,7900.0,1.0,0.036,4.3,No,Competitive Tender
P1085,C-PS-Client-04,PS-Client-04,Public Sector,Stakeholder Engagement,2021-05-13,2021-07-13,2021-07-13,Completed,Low,4,1,3,29500.0,29500.0,0.0,0.0,4.3,No,Repeat Client
P0018,C-A-Client-04,A-Client-04,Agriculture,Stakeholder Engagement,2021-05-13,2021-07-13,,Cancelled,Low,2,1,1,15100.0,17400.0,,,,N/A,Referral
P0878,C-FAI-Client-05,FAI-Client-05,Finance and Insurance,Market & Social Research,2021-05-13,2021-08-13,2021-08-14,Completed,Low,4,1,3,66200.0,66900.0,1.0,0.011,4.8,Yes,Repeat Client
P1080,C-PS-Client-04,PS-Client-04,Public Sector,Digital Transformation,2021-05-16,2021-07-16,2021-07-18,Completed,Low,2,1,1,12300.0,12600.0,2.0,0.021,4.3,No,Competitive Tender
P1229,C-CEAT-Client-02,CEAT-Client-02,Creative Economy and Tourism,Stakeholder Engagement,2021-05-16,2021-08-16,2021-08-16,Completed,Low,4,1,3,33900.0,33900.0,0.0,0.0,4.5,Yes,Referral
P1416,C-TAI-Client-02,TAI-Client-02,Technology and Innovation,Market & Social Research,2021-05-17,2021-06-17,2021-06-19,Completed,Low,4,2,2,14800.0,15700.0,2.0,0.064,4.0,Yes,Competitive Tender
P0020,C-A-Client-05,A-Client-05,Agriculture,Market & Social Research,2021-05-21,2021-10-21,2021-11-29,Completed,Medium,5,2,3,106900.0,124200.0,39.0,0.162,3.4,No,Referral
P0877,C-FAI-Client-03,FAI-Client-03,Finance and Insurance,Strategic Planning,2021-05-23,2021-11-23,2021-11-27,Completed,High,11,5,6,504200.0,518300.0,4.0,0.028,3.9,Yes,Repeat Client
P0019,C-A-Client-08,A-Client-08,Agriculture,Political Risk Management,2021-05-23,2021-07-23,2021-07-26,Completed,Low,2,1,1,14200.0,14700.0,3.0,0.036,4.3,No,Referral
P0247,C-CACM-Client-06,CACM-Client-06,Climate and Carbon Markets,Strategic Planning,2021-05-24,2022-02-24,2022-02-28,Completed,High,13,6,7,923900.0,933100.0,4.0,0.01,3.7,Yes,Direct Outreach
P1081,C-PS-Client-04,PS-Client-04,Public Sector,Strategic Planning,2021-05-26,2022-01-26,2022-01-29,Completed,High,11,3,8,453600.0,460000.0,3.0,0.014,4.5,Yes,Competitive Tender
P1082,C-PS-Client-03,PS-Client-03,Public Sector,Digital Transformation,2021-05-26,2021-08-26,2021-09-16,Completed,Medium,8,4,4,115200.0,131800.0,21.0,0.144,4.0,No,Repeat Client
P1086,C-PS-Client-09,PS-Client-09,Public Sector,Data Visualization & Analytics,2021-06-01,2021-08-01,2021-10-05,Completed,Medium,4,1,3,32500.0,45600.0,65.0,0.404,3.5,No,Repeat Client
P1418,C-TAI-Client-01,TAI-Client-01,Technology and Innovation,Political Risk Management,2021-06-02,2021-12-02,2021-12-06,Completed,High,15,5,10,555700.0,568500.0,4.0,0.023,4.4,Yes,Competitive Tender
P0644,C-E-Client-04,E-Client-04,Energy,Data Visualization & Analytics,2021-06-07,2022-01-07,2022-04-06,Completed,High,8,2,6,480000.0,606200.0,89.0,0.263,1.8,No,Repeat Client
P0025,C-A-Client-05,A-Client-05,Agriculture,Stakeholder Engagement,2021-06-13,2021-11-13,2021-11-14,Completed,Medium,8,3,5,173600.0,174600.0,1.0,0.006,4.6,No,Competitive Tender
P0022,C-A-Client-03,A-Client-03,Agriculture,Stakeholder Engagement,2021-06-13,2021-12-13,2021-12-14,Completed,High,10,3,7,346500.0,348200.0,1.0,0.005,4.0,No,Direct Outreach
P1419,C-TAI-Client-06,TAI-Client-06,Technology and Innovation,Political Risk Management,2021-06-15,2021-11-15,2021-11-15,Completed,Medium,8,2,6,233900.0,233900.0,0.0,0.0,4.8,No,Repeat Client
P0023,C-A-Client-02,A-Client-02,Agriculture,Market & Social Research,2021-06-16,2021-10-16,2021-10-20,Completed,High,7,3,4,142800.0,146100.0,4.0,0.023,4.0,No,Repeat Client
P1417,C-TAI-Client-05,TAI-Client-05,Technology and Innovation,Stakeholder Engagement,2021-06-16,2022-03-16,2022-03-16,Completed,High,8,3,5,428300.0,428300.0,0.0,0.0,3.6,Yes,Repeat Client
P0643,C-E-Client-08,E-Client-08,Energy,Stakeholder Engagement,2021-06-18,2021-07-18,2021-07-22,Completed,Low,4,2,2,20500.0,23400.0,4.0,0.141,4.8,No,Repeat Client
P0027,C-A-Client-02,A-Client-02,Agriculture,Data Visualization & Analytics,2021-06-18,2021-10-18,2021-12-09,Completed,Medium,6,2,4,101500.0,131500.0,52.0,0.296,2.8,No,Repeat Client
P1088,C-PS-Client-07,PS-Client-07,Public Sector,Stakeholder Engagement,2021-06-20,2021-09-20,2021-09-21,Completed,Medium,7,3,4,98700.0,99600.0,1.0,0.009,4.1,Yes,Competitive Tender
P0024,C-A-Client-02,A-Client-02,Agriculture,Political Risk Management,2021-06-21,2021-09-21,2021-09-25,Completed,Medium,7,3,4,91100.0,95700.0,4.0,0.05,4.1,No,Repeat Client
P1230,C-CEAT-Client-07,CEAT-Client-07,Creative Economy and Tourism,Strategic Planning,2021-06-21,2021-10-21,2021-10-24,Completed,Medium,4,1,3,59100.0,60800.0,3.0,0.028,4.4,Yes,Competitive Tender
P0881,C-FAI-Client-08,FAI-Client-08,Finance and Insurance,Data Visualization & Analytics,2021-06-22,2021-11-22,2022-01-08,Completed,High,12,5,7,445200.0,531100.0,47.0,0.193,3.0,Yes,Referral
P0880,C-FAI-Client-06,FAI-Client-06,Finance and Insurance,Political Risk Management,2021-06-24,2022-02-24,2022-02-27,Completed,High,15,5,10,1024500.0,1034700.0,3.0,0.01,3.9,No,Repeat Client
P1087,C-PS-Client-05,PS-Client-05,Public Sector,Market & Social Research,2021-06-24,2021-10-24,2021-12-29,Completed,Medium,6,2,4,117300.0,148400.0,66.0,0.265,2.8,No,Repeat Client
P0882,C-FAI-Client-07,FAI-Client-07,Finance and Insurance,Strategic Planning,2021-06-25,2021-07-25,2021-07-28,Completed,Low,2,1,1,11000.0,11800.0,3.0,0.075,4.3,Yes,Repeat Client
P1231,C-CEAT-Client-06,CEAT-Client-06,Creative Economy and Tourism,Political Risk Management,2021-06-25,2021-08-25,2021-08-25,Completed,Medium,6,2,4,44900.0,44900.0,0.0,0.0,4.0,Yes,Referral
P0248,C-CACM-Client-05,CACM-Client-05,Climate and Carbon Markets,Stakeholder Engagement,2021-06-26,2021-11-26,2021-11-29,Completed,Medium,4,2,2,120400.0,122400.0,3.0,0.017,3.9,No,Repeat Client
P0645,C-E-Client-05,E-Client-05,Energy,Data Visualization & Analytics,2021-06-28,2021-08-28,2021-08-31,Completed,Medium,7,3,4,100600.0,104000.0,3.0,0.034,3.7,No,Referral
P0026,C-A-Client-02,A-Client-02,Agriculture,Digital Transformation,2021-06-28,2021-07-28,2021-07-28,Completed,Low,4,1,3,13500.0,13500.0,0.0,0.0,4.0,No,Repeat Client
P0884,C-FAI-Client-06,FAI-Client-06,Finance and Insurance,Digital Transformation,2021-07-01,2021-10-01,2021-10-05,Completed,Medium,4,1,3,89900.0,93600.0,4.0,0.041,4.8,No,Direct Outreach
P1089,C-PS-Client-07,PS-Client-07,Public Sector,Stakeholder Engagement,2021-07-01,2021-09-01,2021-09-26,Completed,Low,2,1,1,16600.0,21300.0,25.0,0.281,3.4,No,Referral
P1423,C-TAI-Client-01,TAI-Client-01,Technology and Innovation,Data Visualization & Analytics,2021-07-02,2021-11-02,2021-11-04,Completed,Medium,8,2,6,202100.0,204300.0,2.0,0.011,4.1,No,Repeat Client
P0249,C-CACM-Client-05,CACM-Client-05,Climate and Carbon Markets,Stakeholder Engagement,2021-07-04,2021-12-04,2021-12-06,Completed,Medium,6,1,5,154700.0,156100.0,2.0,0.009,3.8,No,Repeat Client
P0030,C-A-Client-04,A-Client-04,Agriculture,Market & Social Research,2021-07-04,2021-10-04,2021-10-11,Completed,Low,3,1,2,24900.0,27100.0,7.0,0.087,3.7,No,Repeat Client
P0883,C-FAI-Client-04,FAI-Client-04,Finance and Insurance,Digital Transformation,2021-07-08,2021-12-08,,Cancelled,High,9,2,7,358300.0,360800.0,,,,N/A,Competitive Tender
P1420,C-TAI-Client-03,TAI-Client-03,Technology and Innovation,Strategic Planning,2021-07-12,2021-09-12,2021-09-14,Completed,Low,3,1,2,26600.0,27300.0,2.0,0.028,4.1,Yes,Repeat Client
P0031,C-A-Client-01,A-Client-01,Agriculture,Stakeholder Engagement,2021-07-12,2021-10-12,2021-10-15,Completed,Medium,8,2,6,95200.0,97100.0,3.0,0.02,4.2,No,Repeat Client
P0250,C-CACM-Client-02,CACM-Client-02,Climate and Carbon Markets,Digital Transformation,2021-07-13,2021-10-13,2021-10-17,Completed,Low,3,1,2,45800.0,47600.0,4.0,0.039,4.0,Yes,Referral
P0028,C-A-Client-01,A-Client-01,Agriculture,Digital Transformation,2021-07-14,2021-10-14,2021-10-17,Completed,Medium,7,2,5,71400.0,73500.0,3.0,0.029,4.0,No,Direct Outreach
P1232,C-CEAT-Client-01,CEAT-Client-01,Creative Economy and Tourism,Digital Transformation,2021-07-14,2021-08-14,2021-10-06,Completed,Low,2,1,1,5900.0,9400.0,53.0,0.6,1.6,No,Repeat Client
P1422,C-TAI-Client-03,TAI-Client-03,Technology and Innovation,Stakeholder Engagement,2021-07-21,2021-12-21,2021-12-24,Completed,Medium,8,2,6,201100.0,204700.0,3.0,0.018,4.2,No,Competitive Tender
P1421,C-TAI-Client-05,TAI-Client-05,Technology and Innovation,Strategic Planning,2021-07-23,2022-03-23,2022-03-26,Completed,High,11,5,6,622100.0,631400.0,3.0,0.015,4.2,Yes,Repeat Client
P0029,C-A-Client-03,A-Client-03,Agriculture,Stakeholder Engagement,2021-07-24,2021-11-24,2021-11-26,Completed,Medium,8,3,5,120100.0,122100.0,2.0,0.017,4.0,Yes,Direct Outreach
P1090,C-PS-Client-05,PS-Client-05,Public Sector,Data Visualization & Analytics,2021-08-04,2021-10-04,,Cancelled,Medium,8,2,6,70500.0,78600.0,,,,N/A,Referral
P0887,C-FAI-Client-02,FAI-Client-02,Finance and Insurance,Political Risk Management,2021-08-04,2021-10-04,2021-10-07,Completed,Medium,4,1,3,62500.0,65400.0,3.0,0.047,3.9,Yes,Repeat Client
P1091,C-PS-Client-09,PS-Client-09,Public Sector,Stakeholder Engagement,2021-08-04,2021-11-04,2021-11-05,Completed,Low,3,1,2,30300.0,30500.0,1.0,0.008,4.4,Yes,Repeat Client
P0647,C-E-Client-07,E-Client-07,Energy,Market & Social Research,2021-08-07,2021-12-07,2021-12-11,Completed,Medium,8,2,6,194700.0,200700.0,4.0,0.031,3.6,No,Repeat Client
P0251,C-CACM-Client-06,CACM-Client-06,Climate and Carbon Markets,Stakeholder Engagement,2021-08-08,2021-10-08,2021-10-09,Completed,Low,2,1,1,22300.0,22800.0,1.0,0.021,4.2,No,Competitive Tender
P1425,C-TAI-Client-05,TAI-Client-05,Technology and Innovation,Data Visualization & Analytics,2021-08-09,2021-09-09,2021-09-10,Completed,Low,4,2,2,19200.0,19600.0,1.0,0.02,4.9,Yes,Referral
P1092,C-PS-Client-08,PS-Client-08,Public Sector,Market & Social Research,2021-08-09,2022-01-09,2022-01-13,Completed,Medium,7,3,4,170100.0,174500.0,4.0,0.026,4.5,No,Referral
P0032,C-A-Client-02,A-Client-02,Agriculture,Data Visualization & Analytics,2021-08-11,2021-10-11,2021-10-13,Completed,Low,2,1,1,11100.0,11400.0,2.0,0.028,5.0,No,Referral
P0888,C-FAI-Client-09,FAI-Client-09,Finance and Insurance,Data Visualization & Analytics,2021-08-15,2022-01-15,2022-01-15,Completed,Medium,4,1,3,119600.0,119600.0,0.0,0.0,3.5,Yes,Competitive Tender
P0889,C-FAI-Client-01,FAI-Client-01,Finance and Insurance,Data Visualization & Analytics,2021-08-16,2021-11-16,2021-11-19,Completed,Medium,5,2,3,102500.0,106700.0,3.0,0.041,4.1,No,Repeat Client
P1424,C-TAI-Client-02,TAI-Client-02,Technology and Innovation,Data Visualization & Analytics,2021-08-16,2021-10-16,2021-10-17,Completed,Medium,5,2,3,46600.0,47400.0,1.0,0.017,3.7,Yes,Repeat Client
P1234,C-CEAT-Client-09,CEAT-Client-09,Creative Economy and Tourism,Stakeholder Engagement,2021-08-17,2021-12-17,2021-12-20,Completed,High,12,5,7,244000.0,251100.0,3.0,0.029,4.6,Yes,Repeat Client
P0649,C-E-Client-05,E-Client-05,Energy,Stakeholder Engagement,2021-08-19,2022-02-19,2022-05-01,Completed,High,15,7,8,627600.0,791400.0,71.0,0.261,2.8,No,Repeat Client
P0034,C-A-Client-08,A-Client-08,Agriculture,Strategic Planning,2021-08-19,2021-09-19,2021-09-20,Completed,Low,2,1,1,7400.0,7600.0,1.0,0.022,4.5,No,Repeat Client
P0648,C-E-Client-04,E-Client-04,Energy,Strategic Planning,2021-08-20,2021-11-20,2022-01-30,Completed,Medium,5,1,4,84700.0,112500.0,71.0,0.328,3.1,No,Competitive Tender
P0886,C-FAI-Client-01,FAI-Client-01,Finance and Insurance,Digital Transformation,2021-08-20,2021-09-20,2021-10-12,Completed,Low,4,1,3,21100.0,27600.0,22.0,0.307,3.2,No,Repeat Client
P0885,C-FAI-Client-05,FAI-Client-05,Finance and Insurance,Stakeholder Engagement,2021-08-21,2021-09-21,,Cancelled,Low,3,1,2,15400.0,17300.0,,,,N/A,Referral
P1233,C-CEAT-Client-01,CEAT-Client-01,Creative Economy and Tourism,Data Visualization & Analytics,2021-08-25,2022-05-25,2022-09-18,Completed,High,13,3,10,467700.0,597300.0,116.0,0.277,2.2,No,Repeat Client
P0033,C-A-Client-01,A-Client-01,Agriculture,Market & Social Research,2021-08-27,2021-10-27,2021-11-06,Completed,Low,2,1,1,15100.0,16400.0,10.0,0.088,3.3,No,Repeat Client
P0646,C-E-Client-02,E-Client-02,Energy,Market & Social Research,2021-08-28,2021-09-28,2021-09-28,Completed,Low,3,1,2,14300.0,14300.0,0.0,0.0,3.5,Yes,Direct Outreach
P1235,C-CEAT-Client-04,CEAT-Client-04,Creative Economy and Tourism,Market & Social Research,2021-09-05,2022-03-05,2022-03-06,Completed,High,15,4,11,401300.0,403700.0,1.0,0.006,4.0,No,Repeat Client
P0036,C-A-Client-07,A-Client-07,Agriculture,Market & Social Research,2021-09-06,2022-01-06,2022-01-08,Completed,Medium,8,3,5,141200.0,143900.0,2.0,0.019,4.1,Yes,Repeat Client
P0252,C-CACM-Client-05,CACM-Client-05,Climate and Carbon Markets,Digital Transformation,2021-09-08,2021-11-08,2021-11-08,Completed,Medium,7,3,4,70100.0,70100.0,0.0,0.0,4.4,No,Referral
P0254,C-CACM-Client-02,CACM-Client-02,Climate and Carbon Markets,Market & Social Research,2021-09-10,2022-02-10,2022-02-11,Completed,Medium,4,1,3,97600.0,98300.0,1.0,0.007,4.6,No,Repeat Client
P0890,C-FAI-Client-09,FAI-Client-09,Finance and Insurance,Data Visualization & Analytics,2021-09-14,2022-06-14,2022-09-07,Completed,High,8,2,6,668100.0,850500.0,85.0,0.273,2.3,No,Repeat Client
P0253,C-CACM-Client-01,CACM-Client-01,Climate and Carbon Markets,Strategic Planning,2021-09-14,2021-10-14,2021-10-17,Completed,Low,2,1,1,10300.0,11000.0,3.0,0.065,4.1,No,Repeat Client
P0255,C-CACM-Client-08,CACM-Client-08,Climate and Carbon Markets,Data Visualization & Analytics,2021-09-18,2021-10-18,2021-10-18,Completed,Low,3,1,2,12100.0,12100.0,0.0,0.0,4.1,No,Competitive Tender
P0650,C-E-Client-05,E-Client-05,Energy,Data Visualization & Analytics,2021-09-18,2021-10-18,2021-11-23,Completed,Low,3,1,2,14100.0,20100.0,36.0,0.428,3.0,No,Repeat Client
P0651,C-E-Client-02,E-Client-02,Energy,Market & Social Research,2021-09-19,2022-03-19,2022-03-20,Completed,High,15,7,8,693400.0,696200.0,1.0,0.004,4.1,No,Repeat Client
P0891,C-FAI-Client-03,FAI-Client-03,Finance and Insurance,Political Risk Management,2021-09-20,2021-12-20,2021-12-20,Completed,Low,4,1,3,63000.0,63000.0,0.0,0.0,4.5,Yes,Repeat Client
P0035,C-A-Client-08,A-Client-08,Agriculture,Stakeholder Engagement,2021-09-25,2021-12-25,2021-12-28,Completed,Medium,5,2,3,71100.0,73000.0,3.0,0.027,4.3,No,Repeat Client
P1093,C-PS-Client-08,PS-Client-08,Public Sector,Stakeholder Engagement,2021-09-25,2022-03-25,2022-05-31,Completed,High,14,4,10,460200.0,546700.0,67.0,0.188,2.9,No,Competitive Tender
P0892,C-FAI-Client-02,FAI-Client-02,Finance and Insurance,Data Visualization & Analytics,2021-09-27,2022-01-27,2022-01-27,Completed,High,15,6,9,521500.0,521500.0,0.0,0.0,4.3,No,Referral
P1426,C-TAI-Client-02,TAI-Client-02,Technology and Innovation,Stakeholder Engagement,2021-09-28,2021-11-28,2021-12-02,Completed,Low,2,1,1,19600.0,21100.0,4.0,0.077,4.3,Yes,Direct Outreach
P1236,C-CEAT-Client-08,CEAT-Client-08,Creative Economy and Tourism,Stakeholder Engagement,2021-10-02,2022-07-02,2022-09-18,Completed,High,13,6,7,469800.0,594300.0,78.0,0.265,2.9,No,Competitive Tender
P1095,C-PS-Client-04,PS-Client-04,Public Sector,Digital Transformation,2021-10-03,2021-12-03,2021-12-05,Completed,Low,4,2,2,27600.0,28600.0,2.0,0.037,3.8,No,Direct Outreach
P0893,C-FAI-Client-04,FAI-Client-04,Finance and Insurance,Stakeholder Engagement,2021-10-04,2021-12-04,2021-12-08,Completed,Medium,7,3,4,90800.0,96200.0,4.0,0.059,3.8,Yes,Repeat Client
P0653,C-E-Client-04,E-Client-04,Energy,Market & Social Research,2021-10-05,2022-01-05,2022-01-06,Completed,Low,2,1,1,27100.0,27400.0,1.0,0.012,4.6,No,Direct Outreach
P1427,C-TAI-Client-03,TAI-Client-03,Technology and Innovation,Digital Transformation,2021-10-06,2022-01-06,2022-01-10,Completed,Low,4,1,3,52300.0,53900.0,4.0,0.031,4.0,No,Competitive Tender
P1428,C-TAI-Client-05,TAI-Client-05,Technology and Innovation,Digital Transformation,2021-10-15,2022-02-15,2022-02-16,Completed,Medium,5,2,3,119100.0,119800.0,1.0,0.006,4.2,Yes,Competitive Tender
P1097,C-PS-Client-04,PS-Client-04,Public Sector,Data Visualization & Analytics,2021-10-17,2021-12-17,2021-12-21,Completed,Medium,6,1,5,48100.0,51300.0,4.0,0.067,3.9,No,Repeat Client
P0037,C-A-Client-04,A-Client-04,Agriculture,Digital Transformation,2021-10-18,2022-01-18,2022-01-20,Completed,Low,4,2,2,46000.0,46800.0,2.0,0.018,4.5,No,Referral
P0256,C-CACM-Client-03,CACM-Client-03,Climate and Carbon Markets,Political Risk Management,2021-10-22,2022-03-22,2022-03-26,Completed,Medium,8,2,6,225900.0,231800.0,4.0,0.026,3.9,No,Competitive Tender
P1096,C-PS-Client-07,PS-Client-07,Public Sector,Data Visualization & Analytics,2021-10-23,2021-11-23,2021-11-27,Completed,Low,3,1,2,10900.0,12100.0,4.0,0.114,3.5,No,Competitive Tender
P0654,C-E-Client-07,E-Client-07,Energy,Political Risk Management,2021-10-23,2022-02-23,,Cancelled,Medium,5,1,4,129100.0,158800.0,,,,N/A,Competitive Tender
P0652,C-E-Client-05,E-Client-05,Energy,Digital Transformation,2021-10-25,2021-12-25,2021-12-28,Completed,Low,2,1,1,21500.0,22600.0,3.0,0.052,3.7,Yes,Repeat Client
P1094,C-PS-Client-02,PS-Client-02,Public Sector,Data Visualization & Analytics,2021-10-28,2021-11-28,2021-12-11,Completed,Low,3,1,2,12800.0,15800.0,13.0,0.232,3.2,No,Direct Outreach
P0258,C-CACM-Client-04,CACM-Client-04,Climate and Carbon Markets,Political Risk Management,2021-11-02,2022-02-02,2022-02-04,Completed,Low,3,1,2,44400.0,45500.0,2.0,0.025,4.5,No,Repeat Client
P1098,C-PS-Client-02,PS-Client-02,Public Sector,Stakeholder Engagement,2021-11-03,2022-04-03,2022-04-03,Completed,Medium,6,2,4,148800.0,148800.0,0.0,0.0,4.6,No,Competitive Tender
P0655,C-E-Client-07,E-Client-07,Energy,Political Risk Management,2021-11-05,2022-07-05,2022-07-09,Completed,High,11,3,8,691400.0,702500.0,4.0,0.016,4.0,No,Referral
P1099,C-PS-Client-06,PS-Client-06,Public Sector,Market & Social Research,2021-11-06,2022-01-06,2022-01-10,Completed,Low,3,1,2,18500.0,19500.0,4.0,0.055,4.5,No,Referral
P1102,C-PS-Client-04,PS-Client-04,Public Sector,Stakeholder Engagement,2021-11-07,2022-02-07,2022-02-10,Completed,Medium,5,2,3,62900.0,64300.0,3.0,0.022,4.8,No,Repeat Client
P1429,C-TAI-Client-01,TAI-Client-01,Technology and Innovation,Data Visualization & Analytics,2021-11-08,2022-01-08,2022-01-08,Completed,Low,2,1,1,18400.0,18400.0,0.0,0.0,4.1,No,Referral
P0038,C-A-Client-08,A-Client-08,Agriculture,Stakeholder Engagement,2021-11-10,2022-04-10,2022-04-11,Completed,Medium,6,1,5,123800.0,124400.0,1.0,0.005,4.5,Yes,Repeat Client
P0040,C-A-Client-04,A-Client-04,Agriculture,Stakeholder Engagement,2021-11-11,2021-12-11,2021-12-12,Completed,Low,4,2,2,15300.0,15600.0,1.0,0.021,3.5,No,Direct Outreach
P0656,C-E-Client-07,E-Client-07,Energy,Stakeholder Engagement,2021-11-15,2022-01-15,2022-03-18,Completed,Medium,4,1,3,44100.0,64900.0,62.0,0.472,2.2,No,Competitive Tender
P0039,C-A-Client-04,A-Client-04,Agriculture,Strategic Planning,2021-11-15,2021-12-15,2021-12-15,Completed,Low,2,1,1,5700.0,5700.0,0.0,0.0,4.8,Yes,Competitive Tender
P1100,C-PS-Client-04,PS-Client-04,Public Sector,Political Risk Management,2021-11-19,2022-05-19,,Cancelled,High,9,3,6,312700.0,351800.0,,,,N/A,Competitive Tender
P0257,C-CACM-Client-07,CACM-Client-07,Climate and Carbon Markets,Data Visualization & Analytics,2021-11-21,2021-12-21,2021-12-21,Completed,Low,3,1,2,12400.0,12400.0,0.0,0.0,4.6,No,Competitive Tender
P1101,C-PS-Client-04,PS-Client-04,Public Sector,Data Visualization & Analytics,2021-11-24,2022-02-24,2022-02-25,Completed,Medium,5,1,4,61700.0,62400.0,1.0,0.012,4.4,Yes,Repeat Client
P0657,C-E-Client-08,E-Client-08,Energy,Political Risk Management,2021-11-24,2022-03-24,2022-03-24,Completed,Medium,6,2,4,164400.0,164400.0,0.0,0.0,4.4,No,Competitive Tender
P1105,C-PS-Client-06,PS-Client-06,Public Sector,Political Risk Management,2021-12-02,2022-02-02,2022-02-02,Completed,Low,3,1,2,20200.0,20200.0,0.0,0.0,4.5,Yes,Referral
P0042,C-A-Client-02,A-Client-02,Agriculture,Stakeholder Engagement,2021-12-03,2022-01-03,2022-02-24,Completed,Low,3,1,2,9000.0,12600.0,52.0,0.4,2.8,Yes,Direct Outreach
P1430,C-TAI-Client-08,TAI-Client-08,Technology and Innovation,Political Risk Management,2021-12-03,2022-05-03,2022-05-06,Completed,High,9,3,6,269300.0,274400.0,3.0,0.019,3.9,Yes,Competitive Tender
P0894,C-FAI-Client-04,FAI-Client-04,Finance and Insurance,Data Visualization & Analytics,2021-12-07,2022-02-07,2022-02-11,Completed,Low,4,1,3,45000.0,48300.0,4.0,0.073,4.0,No,Repeat Client
P0261,C-CACM-Client-02,CACM-Client-02,Climate and Carbon Markets,Digital Transformation,2021-12-07,2022-01-07,2022-01-09,Completed,Low,3,1,2,15700.0,16300.0,2.0,0.04,4.3,Yes,Repeat Client
P0262,C-CACM-Client-01,CACM-Client-01,Climate and Carbon Markets,Strategic Planning,2021-12-07,2022-03-07,2022-03-11,Completed,Low,4,1,3,52300.0,54000.0,4.0,0.032,4.4,Yes,Repeat Client
P0660,C-E-Client-08,E-Client-08,Energy,Data Visualization & Analytics,2021-12-07,2022-02-07,2022-02-07,Completed,Low,2,1,1,18900.0,18900.0,0.0,0.0,4.2,Yes,Competitive Tender
P0041,C-A-Client-01,A-Client-01,Agriculture,Market & Social Research,2021-12-08,2022-02-08,2022-02-11,Completed,Medium,4,1,3,28200.0,29600.0,3.0,0.048,4.7,Yes,Repeat Client
P0897,C-FAI-Client-02,FAI-Client-02,Finance and Insurance,Strategic Planning,2021-12-08,2022-01-08,2022-01-08,Completed,Low,2,1,1,11800.0,11800.0,0.0,0.0,4.4,No,Repeat Client
P1238,C-CEAT-Client-03,CEAT-Client-03,Creative Economy and Tourism,Data Visualization & Analytics,2021-12-10,2022-05-10,2022-07-06,Completed,Medium,5,2,3,82000.0,99500.0,57.0,0.214,2.9,Yes,Repeat Client
P0661,C-E-Client-09,E-Client-09,Energy,Stakeholder Engagement,2021-12-11,2022-04-11,2022-04-14,Completed,Medium,6,2,4,167900.0,171800.0,3.0,0.023,4.2,No,Direct Outreach
P0658,C-E-Client-02,E-Client-02,Energy,Digital Transformation,2021-12-11,2022-03-11,2022-03-11,Completed,Low,2,1,1,35700.0,35700.0,0.0,0.0,4.5,Yes,Repeat Client
P1103,C-PS-Client-02,PS-Client-02,Public Sector,Strategic Planning,2021-12-12,2022-05-12,2022-05-16,Completed,High,8,3,5,199000.0,205200.0,4.0,0.031,3.9,Yes,Direct Outreach
P0260,C-CACM-Client-07,CACM-Client-07,Climate and Carbon Markets,Data Visualization & Analytics,2021-12-12,2022-04-12,2022-06-16,Completed,Medium,4,1,3,103800.0,145300.0,65.0,0.4,1.9,No,Competitive Tender
P0659,C-E-Client-09,E-Client-09,Energy,Political Risk Management,2021-12-15,2022-04-15,2022-04-16,Completed,Medium,4,1,3,90200.0,90800.0,1.0,0.007,4.4,Yes,Competitive Tender
P0259,C-CACM-Client-02,CACM-Client-02,Climate and Carbon Markets,Digital Transformation,2021-12-15,2022-01-15,2022-01-16,Completed,Low,3,1,2,12800.0,13100.0,1.0,0.021,4.1,No,Repeat Client
P0896,C-FAI-Client-08,FAI-Client-08,Finance and Insurance,Data Visualization & Analytics,2021-12-18,2022-02-18,2022-03-27,Completed,Low,2,1,1,24200.0,34800.0,37.0,0.436,2.8,No,Repeat Client
P1237,C-CEAT-Client-04,CEAT-Client-04,Creative Economy and Tourism,Political Risk Management,2021-12-19,2022-03-19,2022-04-11,Completed,Low,2,1,1,16400.0,20200.0,23.0,0.229,3.9,No,Direct Outreach
P1433,C-TAI-Client-01,TAI-Client-01,Technology and Innovation,Market & Social Research,2021-12-21,2022-04-21,2022-04-24,Completed,Medium,4,1,3,88500.0,90400.0,3.0,0.022,4.2,No,Repeat Client
P1432,C-TAI-Client-06,TAI-Client-06,Technology and Innovation,Strategic Planning,2021-12-21,2022-03-21,2022-03-25,Completed,Medium,5,2,3,76300.0,78500.0,4.0,0.029,4.3,No,Referral
P1104,C-PS-Client-01,PS-Client-01,Public Sector,Stakeholder Engagement,2021-12-22,2022-09-22,,Cancelled,High,14,6,8,633300.0,635800.0,,,,N/A,Repeat Client
P0895,C-FAI-Client-03,FAI-Client-03,Finance and Insurance,Strategic Planning,2021-12-23,2022-02-23,2022-02-24,Completed,Low,3,1,2,33300.0,33700.0,1.0,0.013,3.5,Yes,Repeat Client
P1431,C-TAI-Client-08,TAI-Client-08,Technology and Innovation,Digital Transformation,2021-12-25,2022-07-25,2022-07-27,Completed,High,10,3,7,472300.0,476100.0,2.0,0.008,4.6,No,Referral
P0899,C-FAI-Client-05,FAI-Client-05,Finance and Insurance,Digital Transformation,2022-01-03,2022-03-03,2022-05-26,Completed,Medium,4,1,3,57200.0,77700.0,84.0,0.358,2.4,No,Repeat Client
P1239,C-CEAT-Client-01,CEAT-Client-01,Creative Economy and Tourism,Stakeholder Engagement,2022-01-03,2022-06-03,2022-06-06,Completed,Medium,8,2,6,158200.0,160600.0,3.0,0.015,4.2,No,Direct Outreach
P0044,C-A-Client-08,A-Client-08,Agriculture,Political Risk Management,2022-01-05,2022-06-05,2022-06-09,Completed,Medium,5,2,3,104400.0,107300.0,4.0,0.028,4.5,No,Repeat Client
P0662,C-E-Client-01,E-Client-01,Energy,Strategic Planning,2022-01-05,2022-06-05,2022-06-09,Completed,Medium,6,2,4,195000.0,198900.0,4.0,0.02,4.9,No,Referral
P0049,C-A-Client-07,A-Client-07,Agriculture,Market & Social Research,2022-01-07,2022-06-07,2022-06-09,Completed,Medium,5,2,3,110900.0,112300.0,2.0,0.013,4.7,Yes,Repeat Client
P0045,C-A-Client-07,A-Client-07,Agriculture,Data Visualization & Analytics,2022-01-07,2022-02-07,2022-02-10,Completed,Low,2,1,1,7400.0,8000.0,3.0,0.081,3.9,No,Direct Outreach
P0264,C-CACM-Client-04,CACM-Client-04,Climate and Carbon Markets,Stakeholder Engagement,2022-01-07,2022-03-07,2022-05-18,Completed,Medium,8,2,6,95200.0,147600.0,72.0,0.55,1.5,No,Referral
P0043,C-A-Client-04,A-Client-04,Agriculture,Stakeholder Engagement,2022-01-08,2022-07-08,2022-07-10,Completed,High,14,3,11,387100.0,391400.0,2.0,0.011,4.3,Yes,Direct Outreach
P1436,C-TAI-Client-07,TAI-Client-07,Technology and Innovation,Strategic Planning,2022-01-09,2022-04-09,2022-04-10,Completed,Medium,8,2,6,144100.0,145700.0,1.0,0.011,4.6,Yes,Direct Outreach
P1107,C-PS-Client-03,PS-Client-03,Public Sector,Strategic Planning,2022-01-09,2022-08-09,2022-08-13,Completed,High,10,2,8,327800.0,334400.0,4.0,0.02,4.5,No,Referral
P1437,C-TAI-Client-06,TAI-Client-06,Technology and Innovation,Stakeholder Engagement,2022-01-10,2022-03-10,2022-03-10,Completed,Low,3,1,2,28900.0,28900.0,0.0,0.0,4.1,Yes,Competitive Tender
P1240,C-CEAT-Client-07,CEAT-Client-07,Creative Economy and Tourism,Stakeholder Engagement,2022-01-13,2022-03-13,2022-03-17,Completed,Low,2,1,1,11600.0,12100.0,4.0,0.042,3.8,No,Referral
P0046,C-A-Client-01,A-Client-01,Agriculture,Digital Transformation,2022-01-14,2022-03-14,2022-03-14,Completed,Low,3,1,2,19100.0,19100.0,0.0,0.0,4.3,Yes,Competitive Tender
P1241,C-CEAT-Client-03,CEAT-Client-03,Creative Economy and Tourism,Political Risk Management,2022-01-14,2022-04-14,2022-04-17,Completed,Low,2,1,1,15400.0,15800.0,3.0,0.027,4.5,Yes,Direct Outreach
P1434,C-TAI-Client-05,TAI-Client-05,Technology and Innovation,Political Risk Management,2022-01-15,2022-03-15,2022-03-18,Completed,Low,3,1,2,24200.0,25100.0,3.0,0.037,3.7,Yes,Competitive Tender
P1242,C-CEAT-Client-07,CEAT-Client-07,Creative Economy and Tourism,Digital Transformation,2022-01-18,2022-06-18,2022-06-20,Completed,High,14,6,8,334400.0,339800.0,2.0,0.016,4.0,Yes,Repeat Client
P1106,C-PS-Client-03,PS-Client-03,Public Sector,Stakeholder Engagement,2022-01-19,2022-03-19,2022-03-20,Completed,Low,3,1,2,24900.0,25200.0,1.0,0.013,4.1,No,Direct Outreach
P0047,C-A-Client-01,A-Client-01,Agriculture,Political Risk Management,2022-01-21,2022-04-21,2022-04-25,Completed,Low,2,1,1,22400.0,23300.0,4.0,0.042,4.6,No,Competitive Tender
P1438,C-TAI-Client-06,TAI-Client-06,Technology and Innovation,Political Risk Management,2022-01-22,2022-03-22,2022-03-26,Completed,Medium,4,1,3,37100.0,39600.0,4.0,0.068,3.4,Yes,Repeat Client
P0048,C-A-Client-04,A-Client-04,Agriculture,Market & Social Research,2022-01-24,2022-07-24,2022-07-27,Completed,High,8,2,6,235100.0,237900.0,3.0,0.012,3.7,Yes,Repeat Client
P1435,C-TAI-Client-07,TAI-Client-07,Technology and Innovation,Political Risk Management,2022-01-24,2022-04-24,2022-04-24,Completed,Medium,7,2,5,121200.0,121200.0,0.0,0.0,4.0,No,Competitive Tender
P0263,C-CACM-Client-03,CACM-Client-03,Climate and Carbon Markets,Stakeholder Engagement,2022-01-26,2022-07-26,2022-07-30,Completed,High,10,3,7,412700.0,423000.0,4.0,0.025,4.4,No,Direct Outreach
P0898,C-FAI-Client-08,FAI-Client-08,Finance and Insurance,Market & Social Research,2022-01-27,2022-04-27,2022-05-01,Completed,Low,4,2,2,63800.0,65500.0,4.0,0.027,4.2,Yes,Repeat Client
P0266,C-CACM-Client-03,CACM-Client-03,Climate and Carbon Markets,Stakeholder Engagement,2022-02-01,2022-06-01,2022-07-08,Completed,Medium,5,2,3,108200.0,129500.0,37.0,0.197,3.5,No,Competitive Tender
P1110,C-PS-Client-01,PS-Client-01,Public Sector,Strategic Planning,2022-02-04,2022-07-04,2022-07-28,Completed,Medium,6,1,5,130300.0,150900.0,24.0,0.158,3.5,No,Referral
P0663,C-E-Client-01,E-Client-01,Energy,Strategic Planning,2022-02-04,2022-11-04,2023-01-11,Completed,High,14,4,10,1052900.0,1309800.0,68.0,0.244,3.1,No,Repeat Client
P0265,C-CACM-Client-03,CACM-Client-03,Climate and Carbon Markets,Stakeholder Engagement,2022-02-07,2022-05-07,2022-05-10,Completed,Medium,6,2,4,121100.0,124700.0,3.0,0.03,4.5,No,Competitive Tender
P1244,C-CEAT-Client-07,CEAT-Client-07,Creative Economy and Tourism,Data Visualization & Analytics,2022-02-08,2022-03-08,2022-03-12,Completed,Low,3,1,2,9900.0,10600.0,4.0,0.075,4.3,No,Repeat Client
P0900,C-FAI-Client-05,FAI-Client-05,Finance and Insurance,Political Risk Management,2022-02-08,2022-04-08,2022-04-09,Completed,Low,3,1,2,36400.0,36900.0,1.0,0.013,4.1,Yes,Repeat Client
P0050,C-A-Client-02,A-Client-02,Agriculture,Political Risk Management,2022-02-09,2022-07-09,2022-07-20,Completed,Medium,5,2,3,108500.0,114800.0,11.0,0.058,3.6,No,Repeat Client
P1246,C-CEAT-Client-06,CEAT-Client-06,Creative Economy and Tourism,Data Visualization & Analytics,2022-02-12,2022-04-12,2022-05-05,Completed,Low,2,1,1,10200.0,13100.0,23.0,0.283,2.8,No,Repeat Client
P1109,C-PS-Client-03,PS-Client-03,Public Sector,Political Risk Management,2022-02-17,2022-04-17,,Cancelled,Low,3,1,2,21700.0,21900.0,,,,N/A,Direct Outreach
P1108,C-PS-Client-09,PS-Client-09,Public Sector,Strategic Planning,2022-02-17,2022-07-17,2022-07-17,Completed,Medium,7,3,4,136300.0,136300.0,0.0,0.0,4.3,No,Repeat Client
P1243,C-CEAT-Client-09,CEAT-Client-09,Creative Economy and Tourism,Market & Social Research,2022-02-19,2022-03-19,2022-03-20,Completed,Low,4,1,3,10100.0,10400.0,1.0,0.026,3.7,Yes,Direct Outreach
P1439,C-TAI-Client-06,TAI-Client-06,Technology and Innovation,Data Visualization & Analytics,2022-02-20,2022-05-20,2022-05-22,Completed,Low,3,1,2,38700.0,39200.0,2.0,0.014,4.2,Yes,Repeat Client
P1245,C-CEAT-Client-07,CEAT-Client-07,Creative Economy and Tourism,Political Risk Management,2022-02-22,2022-04-22,2022-04-26,Completed,Medium,4,2,2,24900.0,26100.0,4.0,0.047,3.8,No,Repeat Client
P0664,C-E-Client-08,E-Client-08,Energy,Strategic Planning,2022-02-28,2022-05-28,2022-08-17,Completed,Medium,7,2,5,115400.0,183000.0,81.0,0.586,2.6,No,Competitive Tender
P0268,C-CACM-Client-06,CACM-Client-06,Climate and Carbon Markets,Strategic Planning,2022-03-01,2022-05-01,2022-05-01,Completed,Low,2,1,1,21300.0,21300.0,0.0,0.0,4.2,No,Repeat Client
P1249,C-CEAT-Client-06,CEAT-Client-06,Creative Economy and Tourism,Market & Social Research,2022-03-02,2022-04-02,2022-04-04,Completed,Low,2,1,1,5700.0,6000.0,2.0,0.055,4.1,No,Direct Outreach
P0054,C-A-Client-01,A-Client-01,Agriculture,Political Risk Management,2022-03-02,2022-04-02,2022-05-16,Completed,Low,3,1,2,10000.0,16000.0,44.0,0.6,2.2,No,Referral
P0901,C-FAI-Client-01,FAI-Client-01,Finance and Insurance,Data Visualization & Analytics,2022-03-02,2022-05-02,2022-05-02,Completed,Medium,5,2,3,69000.0,69000.0,0.0,0.0,4.6,Yes,Repeat Client
P0269,C-CACM-Client-03,CACM-Client-03,Climate and Carbon Markets,Digital Transformation,2022-03-06,2022-07-06,2022-08-09,Completed,Medium,4,1,3,82000.0,96500.0,34.0,0.177,3.6,No,Competitive Tender
P0057,C-A-Client-01,A-Client-01,Agriculture,Stakeholder Engagement,2022-03-07,2022-05-07,2022-05-07,Completed,Low,2,1,1,12500.0,12500.0,0.0,0.0,4.4,No,Repeat Client
P0267,C-CACM-Client-01,CACM-Client-01,Climate and Carbon Markets,Market & Social Research,2022-03-09,2022-06-09,2022-06-09,Completed,Medium,4,2,2,67600.0,67600.0,0.0,0.0,4.6,Yes,Repeat Client
P1440,C-TAI-Client-07,TAI-Client-07,Technology and Innovation,Political Risk Management,2022-03-09,2022-07-09,2022-07-11,Completed,High,11,2,9,318000.0,321500.0,2.0,0.011,4.2,No,Repeat Client
P0055,C-A-Client-07,A-Client-07,Agriculture,Digital Transformation,2022-03-09,2022-08-09,2022-08-12,Completed,Medium,6,2,4,109700.0,111600.0,3.0,0.017,4.1,No,Repeat Client
P0902,C-FAI-Client-02,FAI-Client-02,Finance and Insurance,Strategic Planning,2022-03-12,2022-07-12,2022-07-16,Completed,Medium,7,2,5,167400.0,170900.0,4.0,0.021,4.4,Yes,Repeat Client
P1112,C-PS-Client-03,PS-Client-03,Public Sector,Stakeholder Engagement,2022-03-12,2022-06-12,2022-06-12,Completed,Low,3,1,2,37200.0,37200.0,0.0,0.0,4.2,No,Repeat Client
P1248,C-CEAT-Client-03,CEAT-Client-03,Creative Economy and Tourism,Political Risk Management,2022-03-12,2022-06-12,,Cancelled,Low,3,1,2,29000.0,36500.0,,,,N/A,Repeat Client
P0665,C-E-Client-05,E-Client-05,Energy,Market & Social Research,2022-03-14,2022-06-14,2022-06-17,Completed,Medium,5,1,4,84500.0,86300.0,3.0,0.021,4.3,Yes,Repeat Client
P0270,C-CACM-Client-08,CACM-Client-08,Climate and Carbon Markets,Political Risk Management,2022-03-14,2022-05-14,2022-05-18,Completed,Medium,4,1,3,48900.0,50800.0,4.0,0.038,4.2,Yes,Referral
P0053,C-A-Client-04,A-Client-04,Agriculture,Political Risk Management,2022-03-14,2022-05-14,2022-05-14,Completed,Low,3,1,2,16800.0,16800.0,0.0,0.0,4.6,Yes,Repeat Client
P0052,C-A-Client-04,A-Client-04,Agriculture,Market & Social Research,2022-03-18,2022-04-18,2022-05-24,Completed,Low,2,1,1,5800.0,8100.0,36.0,0.397,2.9,No,Repeat Client
P1247,C-CEAT-Client-05,CEAT-Client-05,Creative Economy and Tourism,Market & Social Research,2022-03-20,2022-12-20,2023-02-25,Completed,High,7,3,4,282600.0,354400.0,67.0,0.254,2.2,No,Competitive Tender
P0904,C-FAI-Client-06,FAI-Client-06,Finance and Insurance,Political Risk Management,2022-03-21,2022-06-21,2022-06-22,Completed,Medium,6,2,4,136200.0,137800.0,1.0,0.012,4.1,No,Repeat Client
P1111,C-PS-Client-02,PS-Client-02,Public Sector,Data Visualization & Analytics,2022-03-22,2022-04-22,2022-04-26,Completed,Low,3,1,2,11200.0,12400.0,4.0,0.108,4.2,No,Direct Outreach
P0056,C-A-Client-08,A-Client-08,Agriculture,Market & Social Research,2022-03-24,2022-06-24,2022-06-26,Completed,Low,4,1,3,42800.0,43400.0,2.0,0.015,3.7,Yes,Competitive Tender
P1250,C-CEAT-Client-02,CEAT-Client-02,Creative Economy and Tourism,Digital Transformation,2022-03-25,2022-06-25,2022-06-27,Completed,Low,2,1,1,17000.0,17400.0,2.0,0.022,3.7,No,Referral
P0051,C-A-Client-01,A-Client-01,Agriculture,Digital Transformation,2022-03-26,2022-11-26,2022-11-28,Completed,High,8,3,5,292500.0,294500.0,2.0,0.007,3.5,Yes,Repeat Client
P0666,C-E-Client-06,E-Client-06,Energy,Data Visualization & Analytics,2022-03-28,2022-07-28,2022-10-07,Completed,Medium,4,2,2,103000.0,137600.0,71.0,0.336,3.0,No,Competitive Tender
P0903,C-FAI-Client-03,FAI-Client-03,Finance and Insurance,Digital Transformation,2022-03-28,2022-05-28,2022-05-30,Completed,Medium,4,1,3,50700.0,52000.0,2.0,0.026,4.6,No,Competitive Tender
P1252,C-CEAT-Client-05,CEAT-Client-05,Creative Economy and Tourism,Political Risk Management,2022-04-01,2022-10-01,2022-12-28,Completed,High,8,4,4,189400.0,255500.0,88.0,0.349,1.5,No,Repeat Client
P1444,C-TAI-Client-07,TAI-Client-07,Technology and Innovation,Strategic Planning,2022-04-01,2022-05-01,2022-05-02,Completed,Low,2,1,1,9300.0,9600.0,1.0,0.028,4.3,No,Referral
P1251,C-CEAT-Client-03,CEAT-Client-03,Creative Economy and Tourism,Data Visualization & Analytics,2022-04-02,2022-07-02,2022-07-06,Completed,Medium,8,2,6,72800.0,75900.0,4.0,0.043,4.1,Yes,Repeat Client
P0667,C-E-Client-01,E-Client-01,Energy,Political Risk Management,2022-04-03,2022-10-03,2022-10-07,Completed,High,9,4,5,365200.0,370300.0,4.0,0.014,4.8,No,Repeat Client
P0061,C-A-Client-07,A-Client-07,Agriculture,Strategic Planning,2022-04-03,2023-01-03,2023-01-03,Completed,High,10,4,6,459300.0,459300.0,0.0,0.0,4.1,No,Repeat Client
P1115,C-PS-Client-06,PS-Client-06,Public Sector,Data Visualization & Analytics,2022-04-07,2022-06-07,2022-06-08,Completed,Low,4,2,2,32600.0,33200.0,1.0,0.017,4.1,No,Repeat Client
P1113,C-PS-Client-08,PS-Client-08,Public Sector,Stakeholder Engagement,2022-04-09,2022-07-09,2022-07-10,Completed,Medium,6,2,4,79700.0,80700.0,1.0,0.012,4.0,No,Repeat Client
P1114,C-PS-Client-08,PS-Client-08,Public Sector,Political Risk Management,2022-04-11,2022-08-11,2022-10-09,Completed,Medium,5,1,4,101000.0,129300.0,59.0,0.28,3.5,Yes,Referral
P0907,C-FAI-Client-07,FAI-Client-07,Finance and Insurance,Digital Transformation,2022-04-13,2022-11-13,2022-12-12,Completed,High,11,5,6,574800.0,653000.0,29.0,0.136,3.9,No,Repeat Client
P1253,C-CEAT-Client-04,CEAT-Client-04,Creative Economy and Tourism,Digital Transformation,2022-04-16,2022-06-16,2022-06-19,Completed,Medium,6,2,4,46100.0,48300.0,3.0,0.047,4.7,No,Repeat Client
P0060,C-A-Client-02,A-Client-02,Agriculture,Stakeholder Engagement,2022-04-17,2022-06-17,2022-06-21,Completed,Medium,5,2,3,47300.0,50800.0,4.0,0.075,3.8,No,Repeat Client
P1445,C-TAI-Client-06,TAI-Client-06,Technology and Innovation,Market & Social Research,2022-04-17,2022-06-17,2022-06-17,Completed,Medium,7,3,4,79500.0,79500.0,0.0,0.0,4.2,Yes,Repeat Client
P0272,C-CACM-Client-01,CACM-Client-01,Climate and Carbon Markets,Digital Transformation,2022-04-17,2022-05-17,2022-05-17,Completed,Low,4,2,2,20100.0,20100.0,0.0,0.0,4.2,Yes,Referral
P0059,C-A-Client-03,A-Client-03,Agriculture,Strategic Planning,2022-04-19,2022-06-19,2022-06-20,Completed,Low,4,1,3,24300.0,24600.0,1.0,0.012,4.3,Yes,Repeat Client
P0905,C-FAI-Client-02,FAI-Client-02,Finance and Insurance,Data Visualization & Analytics,2022-04-20,2022-06-20,2022-06-20,Completed,Low,4,1,3,43500.0,43500.0,0.0,0.0,4.3,No,Repeat Client
P1442,C-TAI-Client-06,TAI-Client-06,Technology and Innovation,Digital Transformation,2022-04-22,2022-07-22,2022-08-04,Completed,Medium,8,3,5,136100.0,151900.0,13.0,0.116,3.5,No,Repeat Client
P1443,C-TAI-Client-01,TAI-Client-01,Technology and Innovation,Digital Transformation,2022-04-23,2022-09-23,2022-10-18,Completed,High,12,5,7,366800.0,409000.0,25.0,0.115,3.2,Yes,Repeat Client
P1446,C-TAI-Client-04,TAI-Client-04,Technology and Innovation,Strategic Planning,2022-04-24,2022-08-24,2022-08-28,Completed,Medium,6,2,4,118800.0,123200.0,4.0,0.037,4.4,Yes,Repeat Client
P0058,C-A-Client-01,A-Client-01,Agriculture,Strategic Planning,2022-04-24,2022-06-24,2022-06-27,Completed,Medium,6,2,4,42500.0,44500.0,3.0,0.048,4.2,Yes,Repeat Client
P0271,C-CACM-Client-02,CACM-Client-02,Climate and Carbon Markets,Political Risk Management,2022-04-25,2022-08-25,2022-08-27,Completed,Medium,8,3,5,160000.0,162900.0,2.0,0.018,4.0,Yes,Competitive Tender
P1441,C-TAI-Client-04,TAI-Client-04,Technology and Innovation,Digital Transformation,2022-04-25,2022-07-25,2022-07-27,Completed,Low,4,1,3,57700.0,59100.0,2.0,0.024,4.0,No,Repeat Client
P0273,C-CACM-Client-01,CACM-Client-01,Climate and Carbon Markets,Strategic Planning,2022-04-26,2022-08-26,2022-11-21,Completed,Medium,7,3,4,139900.0,179900.0,87.0,0.286,2.4,No,Repeat Client
P0906,C-FAI-Client-02,FAI-Client-02,Finance and Insurance,Political Risk Management,2022-04-27,2022-06-27,2022-06-29,Completed,Low,2,1,1,19600.0,20300.0,2.0,0.035,3.6,Yes,Referral
P0908,C-FAI-Client-03,FAI-Client-03,Finance and Insurance,Strategic Planning,2022-04-28,2022-09-28,2022-10-10,Completed,Medium,7,1,6,221600.0,241300.0,12.0,0.089,4.2,Yes,Referral
P1447,C-TAI-Client-01,TAI-Client-01,Technology and Innovation,Stakeholder Engagement,2022-05-01,2022-08-01,2022-08-03,Completed,Low,2,1,1,24500.0,24900.0,2.0,0.015,4.1,No,Referral
P0063,C-A-Client-06,A-Client-06,Agriculture,Data Visualization & Analytics,2022-05-03,2022-10-03,2022-10-07,Completed,Medium,8,3,5,160800.0,165800.0,4.0,0.031,4.4,Yes,Repeat Client
P0909,C-FAI-Client-03,FAI-Client-03,Finance and Insurance,Strategic Planning,2022-05-05,2023-02-05,2023-02-06,Completed,High,7,2,5,452800.0,454200.0,1.0,0.003,4.5,Yes,Repeat Client
P0064,C-A-Client-05,A-Client-05,Agriculture,Political Risk Management,2022-05-07,2022-09-07,2022-09-09,Completed,Medium,5,2,3,72300.0,73700.0,2.0,0.019,4.0,Yes,Repeat Client
P0910,C-FAI-Client-08,FAI-Client-08,Finance and Insurance,Market & Social Research,2022-05-14,2023-01-14,2023-01-17,Completed,High,14,7,7,1052000.0,1068800.0,3.0,0.016,4.3,No,Repeat Client
P0274,C-CACM-Client-02,CACM-Client-02,Climate and Carbon Markets,Political Risk Management,2022-05-16,2022-07-16,2022-07-20,Completed,Low,3,1,2,26500.0,28200.0,4.0,0.064,3.9,No,Repeat Client
P1254,C-CEAT-Client-09,CEAT-Client-09,Creative Economy and Tourism,Stakeholder Engagement,2022-05-18,2022-08-18,2022-08-19,Completed,Medium,5,2,3,62800.0,63200.0,1.0,0.007,4.5,Yes,Repeat Client
P0062,C-A-Client-01,A-Client-01,Agriculture,Stakeholder Engagement,2022-05-19,2022-08-19,2022-09-24,Completed,Medium,8,2,6,96800.0,116000.0,36.0,0.198,3.2,No,Repeat Client
P1117,C-PS-Client-04,PS-Client-04,Public Sector,Strategic Planning,2022-05-19,2022-06-19,2022-07-21,Completed,Low,4,2,2,14300.0,18800.0,32.0,0.318,2.4,No,Competitive Tender
P0277,C-CACM-Client-05,CACM-Client-05,Climate and Carbon Markets,Political Risk Management,2022-05-20,2022-09-20,2022-11-15,Completed,Medium,7,3,4,174300.0,217400.0,56.0,0.247,3.1,No,Repeat Client
P0276,C-CACM-Client-03,CACM-Client-03,Climate and Carbon Markets,Data Visualization & Analytics,2022-05-20,2022-06-20,2022-06-20,Completed,Low,2,1,1,9900.0,9900.0,0.0,0.0,4.5,Yes,Competitive Tender
P0911,C-FAI-Client-01,FAI-Client-01,Finance and Insurance,Digital Transformation,2022-05-20,2022-07-20,2022-07-22,Completed,Low,3,1,2,32300.0,33700.0,2.0,0.042,3.6,No,Competitive Tender
P1448,C-TAI-Client-02,TAI-Client-02,Technology and Innovation,Strategic Planning,2022-05-22,2022-10-22,2022-10-25,Completed,High,8,2,6,230600.0,234500.0,3.0,0.017,4.3,Yes,Repeat Client
P1257,C-CEAT-Client-03,CEAT-Client-03,Creative Economy and Tourism,Strategic Planning,2022-05-22,2022-07-22,2022-07-25,Completed,Medium,6,2,4,44400.0,46400.0,3.0,0.045,3.9,No,Direct Outreach
P0275,C-CACM-Client-02,CACM-Client-02,Climate and Carbon Markets,Data Visualization & Analytics,2022-05-23,2022-10-23,2022-10-24,Completed,Medium,4,2,2,107900.0,108700.0,1.0,0.007,4.2,No,Repeat Client
P1256,C-CEAT-Client-07,CEAT-Client-07,Creative Economy and Tourism,Stakeholder Engagement,2022-05-24,2022-08-24,2022-11-17,Completed,Medium,4,1,3,49000.0,77400.0,85.0,0.58,1.7,No,Repeat Client
P1118,C-PS-Client-09,PS-Client-09,Public Sector,Political Risk Management,2022-05-24,2022-09-24,2022-11-23,Completed,Medium,5,1,4,81300.0,108300.0,60.0,0.332,2.2,No,Repeat Client
P1255,C-CEAT-Client-08,CEAT-Client-08,Creative Economy and Tourism,Stakeholder Engagement,2022-05-25,2022-09-25,2022-09-26,Completed,Medium,8,3,5,114300.0,115400.0,1.0,0.01,4.2,No,Competitive Tender
P1449,C-TAI-Client-07,TAI-Client-07,Technology and Innovation,Digital Transformation,2022-05-28,2022-08-28,2022-08-28,Completed,Low,2,1,1,29900.0,29900.0,0.0,0.0,4.4,No,Competitive Tender
P1116,C-PS-Client-08,PS-Client-08,Public Sector,Market & Social Research,2022-05-28,2022-10-28,2022-11-01,Completed,Medium,6,3,3,148800.0,152200.0,4.0,0.023,4.1,Yes,Referral
P0279,C-CACM-Client-04,CACM-Client-04,Climate and Carbon Markets,Political Risk Management,2022-06-04,2022-09-04,2022-09-07,Completed,Low,4,2,2,49500.0,50500.0,3.0,0.02,4.7,Yes,Repeat Client
P0913,C-FAI-Client-01,FAI-Client-01,Finance and Insurance,Strategic Planning,2022-06-04,2023-01-04,2023-01-05,Completed,High,14,6,8,790000.0,792400.0,1.0,0.003,4.8,No,Direct Outreach
P0065,C-A-Client-08,A-Client-08,Agriculture,Data Visualization & Analytics,2022-06-05,2023-03-05,2023-05-09,Completed,High,11,3,8,546500.0,632300.0,65.0,0.157,3.4,No,Repeat Client
P1120,C-PS-Client-03,PS-Client-03,Public Sector,Political Risk Management,2022-06-05,2023-01-05,2023-01-31,Completed,High,7,3,4,252400.0,283200.0,26.0,0.122,3.7,No,Repeat Client
P0914,C-FAI-Client-09,FAI-Client-09,Finance and Insurance,Digital Transformation,2022-06-09,2022-10-09,2022-10-10,Completed,Medium,4,2,2,109500.0,110500.0,1.0,0.009,4.4,No,Repeat Client
P0068,C-A-Client-02,A-Client-02,Agriculture,Market & Social Research,2022-06-09,2022-07-09,2022-07-13,Completed,Low,3,1,2,10900.0,11800.0,4.0,0.08,4.0,No,Competitive Tender
P1258,C-CEAT-Client-05,CEAT-Client-05,Creative Economy and Tourism,Strategic Planning,2022-06-10,2022-07-10,2022-07-12,Completed,Low,4,1,3,13600.0,14400.0,2.0,0.058,4.3,No,Referral
P1451,C-TAI-Client-02,TAI-Client-02,Technology and Innovation,Digital Transformation,2022-06-10,2022-08-10,2022-08-10,Completed,Low,4,1,3,36500.0,36500.0,0.0,0.0,4.3,No,Referral
P0282,C-CACM-Client-03,CACM-Client-03,Climate and Carbon Markets,Digital Transformation,2022-06-11,2022-10-11,2022-10-14,Completed,Medium,6,2,4,129600.0,133200.0,3.0,0.028,3.7,No,Repeat Client
P0281,C-CACM-Client-06,CACM-Client-06,Climate and Carbon Markets,Political Risk Management,2022-06-13,2022-11-13,2022-11-15,Completed,Medium,4,1,3,121900.0,123000.0,2.0,0.009,4.4,No,Referral
P1259,C-CEAT-Client-02,CEAT-Client-02,Creative Economy and Tourism,Political Risk Management,2022-06-15,2022-09-15,2022-10-28,Completed,Low,2,1,1,19500.0,23800.0,43.0,0.222,3.3,No,Repeat Client
P1452,C-TAI-Client-06,TAI-Client-06,Technology and Innovation,Data Visualization & Analytics,2022-06-15,2022-08-15,2022-08-17,Completed,Low,3,1,2,24100.0,24600.0,2.0,0.02,3.7,No,Repeat Client
P0280,C-CACM-Client-06,CACM-Client-06,Climate and Carbon Markets,Political Risk Management,2022-06-15,2022-07-15,2022-07-18,Completed,Low,3,1,2,12200.0,13400.0,3.0,0.097,4.2,No,Repeat Client
P1121,C-PS-Client-09,PS-Client-09,Public Sector,Digital Transformation,2022-06-16,2022-09-16,2022-09-20,Completed,Medium,8,3,5,102700.0,106300.0,4.0,0.035,3.9,Yes,Repeat Client
P0670,C-E-Client-10,E-Client-10,Energy,Market & Social Research,2022-06-16,2022-08-16,2022-08-17,Completed,Medium,5,1,4,58400.0,59300.0,1.0,0.015,4.2,No,Referral
P0278,C-CACM-Client-02,CACM-Client-02,Climate and Carbon Markets,Digital Transformation,2022-06-17,2022-09-17,2022-09-19,Completed,Low,3,1,2,37200.0,37800.0,2.0,0.017,4.8,No,Referral
P0067,C-A-Client-04,A-Client-04,Agriculture,Stakeholder Engagement,2022-06-19,2022-08-19,2022-08-19,Completed,Medium,4,2,2,32800.0,32800.0,0.0,0.0,4.7,No,Competitive Tender
P0915,C-FAI-Client-09,FAI-Client-09,Finance and Insurance,Stakeholder Engagement,2022-06-19,2022-09-19,2022-09-22,Completed,Medium,6,2,4,116100.0,120200.0,3.0,0.035,4.7,Yes,Repeat Client
P0669,C-E-Client-01,E-Client-01,Energy,Market & Social Research,2022-06-21,2022-10-21,2022-10-21,Completed,High,8,2,6,264300.0,264300.0,0.0,0.0,3.8,No,Referral
P0668,C-E-Client-04,E-Client-04,Energy,Political Risk Management,2022-06-21,2022-08-21,2022-08-24,Completed,Low,4,1,3,37700.0,39900.0,3.0,0.059,4.1,No,Competitive Tender
P0066,C-A-Client-08,A-Client-08,Agriculture,Stakeholder Engagement,2022-06-25,2022-07-25,2022-07-28,Completed,Low,2,1,1,6400.0,6800.0,3.0,0.062,3.6,Yes,Repeat Client
P1450,C-TAI-Client-03,TAI-Client-03,Technology and Innovation,Data Visualization & Analytics,2022-06-25,2022-09-25,2022-09-27,Completed,Medium,4,1,3,71700.0,73600.0,2.0,0.027,4.5,Yes,Referral
P0912,C-FAI-Client-08,FAI-Client-08,Finance and Insurance,Political Risk Management,2022-06-27,2022-09-27,2022-09-27,Completed,Low,2,1,1,27800.0,27800.0,0.0,0.0,4.8,Yes,Repeat Client
P1119,C-PS-Client-03,PS-Client-03,Public Sector,Digital Transformation,2022-06-28,2022-08-28,2022-08-29,Completed,Low,2,1,1,16000.0,16300.0,1.0,0.021,4.4,Yes,Referral
P0919,C-FAI-Client-09,FAI-Client-09,Finance and Insurance,Political Risk Management,2022-07-02,2022-11-02,2022-11-02,Completed,High,9,4,5,318600.0,318600.0,0.0,0.0,4.4,Yes,Repeat Client
P0674,C-E-Client-06,E-Client-06,Energy,Data Visualization & Analytics,2022-07-03,2022-09-03,2022-10-21,Completed,Medium,4,2,2,48400.0,76200.0,48.0,0.575,2.3,No,Referral
P0286,C-CACM-Client-07,CACM-Client-07,Climate and Carbon Markets,Digital Transformation,2022-07-04,2022-09-04,2022-09-08,Completed,Low,3,1,2,31600.0,33200.0,4.0,0.052,4.4,No,Repeat Client
P0673,C-E-Client-04,E-Client-04,Energy,Political Risk Management,2022-07-05,2022-12-05,2023-02-21,Completed,Medium,4,2,2,134900.0,177400.0,78.0,0.315,2.0,No,Referral
P1457,C-TAI-Client-02,TAI-Client-02,Technology and Innovation,Political Risk Management,2022-07-05,2022-12-05,2022-12-06,Completed,Medium,5,2,3,117000.0,117800.0,1.0,0.007,4.0,No,Competitive Tender
P1124,C-PS-Client-05,PS-Client-05,Public Sector,Political Risk Management,2022-07-06,2022-09-06,2022-10-17,Completed,Medium,5,2,3,41900.0,53900.0,41.0,0.287,3.4,Yes,Repeat Client
P1455,C-TAI-Client-08,TAI-Client-08,Technology and Innovation,Market & Social Research,2022-07-06,2022-12-06,2022-12-09,Completed,Medium,4,2,2,111500.0,114200.0,3.0,0.024,4.2,Yes,Repeat Client
P1453,C-TAI-Client-01,TAI-Client-01,Technology and Innovation,Political Risk Management,2022-07-06,2022-08-06,2022-08-06,Completed,Low,3,1,2,13400.0,13400.0,0.0,0.0,4.5,Yes,Repeat Client
P1126,C-PS-Client-06,PS-Client-06,Public Sector,Stakeholder Engagement,2022-07-11,2023-01-11,2023-01-13,Completed,High,12,5,7,423200.0,426200.0,2.0,0.007,4.3,Yes,Repeat Client
P1122,C-PS-Client-05,PS-Client-05,Public Sector,Stakeholder Engagement,2022-07-11,2022-09-11,2022-09-11,Completed,Low,3,1,2,21000.0,21000.0,0.0,0.0,4.3,Yes,Competitive Tender
P0069,C-A-Client-08,A-Client-08,Agriculture,Stakeholder Engagement,2022-07-12,2022-11-12,2022-12-19,Completed,Medium,5,2,3,86600.0,101400.0,37.0,0.171,3.1,No,Repeat Client
P1454,C-TAI-Client-05,TAI-Client-05,Technology and Innovation,Data Visualization & Analytics,2022-07-13,2022-09-13,2022-09-14,Completed,Low,2,1,1,16600.0,16900.0,1.0,0.018,4.5,Yes,Repeat Client
P0284,C-CACM-Client-06,CACM-Client-06,Climate and Carbon Markets,Market & Social Research,2022-07-14,2022-08-14,2022-08-14,Completed,Low,4,2,2,18600.0,18600.0,0.0,0.0,4.5,No,Referral
P0283,C-CACM-Client-02,CACM-Client-02,Climate and Carbon Markets,Strategic Planning,2022-07-16,2022-11-16,2023-01-25,Completed,High,8,2,6,225800.0,279100.0,70.0,0.236,3.1,No,Repeat Client
P0671,C-E-Client-01,E-Client-01,Energy,Strategic Planning,2022-07-17,2022-10-17,2022-10-20,Completed,Low,3,1,2,42800.0,43800.0,3.0,0.024,3.8,No,Direct Outreach
P0285,C-CACM-Client-06,CACM-Client-06,Climate and Carbon Markets,Digital Transformation,2022-07-18,2022-11-18,2022-12-29,Completed,High,15,6,9,374300.0,466000.0,41.0,0.245,2.8,No,Repeat Client
P1456,C-TAI-Client-08,TAI-Client-08,Technology and Innovation,Strategic Planning,2022-07-20,2022-09-20,2022-09-20,Completed,Low,2,1,1,16300.0,16300.0,0.0,0.0,4.1,No,Repeat Client
P1260,C-CEAT-Client-02,CEAT-Client-02,Creative Economy and Tourism,Strategic Planning,2022-07-22,2022-11-22,2022-11-26,Completed,Medium,6,3,3,78400.0,81700.0,4.0,0.042,3.6,Yes,Repeat Client
P0918,C-FAI-Client-09,FAI-Client-09,Finance and Insurance,Stakeholder Engagement,2022-07-22,2022-12-22,2022-12-23,Completed,Medium,5,2,3,168000.0,168800.0,1.0,0.005,4.3,No,Repeat Client
P0672,C-E-Client-07,E-Client-07,Energy,Digital Transformation,2022-07-23,2022-11-23,2023-02-06,Completed,Medium,4,1,3,117000.0,160300.0,75.0,0.37,2.8,No,Competitive Tender
P0916,C-FAI-Client-07,FAI-Client-07,Finance and Insurance,Digital Transformation,2022-07-23,2023-04-23,2023-07-27,Completed,High,8,2,6,498800.0,650400.0,95.0,0.304,2.4,No,Competitive Tender
P0070,C-A-Client-01,A-Client-01,Agriculture,Digital Transformation,2022-07-23,2022-11-23,,Cancelled,Medium,8,3,5,149700.0,152200.0,,,,N/A,Repeat Client
P0917,C-FAI-Client-06,FAI-Client-06,Finance and Insurance,Digital Transformation,2022-07-24,2022-08-24,2022-08-25,Completed,Low,3,1,2,14400.0,14900.0,1.0,0.033,4.3,Yes,Repeat Client
P1125,C-PS-Client-08,PS-Client-08,Public Sector,Digital Transformation,2022-07-27,2022-10-27,2022-10-28,Completed,Low,2,1,1,24900.0,25100.0,1.0,0.009,5.0,Yes,Competitive Tender
P0920,C-FAI-Client-02,FAI-Client-02,Finance and Insurance,Political Risk Management,2022-07-28,2022-09-28,2022-10-01,Completed,Low,2,1,1,19000.0,19900.0,3.0,0.047,3.5,No,Repeat Client
P1123,C-PS-Client-02,PS-Client-02,Public Sector,Digital Transformation,2022-07-28,2022-09-28,2022-10-28,Completed,Medium,7,3,4,53000.0,68900.0,30.0,0.3,3.3,Yes,Repeat Client
P1460,C-TAI-Client-01,TAI-Client-01,Technology and Innovation,Strategic Planning,2022-08-01,2023-01-01,2023-01-05,Completed,Medium,5,1,4,143600.0,146200.0,4.0,0.018,3.9,No,Repeat Client
P0677,C-E-Client-03,E-Client-03,Energy,Political Risk Management,2022-08-01,2022-11-01,2022-11-03,Completed,Low,4,2,2,61100.0,62000.0,2.0,0.015,4.0,No,Repeat Client
P0076,C-A-Client-03,A-Client-03,Agriculture,Digital Transformation,2022-08-02,2022-10-02,2022-10-04,Completed,Medium,6,2,4,41500.0,42700.0,2.0,0.029,4.0,No,Competitive Tender
P0287,C-CACM-Client-05,CACM-Client-05,Climate and Carbon Markets,Data Visualization & Analytics,2022-08-02,2022-12-02,2022-12-06,Completed,Medium,8,3,5,168000.0,174600.0,4.0,0.039,4.2,Yes,Competitive Tender
P1459,C-TAI-Client-05,TAI-Client-05,Technology and Innovation,Political Risk Management,2022-08-03,2022-11-03,2022-11-04,Completed,Low,4,1,3,48600.0,49100.0,1.0,0.011,4.1,Yes,Competitive Tender
P0072,C-A-Client-03,A-Client-03,Agriculture,Data Visualization & Analytics,2022-08-04,2022-09-04,2022-09-26,Completed,Low,4,1,3,12500.0,17200.0,22.0,0.372,3.5,No,Competitive Tender
P1261,C-CEAT-Client-04,CEAT-Client-04,Creative Economy and Tourism,Political Risk Management,2022-08-10,2022-11-10,2022-11-14,Completed,Low,3,1,2,29200.0,30700.0,4.0,0.05,4.0,Yes,Referral
P0073,C-A-Client-06,A-Client-06,Agriculture,Market & Social Research,2022-08-10,2022-11-10,2022-11-12,Completed,Low,2,1,1,21500.0,21800.0,2.0,0.015,3.3,No,Repeat Client
P0675,C-E-Client-03,E-Client-03,Energy,Digital Transformation,2022-08-10,2022-11-10,2022-11-12,Completed,Medium,7,2,5,132700.0,135500.0,2.0,0.021,3.7,No,Referral
P0921,C-FAI-Client-05,FAI-Client-05,Finance and Insurance,Strategic Planning,2022-08-11,2022-11-11,2022-11-14,Completed,Medium,6,3,3,134400.0,137200.0,3.0,0.021,4.6,Yes,Repeat Client
P0678,C-E-Client-07,E-Client-07,Energy,Stakeholder Engagement,2022-08-12,2022-11-12,2022-12-02,Completed,Medium,5,2,3,108000.0,124000.0,20.0,0.148,3.6,No,Direct Outreach
P0922,C-FAI-Client-07,FAI-Client-07,Finance and Insurance,Political Risk Management,2022-08-17,2022-11-17,2022-12-26,Completed,Medium,8,3,5,180700.0,219200.0,39.0,0.213,3.6,No,Repeat Client
P1127,C-PS-Client-01,PS-Client-01,Public Sector,Political Risk Management,2022-08-18,2022-12-18,2022-12-19,Completed,Medium,6,2,4,108600.0,109700.0,1.0,0.01,4.6,Yes,Repeat Client
P0074,C-A-Client-08,A-Client-08,Agriculture,Data Visualization & Analytics,2022-08-22,2022-11-22,2022-11-22,Completed,Low,3,1,2,31200.0,31200.0,0.0,0.0,4.3,Yes,Repeat Client
P1461,C-TAI-Client-03,TAI-Client-03,Technology and Innovation,Digital Transformation,2022-08-22,2023-01-22,2023-01-25,Completed,Medium,6,2,4,164500.0,167800.0,3.0,0.02,4.1,No,Repeat Client
P0676,C-E-Client-09,E-Client-09,Energy,Stakeholder Engagement,2022-08-22,2022-11-22,2022-11-23,Completed,Medium,4,1,3,82700.0,83400.0,1.0,0.008,4.1,Yes,Direct Outreach
P1458,C-TAI-Client-01,TAI-Client-01,Technology and Innovation,Strategic Planning,2022-08-23,2023-02-23,2023-03-13,Completed,High,8,2,6,358200.0,385100.0,18.0,0.075,3.9,Yes,Repeat Client
P0071,C-A-Client-03,A-Client-03,Agriculture,Data Visualization & Analytics,2022-08-27,2022-12-27,2022-12-31,Completed,Medium,4,2,2,63300.0,65200.0,4.0,0.03,4.2,No,Referral
P0075,C-A-Client-07,A-Client-07,Agriculture,Data Visualization & Analytics,2022-08-28,2022-09-28,2022-11-08,Completed,Low,2,1,1,6600.0,9400.0,41.0,0.431,2.5,Yes,Referral
P1466,C-TAI-Client-02,TAI-Client-02,Technology and Innovation,Data Visualization & Analytics,2022-09-02,2022-12-02,2022-12-06,Completed,Low,4,1,3,62000.0,64500.0,4.0,0.04,4.1,No,Competitive Tender
P1128,C-PS-Client-04,PS-Client-04,Public Sector,Stakeholder Engagement,2022-09-04,2022-11-04,,Cancelled,Low,4,2,2,27700.0,35100.0,,,,N/A,Competitive Tender
P0288,C-CACM-Client-08,CACM-Client-08,Climate and Carbon Markets,Market & Social Research,2022-09-04,2022-12-04,2023-02-09,Completed,Medium,5,1,4,76500.0,112800.0,67.0,0.475,2.2,No,Repeat Client
P0077,C-A-Client-07,A-Client-07,Agriculture,Stakeholder Engagement,2022-09-09,2023-02-09,2023-02-11,Completed,High,14,7,7,333600.0,336300.0,2.0,0.008,4.6,Yes,Repeat Client
P1462,C-TAI-Client-08,TAI-Client-08,Technology and Innovation,Political Risk Management,2022-09-11,2023-04-11,2023-07-27,Completed,High,7,2,5,347800.0,432700.0,107.0,0.244,2.7,No,Competitive Tender
P1464,C-TAI-Client-02,TAI-Client-02,Technology and Innovation,Stakeholder Engagement,2022-09-13,2023-06-13,2023-06-16,Completed,High,14,5,9,962000.0,973500.0,3.0,0.012,4.1,No,Repeat Client
P1463,C-TAI-Client-04,TAI-Client-04,Technology and Innovation,Strategic Planning,2022-09-14,2023-02-14,2023-04-24,Completed,Medium,4,1,3,102000.0,133200.0,69.0,0.306,2.9,No,Direct Outreach
P1262,C-CEAT-Client-06,CEAT-Client-06,Creative Economy and Tourism,Political Risk Management,2022-09-17,2022-12-17,2022-12-17,Completed,Low,2,1,1,18800.0,18800.0,0.0,0.0,4.5,Yes,Referral
P1465,C-TAI-Client-05,TAI-Client-05,Technology and Innovation,Political Risk Management,2022-09-18,2022-11-18,2022-11-18,Completed,Low,3,1,2,22600.0,22600.0,0.0,0.0,4.3,No,Repeat Client
P1467,C-TAI-Client-08,TAI-Client-08,Technology and Innovation,Data Visualization & Analytics,2022-09-18,2023-01-18,2023-01-20,Completed,Medium,4,2,2,93900.0,95000.0,2.0,0.012,3.9,No,Repeat Client
P1129,C-PS-Client-03,PS-Client-03,Public Sector,Data Visualization & Analytics,2022-09-19,2023-06-19,2023-06-21,Completed,High,15,6,9,709400.0,716500.0,2.0,0.01,3.9,No,Repeat Client
P0290,C-CACM-Client-07,CACM-Client-07,Climate and Carbon Markets,Stakeholder Engagement,2022-09-25,2023-03-25,2023-03-27,Completed,High,10,4,6,440100.0,445400.0,2.0,0.012,4.2,Yes,Repeat Client
P0924,C-FAI-Client-08,FAI-Client-08,Finance and Insurance,Political Risk Management,2022-09-26,2023-02-26,2023-02-28,Completed,Medium,4,1,3,152400.0,153800.0,2.0,0.009,4.1,No,Referral
P0923,C-FAI-Client-08,FAI-Client-08,Finance and Insurance,Political Risk Management,2022-09-27,2022-10-27,2022-12-01,Completed,Low,2,1,1,10400.0,15500.0,35.0,0.493,2.6,Yes,Direct Outreach
P1263,C-CEAT-Client-02,CEAT-Client-02,Creative Economy and Tourism,Market & Social Research,2022-09-28,2022-12-28,2022-12-30,Completed,Low,4,1,3,33300.0,33700.0,2.0,0.013,4.2,Yes,Competitive Tender
P0289,C-CACM-Client-06,CACM-Client-06,Climate and Carbon Markets,Strategic Planning,2022-09-28,2022-10-28,2022-10-28,Completed,Low,3,1,2,14500.0,14500.0,0.0,0.0,4.4,Yes,Referral
P0078,C-A-Client-03,A-Client-03,Agriculture,Stakeholder Engagement,2022-10-01,2022-12-01,2023-02-01,Completed,Medium,4,1,3,28100.0,39100.0,62.0,0.39,3.0,No,Competitive Tender
P0927,C-FAI-Client-05,FAI-Client-05,Finance and Insurance,Stakeholder Engagement,2022-10-01,2022-11-01,2022-11-03,Completed,Low,4,2,2,24100.0,25600.0,2.0,0.062,3.9,No,Referral
P0293,C-CACM-Client-07,CACM-Client-07,Climate and Carbon Markets,Strategic Planning,2022-10-01,2023-01-01,2023-01-03,Completed,Medium,5,2,3,98000.0,99800.0,2.0,0.018,4.5,Yes,Competitive Tender
P1472,C-TAI-Client-04,TAI-Client-04,Technology and Innovation,Political Risk Management,2022-10-02,2022-11-02,2022-11-06,Completed,Low,2,1,1,9600.0,10800.0,4.0,0.124,3.7,Yes,Competitive Tender
P0680,C-E-Client-07,E-Client-07,Energy,Data Visualization & Analytics,2022-10-05,2022-12-05,2022-12-09,Completed,Medium,8,4,4,89400.0,93800.0,4.0,0.049,4.3,Yes,Competitive Tender
P0292,C-CACM-Client-06,CACM-Client-06,Climate and Carbon Markets,Data Visualization & Analytics,2022-10-06,2023-02-06,2023-03-25,Completed,Medium,6,2,4,117600.0,150400.0,47.0,0.279,2.7,Yes,Competitive Tender
P1264,C-CEAT-Client-01,CEAT-Client-01,Creative Economy and Tourism,Strategic Planning,2022-10-07,2023-03-07,2023-03-11,Completed,Medium,8,4,4,157500.0,161100.0,4.0,0.023,4.7,No,Competitive Tender
P1265,C-CEAT-Client-08,CEAT-Client-08,Creative Economy and Tourism,Political Risk Management,2022-10-08,2023-02-08,2023-02-09,Completed,Medium,6,3,3,72200.0,72600.0,1.0,0.006,4.3,No,Repeat Client
P0925,C-FAI-Client-01,FAI-Client-01,Finance and Insurance,Strategic Planning,2022-10-11,2022-11-11,2022-11-15,Completed,Low,3,1,2,14400.0,16300.0,4.0,0.132,3.5,Yes,Repeat Client
P1130,C-PS-Client-09,PS-Client-09,Public Sector,Political Risk Management,2022-10-12,2022-12-12,2022-12-15,Completed,Low,4,1,3,25200.0,26300.0,3.0,0.045,4.9,Yes,Repeat Client
P1473,C-TAI-Client-05,TAI-Client-05,Technology and Innovation,Political Risk Management,2022-10-13,2022-12-13,2022-12-15,Completed,Medium,8,3,5,83400.0,85700.0,2.0,0.028,4.3,Yes,Competitive Tender
P0926,C-FAI-Client-09,FAI-Client-09,Finance and Insurance,Stakeholder Engagement,2022-10-13,2022-12-13,2022-12-16,Completed,Low,2,1,1,22200.0,23100.0,3.0,0.041,4.5,Yes,Repeat Client
P0681,C-E-Client-04,E-Client-04,Energy,Data Visualization & Analytics,2022-10-14,2022-12-14,2023-01-21,Completed,Low,2,1,1,20300.0,25000.0,38.0,0.233,2.6,No,Repeat Client
P0928,C-FAI-Client-06,FAI-Client-06,Finance and Insurance,Data Visualization & Analytics,2022-10-18,2023-01-18,2023-04-16,Completed,Medium,7,2,5,154200.0,246700.0,88.0,0.6,2.8,No,Repeat Client
P1468,C-TAI-Client-01,TAI-Client-01,Technology and Innovation,Political Risk Management,2022-10-21,2023-03-21,2023-03-25,Completed,High,9,2,7,336000.0,342000.0,4.0,0.018,4.5,No,Repeat Client
P1470,C-TAI-Client-08,TAI-Client-08,Technology and Innovation,Strategic Planning,2022-10-21,2023-01-21,2023-03-01,Completed,Low,3,1,2,34700.0,41500.0,39.0,0.197,3.6,Yes,Repeat Client
P1471,C-TAI-Client-04,TAI-Client-04,Technology and Innovation,Market & Social Research,2022-10-21,2022-12-21,2022-12-25,Completed,Low,4,1,3,36300.0,37900.0,4.0,0.045,4.2,Yes,Direct Outreach
P1469,C-TAI-Client-07,TAI-Client-07,Technology and Innovation,Strategic Planning,2022-10-22,2023-01-22,,Cancelled,Medium,6,3,3,108800.0,112900.0,,,,N/A,Competitive Tender
P0679,C-E-Client-02,E-Client-02,Energy,Strategic Planning,2022-10-22,2023-05-22,2023-05-22,Completed,High,10,4,6,530200.0,530200.0,0.0,0.0,4.3,Yes,Competitive Tender
P0291,C-CACM-Client-05,CACM-Client-05,Climate and Carbon Markets,Strategic Planning,2022-10-25,2022-12-25,2022-12-26,Completed,Medium,8,2,6,88600.0,89800.0,1.0,0.014,3.8,Yes,Repeat Client
P0079,C-A-Client-03,A-Client-03,Agriculture,Political Risk Management,2022-11-02,2023-01-02,2023-01-02,Completed,Low,4,2,2,22100.0,22100.0,0.0,0.0,4.6,No,Repeat Client
P1475,C-TAI-Client-07,TAI-Client-07,Technology and Innovation,Strategic Planning,2022-11-02,2023-05-02,2023-06-11,Completed,High,7,3,4,320600.0,389500.0,40.0,0.215,3.1,No,Repeat Client
P0082,C-A-Client-07,A-Client-07,Agriculture,Stakeholder Engagement,2022-11-04,2023-03-04,2023-03-08,Completed,Medium,8,3,5,119100.0,122800.0,4.0,0.031,4.2,Yes,Repeat Client
P0080,C-A-Client-06,A-Client-06,Agriculture,Strategic Planning,2022-11-05,2022-12-05,2022-12-08,Completed,Low,3,1,2,9600.0,10400.0,3.0,0.081,4.0,No,Referral
P0294,C-CACM-Client-01,CACM-Client-01,Climate and Carbon Markets,Strategic Planning,2022-11-05,2023-02-05,2023-03-25,Completed,Low,4,2,2,65500.0,85400.0,48.0,0.304,2.8,No,Repeat Client
P0932,C-FAI-Client-05,FAI-Client-05,Finance and Insurance,Stakeholder Engagement,2022-11-11,2023-01-11,2023-01-11,Completed,Low,4,1,3,36900.0,36900.0,0.0,0.0,4.5,Yes,Repeat Client
P0081,C-A-Client-04,A-Client-04,Agriculture,Digital Transformation,2022-11-12,2022-12-12,2022-12-14,Completed,Low,4,2,2,14500.0,15600.0,2.0,0.077,4.0,Yes,Repeat Client
P0931,C-FAI-Client-04,FAI-Client-04,Finance and Insurance,Strategic Planning,2022-11-15,2022-12-15,2023-01-20,Completed,Low,2,1,1,11000.0,17600.0,36.0,0.6,2.5,No,Competitive Tender
P0296,C-CACM-Client-06,CACM-Client-06,Climate and Carbon Markets,Data Visualization & Analytics,2022-11-15,2023-01-15,2023-01-15,Completed,Low,2,1,1,20600.0,20600.0,0.0,0.0,4.2,No,Referral
P0930,C-FAI-Client-06,FAI-Client-06,Finance and Insurance,Digital Transformation,2022-11-18,2023-07-18,2023-07-19,Completed,High,14,3,11,1043400.0,1046500.0,1.0,0.003,4.1,Yes,Competitive Tender
P1474,C-TAI-Client-01,TAI-Client-01,Technology and Innovation,Data Visualization & Analytics,2022-11-18,2023-01-18,2023-02-12,Completed,Low,2,1,1,19500.0,23900.0,25.0,0.224,3.8,No,Repeat Client
P1132,C-PS-Client-03,PS-Client-03,Public Sector,Market & Social Research,2022-11-20,2023-03-20,2023-03-22,Completed,Medium,7,3,4,138200.0,140000.0,2.0,0.013,4.2,No,Repeat Client
P0683,C-E-Client-05,E-Client-05,Energy,Market & Social Research,2022-11-20,2023-03-20,2023-05-09,Completed,Medium,4,1,3,88600.0,114200.0,50.0,0.289,2.9,No,Referral
P0682,C-E-Client-09,E-Client-09,Energy,Stakeholder Engagement,2022-11-21,2022-12-21,2023-01-16,Completed,Low,2,1,1,12000.0,18800.0,26.0,0.563,2.7,No,Referral
P0297,C-CACM-Client-02,CACM-Client-02,Climate and Carbon Markets,Strategic Planning,2022-11-24,2023-03-24,2023-03-27,Completed,Medium,8,3,5,159800.0,164100.0,3.0,0.027,4.2,No,Competitive Tender
P0295,C-CACM-Client-07,CACM-Client-07,Climate and Carbon Markets,Political Risk Management,2022-11-24,2023-07-24,2023-08-31,Completed,High,10,3,7,673400.0,751500.0,38.0,0.116,3.6,Yes,Referral
P0083,C-A-Client-03,A-Client-03,Agriculture,Market & Social Research,2022-11-24,2022-12-24,2022-12-26,Completed,Low,2,1,1,5800.0,6200.0,2.0,0.066,4.2,No,Referral
P1266,C-CEAT-Client-06,CEAT-Client-06,Creative Economy and Tourism,Digital Transformation,2022-11-24,2023-02-24,2023-02-26,Completed,Medium,4,2,2,48900.0,50200.0,2.0,0.027,4.1,No,Competitive Tender
P1131,C-PS-Client-02,PS-Client-02,Public Sector,Political Risk Management,2022-11-25,2023-08-25,2023-08-28,Completed,High,14,3,11,628900.0,637700.0,3.0,0.014,4.2,No,Repeat Client
P0929,C-FAI-Client-08,FAI-Client-08,Finance and Insurance,Data Visualization & Analytics,2022-11-27,2022-12-27,2022-12-29,Completed,Low,2,1,1,10400.0,10900.0,2.0,0.052,3.5,No,Direct Outreach
P0685,C-E-Client-07,E-Client-07,Energy,Strategic Planning,2022-12-02,2023-01-02,2023-01-02,Completed,Low,3,1,2,17300.0,17300.0,0.0,0.0,4.1,Yes,Repeat Client
P1478,C-TAI-Client-01,TAI-Client-01,Technology and Innovation,Political Risk Management,2022-12-02,2023-03-02,2023-03-02,Completed,Medium,7,2,5,106000.0,106000.0,0.0,0.0,4.9,Yes,Repeat Client
P1134,C-PS-Client-04,PS-Client-04,Public Sector,Data Visualization & Analytics,2022-12-03,2023-01-03,2023-01-05,Completed,Low,3,1,2,11500.0,12400.0,2.0,0.081,4.2,Yes,Referral
P0299,C-CACM-Client-07,CACM-Client-07,Climate and Carbon Markets,Political Risk Management,2022-12-03,2023-04-03,2023-04-04,Completed,Medium,7,3,4,151300.0,152200.0,1.0,0.006,4.7,No,Repeat Client
P1482,C-TAI-Client-04,TAI-Client-04,Technology and Innovation,Strategic Planning,2022-12-04,2023-05-04,2023-07-31,Completed,Medium,8,3,5,237100.0,350700.0,88.0,0.479,2.2,No,Competitive Tender
P0298,C-CACM-Client-01,CACM-Client-01,Climate and Carbon Markets,Digital Transformation,2022-12-05,2023-01-05,2023-01-07,Completed,Low,4,2,2,20800.0,22200.0,2.0,0.066,4.8,Yes,Direct Outreach
P0086,C-A-Client-01,A-Client-01,Agriculture,Political Risk Management,2022-12-06,2023-02-06,2023-02-22,Completed,Medium,7,3,4,53600.0,66100.0,16.0,0.234,3.0,No,Competitive Tender
P1480,C-TAI-Client-05,TAI-Client-05,Technology and Innovation,Strategic Planning,2022-12-06,2023-09-06,2023-09-06,Completed,High,7,2,5,429200.0,429200.0,0.0,0.0,4.4,Yes,Repeat Client
P1476,C-TAI-Client-08,TAI-Client-08,Technology and Innovation,Digital Transformation,2022-12-07,2023-03-07,2023-03-07,Completed,Low,4,1,3,51900.0,51900.0,0.0,0.0,3.8,No,Referral
P0686,C-E-Client-10,E-Client-10,Energy,Strategic Planning,2022-12-08,2023-02-08,2023-02-10,Completed,Low,4,1,3,48200.0,50200.0,2.0,0.041,3.6,No,Repeat Client
P0087,C-A-Client-06,A-Client-06,Agriculture,Data Visualization & Analytics,2022-12-08,2023-03-08,2023-03-09,Completed,Medium,7,2,5,94500.0,95500.0,1.0,0.011,3.8,No,Competitive Tender
P1135,C-PS-Client-05,PS-Client-05,Public Sector,Stakeholder Engagement,2022-12-11,2023-03-11,2023-03-17,Completed,Low,3,1,2,36200.0,38200.0,6.0,0.056,4.1,Yes,Repeat Client
P0084,C-A-Client-06,A-Client-06,Agriculture,Political Risk Management,2022-12-14,2023-02-14,2023-04-13,Completed,Medium,5,1,4,36000.0,49600.0,58.0,0.379,3.0,No,Referral
P1481,C-TAI-Client-02,TAI-Client-02,Technology and Innovation,Strategic Planning,2022-12-15,2023-03-15,2023-03-18,Completed,Low,2,1,1,28200.0,29200.0,3.0,0.034,4.8,Yes,Repeat Client
P0933,C-FAI-Client-01,FAI-Client-01,Finance and Insurance,Market & Social Research,2022-12-17,2023-04-17,2023-04-20,Completed,Medium,4,1,3,123500.0,125400.0,3.0,0.015,3.8,No,Competitive Tender
P0684,C-E-Client-05,E-Client-05,Energy,Digital Transformation,2022-12-17,2023-03-17,2023-03-18,Completed,Medium,7,2,5,154200.0,156100.0,1.0,0.012,3.7,No,Repeat Client
P0300,C-CACM-Client-05,CACM-Client-05,Climate and Carbon Markets,Market & Social Research,2022-12-20,2023-05-20,2023-05-24,Completed,Medium,7,2,5,175600.0,180500.0,4.0,0.028,4.5,Yes,Referral
P1479,C-TAI-Client-03,TAI-Client-03,Technology and Innovation,Strategic Planning,2022-12-20,2023-01-20,2023-01-22,Completed,Low,2,1,1,9900.0,10600.0,2.0,0.066,4.4,No,Repeat Client
P1136,C-PS-Client-08,PS-Client-08,Public Sector,Data Visualization & Analytics,2022-12-21,2023-07-21,2023-11-17,Completed,High,11,4,7,440600.0,601900.0,119.0,0.366,2.1,No,Repeat Client
P1133,C-PS-Client-07,PS-Client-07,Public Sector,Strategic Planning,2022-12-21,2023-04-21,2023-04-21,Completed,Medium,7,2,5,106400.0,106400.0,0.0,0.0,4.4,Yes,Repeat Client
P0301,C-CACM-Client-06,CACM-Client-06,Climate and Carbon Markets,Political Risk Management,2022-12-25,2023-08-25,2023-11-24,Completed,High,8,3,5,432900.0,522500.0,91.0,0.207,2.3,No,Repeat Client
P0085,C-A-Client-04,A-Client-04,Agriculture,Data Visualization & Analytics,2022-12-26,2023-03-26,2023-03-29,Completed,Low,4,2,2,37100.0,38600.0,3.0,0.041,4.4,Yes,Referral
P1483,C-TAI-Client-06,TAI-Client-06,Technology and Innovation,Digital Transformation,2022-12-26,2023-01-26,2023-01-28,Completed,Low,3,1,2,12500.0,13200.0,2.0,0.056,3.8,No,Direct Outreach
P1477,C-TAI-Client-04,TAI-Client-04,Technology and Innovation,Strategic Planning,2022-12-28,2023-08-28,2023-08-29,Completed,High,9,3,6,413600.0,415700.0,1.0,0.005,5.0,Yes,Competitive Tender
P1489,C-TAI-Client-07,TAI-Client-07,Technology and Innovation,Market & Social Research,2023-01-02,2023-04-02,2023-06-01,Completed,Medium,4,1,3,58600.0,77500.0,60.0,0.322,2.7,No,Repeat Client
P0302,C-CACM-Client-08,CACM-Client-08,Climate and Carbon Markets,Stakeholder Engagement,2023-01-04,2023-05-04,2023-05-04,Completed,Medium,8,2,6,183300.0,183300.0,0.0,0.0,4.1,No,Repeat Client
P0306,C-CACM-Client-07,CACM-Client-07,Climate and Carbon Markets,Market & Social Research,2023-01-04,2023-03-04,2023-03-07,Completed,Medium,7,3,4,89400.0,93600.0,3.0,0.047,4.0,No,Repeat Client
P0092,C-A-Client-01,A-Client-01,Agriculture,Strategic Planning,2023-01-06,2023-09-06,2023-09-09,Completed,High,11,2,9,494500.0,502400.0,3.0,0.016,4.0,No,Repeat Client
P0095,C-A-Client-07,A-Client-07,Agriculture,Strategic Planning,2023-01-07,2023-07-07,2023-07-11,Completed,High,7,3,4,179900.0,183500.0,4.0,0.02,3.9,Yes,Repeat Client
P0305,C-CACM-Client-05,CACM-Client-05,Climate and Carbon Markets,Data Visualization & Analytics,2023-01-07,2023-02-07,,Cancelled,Low,3,1,2,15800.0,16900.0,,,,N/A,Referral
P0089,C-A-Client-05,A-Client-05,Agriculture,Strategic Planning,2023-01-07,2023-06-07,2023-06-09,Completed,Medium,6,2,4,139400.0,141600.0,2.0,0.016,4.6,Yes,Direct Outreach
P1487,C-TAI-Client-03,TAI-Client-03,Technology and Innovation,Digital Transformation,2023-01-09,2023-02-09,2023-03-21,Completed,Low,3,1,2,14400.0,21900.0,40.0,0.519,2.6,No,Repeat Client
P1139,C-PS-Client-04,PS-Client-04,Public Sector,Market & Social Research,2023-01-09,2023-10-09,2023-11-13,Completed,High,8,4,4,460600.0,510800.0,35.0,0.109,3.8,Yes,Repeat Client
P1488,C-TAI-Client-04,TAI-Client-04,Technology and Innovation,Stakeholder Engagement,2023-01-12,2023-04-12,2023-04-13,Completed,Medium,7,3,4,116800.0,118200.0,1.0,0.012,4.5,No,Referral
P1267,C-CEAT-Client-05,CEAT-Client-05,Creative Economy and Tourism,Market & Social Research,2023-01-12,2023-03-12,2023-03-12,Completed,Low,4,1,3,21900.0,21900.0,0.0,0.0,3.8,Yes,Repeat Client
P1140,C-PS-Client-02,PS-Client-02,Public Sector,Political Risk Management,2023-01-13,2023-02-13,2023-03-28,Completed,Low,2,1,1,7300.0,10100.0,43.0,0.38,2.5,No,Competitive Tender
P0934,C-FAI-Client-02,FAI-Client-02,Finance and Insurance,Data Visualization & Analytics,2023-01-16,2023-06-16,,Cancelled,High,13,3,10,489000.0,496300.0,,,,N/A,Referral
P0687,C-E-Client-06,E-Client-06,Energy,Market & Social Research,2023-01-17,2023-02-17,2023-02-21,Completed,Low,3,1,2,13900.0,16000.0,4.0,0.148,4.9,Yes,Referral
P1268,C-CEAT-Client-05,CEAT-Client-05,Creative Economy and Tourism,Political Risk Management,2023-01-17,2023-05-17,2023-08-12,Completed,Medium,4,2,2,50300.0,68900.0,87.0,0.369,2.6,No,Repeat Client
P1485,C-TAI-Client-04,TAI-Client-04,Technology and Innovation,Strategic Planning,2023-01-19,2023-04-19,2023-04-22,Completed,Medium,6,2,4,84400.0,87000.0,3.0,0.031,3.9,No,Direct Outreach
P1486,C-TAI-Client-02,TAI-Client-02,Technology and Innovation,Strategic Planning,2023-01-19,2023-04-19,2023-05-26,Completed,Medium,6,2,4,103200.0,129900.0,37.0,0.259,3.0,No,Referral
P0935,C-FAI-Client-02,FAI-Client-02,Finance and Insurance,Political Risk Management,2023-01-20,2023-04-20,2023-04-22,Completed,Medium,5,2,3,112200.0,114600.0,2.0,0.021,4.7,Yes,Repeat Client
P0093,C-A-Client-06,A-Client-06,Agriculture,Political Risk Management,2023-01-20,2023-06-20,2023-06-22,Completed,Medium,6,3,3,141900.0,144000.0,2.0,0.015,4.7,Yes,Competitive Tender
P0304,C-CACM-Client-04,CACM-Client-04,Climate and Carbon Markets,Data Visualization & Analytics,2023-01-20,2023-03-20,2023-05-28,Completed,Medium,4,1,3,40400.0,64600.0,69.0,0.6,2.0,No,Direct Outreach
P0094,C-A-Client-07,A-Client-07,Agriculture,Stakeholder Engagement,2023-01-20,2023-04-20,2023-04-26,Completed,Low,2,1,1,18500.0,20000.0,6.0,0.081,4.6,Yes,Repeat Client
P0303,C-CACM-Client-04,CACM-Client-04,Climate and Carbon Markets,Political Risk Management,2023-01-22,2023-03-22,2023-03-26,Completed,Low,2,1,1,21700.0,23300.0,4.0,0.074,4.1,Yes,Repeat Client
P1484,C-TAI-Client-02,TAI-Client-02,Technology and Innovation,Digital Transformation,2023-01-22,2023-08-22,2023-08-22,Completed,High,12,3,9,634700.0,634700.0,0.0,0.0,4.4,Yes,Repeat Client
P1137,C-PS-Client-03,PS-Client-03,Public Sector,Market & Social Research,2023-01-24,2023-06-24,2023-08-27,Completed,Medium,7,3,4,167500.0,205200.0,64.0,0.225,3.0,No,Repeat Client
P0090,C-A-Client-07,A-Client-07,Agriculture,Digital Transformation,2023-01-25,2023-05-25,2023-05-26,Completed,Medium,6,2,4,84800.0,85600.0,1.0,0.009,4.1,Yes,Repeat Client
P1269,C-CEAT-Client-05,CEAT-Client-05,Creative Economy and Tourism,Market & Social Research,2023-01-27,2023-03-27,2023-03-27,Completed,Medium,8,2,6,48600.0,48600.0,0.0,0.0,4.9,No,Repeat Client
P0091,C-A-Client-02,A-Client-02,Agriculture,Data Visualization & Analytics,2023-01-27,2023-05-27,,Cancelled,Medium,4,2,2,60900.0,62100.0,,,,N/A,Referral
P0088,C-A-Client-01,A-Client-01,Agriculture,Digital Transformation,2023-01-27,2023-06-27,2023-06-27,Completed,High,10,5,5,209900.0,209900.0,0.0,0.0,4.2,Yes,Referral
P1138,C-PS-Client-04,PS-Client-04,Public Sector,Digital Transformation,2023-01-28,2023-02-28,2023-02-28,Completed,Low,2,1,1,6600.0,6600.0,0.0,0.0,4.5,No,Competitive Tender
P1490,C-TAI-Client-01,TAI-Client-01,Technology and Innovation,Strategic Planning,2023-02-01,2023-04-01,2023-04-02,Completed,Low,2,1,1,19600.0,19900.0,1.0,0.013,4.7,Yes,Competitive Tender
P0312,C-CACM-Client-08,CACM-Client-08,Climate and Carbon Markets,Digital Transformation,2023-02-01,2023-04-01,2023-04-05,Completed,Low,2,1,1,16500.0,17600.0,4.0,0.066,4.5,No,Referral
P0309,C-CACM-Client-08,CACM-Client-08,Climate and Carbon Markets,Strategic Planning,2023-02-02,2023-07-02,2023-08-31,Completed,Medium,4,2,2,123200.0,159100.0,60.0,0.291,2.7,No,Repeat Client
P0307,C-CACM-Client-04,CACM-Client-04,Climate and Carbon Markets,Stakeholder Engagement,2023-02-05,2023-07-05,2023-07-06,Completed,Medium,8,4,4,268900.0,271300.0,1.0,0.009,4.7,No,Repeat Client
P0100,C-A-Client-07,A-Client-07,Agriculture,Digital Transformation,2023-02-05,2023-05-05,2023-05-08,Completed,Medium,7,2,5,87900.0,90700.0,3.0,0.032,4.3,No,Competitive Tender
P1143,C-PS-Client-05,PS-Client-05,Public Sector,Market & Social Research,2023-02-05,2023-04-05,2023-04-06,Completed,Medium,7,2,5,67800.0,68900.0,1.0,0.016,3.2,No,Repeat Client
P1270,C-CEAT-Client-03,CEAT-Client-03,Creative Economy and Tourism,Strategic Planning,2023-02-05,2023-04-05,2023-04-07,Completed,Low,3,1,2,17300.0,17800.0,2.0,0.031,3.7,Yes,Repeat Client
P1491,C-TAI-Client-05,TAI-Client-05,Technology and Innovation,Political Risk Management,2023-02-06,2023-04-06,2023-04-09,Completed,Medium,8,3,5,90500.0,94800.0,3.0,0.048,4.0,No,Repeat Client
P0936,C-FAI-Client-06,FAI-Client-06,Finance and Insurance,Strategic Planning,2023-02-07,2023-04-07,2023-04-10,Completed,Low,2,1,1,20100.0,21200.0,3.0,0.054,4.3,Yes,Repeat Client
P1272,C-CEAT-Client-07,CEAT-Client-07,Creative Economy and Tourism,Data Visualization & Analytics,2023-02-08,2023-05-08,2023-05-09,Completed,Low,2,1,1,19100.0,19300.0,1.0,0.011,4.0,No,Referral
P0313,C-CACM-Client-02,CACM-Client-02,Climate and Carbon Markets,Market & Social Research,2023-02-12,2023-06-12,2023-06-16,Completed,High,13,3,10,404500.0,412600.0,4.0,0.02,4.3,Yes,Repeat Client
P0688,C-E-Client-06,E-Client-06,Energy,Stakeholder Engagement,2023-02-13,2023-05-13,2023-05-16,Completed,Low,3,1,2,47000.0,48400.0,3.0,0.03,4.1,No,Direct Outreach
P0097,C-A-Client-06,A-Client-06,Agriculture,Digital Transformation,2023-02-14,2023-04-14,2023-06-05,Completed,Medium,6,1,5,54000.0,79400.0,52.0,0.471,2.1,No,Repeat Client
P0099,C-A-Client-05,A-Client-05,Agriculture,Stakeholder Engagement,2023-02-14,2023-04-14,2023-04-30,Completed,Low,3,1,2,21400.0,26300.0,16.0,0.227,3.6,No,Repeat Client
P0938,C-FAI-Client-01,FAI-Client-01,Finance and Insurance,Stakeholder Engagement,2023-02-15,2023-05-15,2023-05-18,Completed,Medium,7,1,6,147500.0,151000.0,3.0,0.024,4.1,No,Referral
P0096,C-A-Client-04,A-Client-04,Agriculture,Data Visualization & Analytics,2023-02-17,2023-05-17,2023-05-17,Completed,Low,4,1,3,35600.0,35600.0,0.0,0.0,4.2,No,Competitive Tender
P0308,C-CACM-Client-07,CACM-Client-07,Climate and Carbon Markets,Digital Transformation,2023-02-18,2023-06-18,2023-06-19,Completed,Medium,4,1,3,92400.0,93300.0,1.0,0.01,4.5,Yes,Referral
P1141,C-PS-Client-07,PS-Client-07,Public Sector,Stakeholder Engagement,2023-02-18,2023-03-18,2023-03-21,Completed,Low,2,1,1,8100.0,8700.0,3.0,0.076,4.1,Yes,Repeat Client
P1273,C-CEAT-Client-09,CEAT-Client-09,Creative Economy and Tourism,Market & Social Research,2023-02-20,2023-04-20,2023-05-20,Completed,Low,3,1,2,20000.0,25600.0,30.0,0.281,3.2,No,Repeat Client
P1493,C-TAI-Client-08,TAI-Client-08,Technology and Innovation,Political Risk Management,2023-02-21,2023-06-21,2023-06-25,Completed,Medium,8,4,4,197500.0,202400.0,4.0,0.025,4.7,No,Direct Outreach
P0311,C-CACM-Client-02,CACM-Client-02,Climate and Carbon Markets,Political Risk Management,2023-02-21,2023-07-21,2023-07-22,Completed,Medium,6,2,4,170000.0,171400.0,1.0,0.008,3.7,Yes,Repeat Client
P1492,C-TAI-Client-04,TAI-Client-04,Technology and Innovation,Market & Social Research,2023-02-23,2023-07-23,2023-09-11,Completed,Medium,5,2,3,113900.0,139500.0,50.0,0.225,2.8,No,Repeat Client
P1271,C-CEAT-Client-04,CEAT-Client-04,Creative Economy and Tourism,Political Risk Management,2023-02-24,2023-07-24,2023-07-24,Completed,Medium,8,4,4,124400.0,124400.0,0.0,0.0,3.7,Yes,Repeat Client
P0101,C-A-Client-07,A-Client-07,Agriculture,Stakeholder Engagement,2023-02-24,2023-07-24,2023-07-27,Completed,High,11,5,6,293500.0,299400.0,3.0,0.02,4.3,Yes,Competitive Tender
P1142,C-PS-Client-05,PS-Client-05,Public Sector,Stakeholder Engagement,2023-02-25,2023-06-25,2023-08-22,Completed,High,8,2,6,163900.0,209800.0,58.0,0.28,2.7,No,Competitive Tender
P0937,C-FAI-Client-02,FAI-Client-02,Finance and Insurance,Political Risk Management,2023-02-25,2023-09-25,2024-01-26,Completed,High,7,2,5,365500.0,502200.0,123.0,0.374,2.3,No,Repeat Client
P0098,C-A-Client-05,A-Client-05,Agriculture,Digital Transformation,2023-02-28,2023-06-28,2023-07-02,Completed,High,11,3,8,191500.0,198800.0,4.0,0.038,3.9,No,Competitive Tender
P0310,C-CACM-Client-07,CACM-Client-07,Climate and Carbon Markets,Digital Transformation,2023-02-28,2023-08-28,2023-08-31,Completed,High,13,3,10,469100.0,478000.0,3.0,0.019,4.9,No,Competitive Tender
P0691,C-E-Client-09,E-Client-09,Energy,Data Visualization & Analytics,2023-03-02,2023-04-02,2023-04-04,Completed,Low,3,1,2,13500.0,14400.0,2.0,0.063,4.4,Yes,Repeat Client
P1146,C-PS-Client-06,PS-Client-06,Public Sector,Political Risk Management,2023-03-02,2023-12-02,2023-12-05,Completed,High,12,3,9,516400.0,521000.0,3.0,0.009,4.4,Yes,Repeat Client
P1498,C-TAI-Client-04,TAI-Client-04,Technology and Innovation,Political Risk Management,2023-03-04,2023-07-04,2023-07-17,Completed,Medium,8,3,5,174100.0,192400.0,13.0,0.105,3.9,Yes,Competitive Tender
P1145,C-PS-Client-03,PS-Client-03,Public Sector,Strategic Planning,2023-03-05,2023-06-05,2023-07-02,Completed,Medium,8,2,6,126700.0,164100.0,27.0,0.295,3.5,Yes,Repeat Client
P1148,C-PS-Client-03,PS-Client-03,Public Sector,Stakeholder Engagement,2023-03-05,2023-12-05,2024-03-21,Completed,High,15,5,10,704300.0,910000.0,107.0,0.292,2.7,No,Repeat Client
P1495,C-TAI-Client-02,TAI-Client-02,Technology and Innovation,Digital Transformation,2023-03-06,2023-06-06,2023-06-10,Completed,Low,3,1,2,33200.0,34100.0,4.0,0.027,4.5,Yes,Direct Outreach
P0105,C-A-Client-06,A-Client-06,Agriculture,Strategic Planning,2023-03-06,2023-05-06,2023-05-09,Completed,Medium,6,1,5,54900.0,56700.0,3.0,0.033,3.9,Yes,Direct Outreach
P1274,C-CEAT-Client-09,CEAT-Client-09,Creative Economy and Tourism,Digital Transformation,2023-03-07,2023-06-07,2023-06-08,Completed,Low,2,1,1,18800.0,19100.0,1.0,0.014,4.5,No,Competitive Tender
P1494,C-TAI-Client-01,TAI-Client-01,Technology and Innovation,Stakeholder Engagement,2023-03-08,2023-06-08,2023-06-09,Completed,Medium,8,3,5,140800.0,141800.0,1.0,0.007,4.5,Yes,Repeat Client
P1144,C-PS-Client-08,PS-Client-08,Public Sector,Digital Transformation,2023-03-08,2023-12-08,2024-02-19,Completed,High,11,5,6,521800.0,606300.0,73.0,0.162,2.8,No,Referral
P0103,C-A-Client-06,A-Client-06,Agriculture,Political Risk Management,2023-03-14,2023-06-14,2023-07-26,Completed,Low,4,2,2,40400.0,53000.0,42.0,0.311,3.0,No,Competitive Tender
P0314,C-CACM-Client-02,CACM-Client-02,Climate and Carbon Markets,Political Risk Management,2023-03-14,2023-11-14,2024-01-10,Completed,High,13,6,7,838400.0,943200.0,57.0,0.125,3.3,No,Direct Outreach
P0104,C-A-Client-08,A-Client-08,Agriculture,Digital Transformation,2023-03-15,2023-08-15,2023-08-15,Completed,Medium,5,2,3,87700.0,87700.0,0.0,0.0,4.3,Yes,Direct Outreach
P1147,C-PS-Client-09,PS-Client-09,Public Sector,Political Risk Management,2023-03-15,2023-06-15,2023-06-17,Completed,Low,3,1,2,35200.0,35800.0,2.0,0.017,4.3,Yes,Competitive Tender
P0940,C-FAI-Client-03,FAI-Client-03,Finance and Insurance,Digital Transformation,2023-03-16,2023-06-16,2023-06-16,Completed,Low,2,1,1,27900.0,27900.0,0.0,0.0,4.0,No,Referral
P1497,C-TAI-Client-02,TAI-Client-02,Technology and Innovation,Stakeholder Engagement,2023-03-18,2023-06-18,2023-07-14,Completed,Medium,5,2,3,78800.0,91300.0,26.0,0.159,3.8,Yes,Repeat Client
P0690,C-E-Client-05,E-Client-05,Energy,Market & Social Research,2023-03-19,2023-05-19,2023-07-07,Completed,Medium,4,1,3,56500.0,82000.0,49.0,0.452,2.7,No,Repeat Client
P0942,C-FAI-Client-07,FAI-Client-07,Finance and Insurance,Political Risk Management,2023-03-20,2023-07-20,2023-07-20,Completed,Medium,8,4,4,196700.0,196700.0,0.0,0.0,4.6,No,Referral
P0943,C-FAI-Client-05,FAI-Client-05,Finance and Insurance,Political Risk Management,2023-03-20,2023-06-20,2023-06-23,Completed,Low,2,1,1,38000.0,39400.0,3.0,0.037,4.8,No,Repeat Client
P1149,C-PS-Client-07,PS-Client-07,Public Sector,Stakeholder Engagement,2023-03-20,2023-05-20,2023-05-21,Completed,Low,4,1,3,29600.0,30200.0,1.0,0.02,4.0,Yes,Direct Outreach
P1277,C-CEAT-Client-06,CEAT-Client-06,Creative Economy and Tourism,Strategic Planning,2023-03-21,2023-11-21,2023-12-10,Completed,High,9,4,5,365100.0,385900.0,19.0,0.057,3.5,Yes,Repeat Client
P0689,C-E-Client-02,E-Client-02,Energy,Strategic Planning,2023-03-22,2023-06-22,2023-06-26,Completed,Medium,7,3,4,117600.0,121200.0,4.0,0.031,3.6,No,Competitive Tender
P1276,C-CEAT-Client-07,CEAT-Client-07,Creative Economy and Tourism,Market & Social Research,2023-03-23,2023-06-23,2023-07-26,Completed,Low,2,1,1,16100.0,21400.0,33.0,0.328,3.2,No,Competitive Tender
P0939,C-FAI-Client-07,FAI-Client-07,Finance and Insurance,Stakeholder Engagement,2023-03-24,2023-07-24,2023-07-25,Completed,High,15,6,9,580000.0,583500.0,1.0,0.006,3.9,Yes,Repeat Client
P1499,C-TAI-Client-04,TAI-Client-04,Technology and Innovation,Data Visualization & Analytics,2023-03-25,2023-06-25,2023-06-27,Completed,Low,4,1,3,55300.0,56400.0,2.0,0.02,4.7,Yes,Repeat Client
P0316,C-CACM-Client-02,CACM-Client-02,Climate and Carbon Markets,Stakeholder Engagement,2023-03-25,2023-04-25,2023-04-26,Completed,Low,2,1,1,8700.0,9000.0,1.0,0.035,4.0,Yes,Repeat Client
P1275,C-CEAT-Client-05,CEAT-Client-05,Creative Economy and Tourism,Digital Transformation,2023-03-26,2023-06-26,2023-09-09,Completed,Medium,5,1,4,62700.0,92200.0,75.0,0.47,1.4,No,Repeat Client
P1496,C-TAI-Client-07,TAI-Client-07,Technology and Innovation,Strategic Planning,2023-03-27,2023-05-27,2023-05-30,Completed,Low,3,1,2,25400.0,26300.0,3.0,0.037,4.0,Yes,Repeat Client
P0941,C-FAI-Client-07,FAI-Client-07,Finance and Insurance,Digital Transformation,2023-03-27,2023-04-27,2023-06-11,Completed,Low,2,1,1,12500.0,19600.0,45.0,0.567,2.4,No,Referral
P0102,C-A-Client-05,A-Client-05,Agriculture,Market & Social Research,2023-03-27,2023-04-27,2023-04-29,Completed,Low,3,1,2,8800.0,9100.0,2.0,0.038,4.2,No,Competitive Tender
P0315,C-CACM-Client-04,CACM-Client-04,Climate and Carbon Markets,Data Visualization & Analytics,2023-03-28,2023-07-28,2023-10-23,Completed,Medium,6,2,4,121500.0,179300.0,87.0,0.476,1.5,No,Repeat Client
P1500,C-TAI-Client-03,TAI-Client-03,Technology and Innovation,Digital Transformation,2023-04-02,2023-07-02,2023-07-03,Completed,Medium,4,1,3,75300.0,76200.0,1.0,0.012,4.4,Yes,Referral
P1505,C-TAI-Client-03,TAI-Client-03,Technology and Innovation,Strategic Planning,2023-04-02,2023-07-02,2023-07-06,Completed,Low,2,1,1,27200.0,28000.0,4.0,0.031,3.9,No,Repeat Client
P0320,C-CACM-Client-08,CACM-Client-08,Climate and Carbon Markets,Stakeholder Engagement,2023-04-03,2023-07-03,2023-07-04,Completed,Medium,7,3,4,122800.0,124400.0,1.0,0.013,4.6,Yes,Repeat Client
P0695,C-E-Client-03,E-Client-03,Energy,Stakeholder Engagement,2023-04-03,2023-07-03,2023-07-23,Completed,Low,2,1,1,30700.0,36700.0,20.0,0.194,3.8,Yes,Repeat Client
P1503,C-TAI-Client-06,TAI-Client-06,Technology and Innovation,Stakeholder Engagement,2023-04-07,2023-09-07,2023-09-11,Completed,Medium,6,1,5,186600.0,190900.0,4.0,0.023,3.9,No,Competitive Tender
P1508,C-TAI-Client-06,TAI-Client-06,Technology and Innovation,Market & Social Research,2023-04-07,2023-07-07,2023-07-08,Completed,Low,4,2,2,55200.0,55800.0,1.0,0.011,4.0,Yes,Repeat Client
P1151,C-PS-Client-05,PS-Client-05,Public Sector,Data Visualization & Analytics,2023-04-08,2023-06-08,2023-06-09,Completed,Medium,7,3,4,58700.0,59400.0,1.0,0.012,4.1,No,Repeat Client
P0319,C-CACM-Client-03,CACM-Client-03,Climate and Carbon Markets,Digital Transformation,2023-04-09,2023-07-09,2023-07-11,Completed,Medium,5,2,3,96300.0,98800.0,2.0,0.026,4.1,Yes,Competitive Tender
P0944,C-FAI-Client-03,FAI-Client-03,Finance and Insurance,Market & Social Research,2023-04-11,2023-06-11,2023-06-15,Completed,Low,3,1,2,32300.0,34700.0,4.0,0.074,3.9,No,Repeat Client
P0696,C-E-Client-02,E-Client-02,Energy,Data Visualization & Analytics,2023-04-11,2023-09-11,2023-09-12,Completed,Medium,8,2,6,227600.0,228700.0,1.0,0.005,4.4,Yes,Repeat Client
P0945,C-FAI-Client-05,FAI-Client-05,Finance and Insurance,Digital Transformation,2023-04-14,2023-12-14,2023-12-16,Completed,High,15,4,11,968600.0,976300.0,2.0,0.008,5.0,Yes,Repeat Client
P1152,C-PS-Client-05,PS-Client-05,Public Sector,Strategic Planning,2023-04-14,2023-10-14,2023-12-11,Completed,High,9,2,7,254500.0,294500.0,58.0,0.157,3.1,No,Referral
P1280,C-CEAT-Client-08,CEAT-Client-08,Creative Economy and Tourism,Digital Transformation,2023-04-14,2023-09-14,2023-09-14,Completed,Medium,6,3,3,118900.0,118900.0,0.0,0.0,4.3,Yes,Direct Outreach
P1506,C-TAI-Client-02,TAI-Client-02,Technology and Innovation,Market & Social Research,2023-04-16,2023-07-16,2023-07-19,Completed,Low,2,1,1,22400.0,23300.0,3.0,0.041,3.5,No,Repeat Client
P0317,C-CACM-Client-06,CACM-Client-06,Climate and Carbon Markets,Digital Transformation,2023-04-17,2023-05-17,2023-05-17,Completed,Low,3,1,2,13400.0,13400.0,0.0,0.0,4.4,Yes,Referral
P0946,C-FAI-Client-09,FAI-Client-09,Finance and Insurance,Digital Transformation,2023-04-18,2023-06-18,2023-06-21,Completed,Low,4,1,3,37700.0,39700.0,3.0,0.053,3.3,No,Competitive Tender
P1278,C-CEAT-Client-03,CEAT-Client-03,Creative Economy and Tourism,Data Visualization & Analytics,2023-04-18,2023-12-18,2024-03-17,Completed,High,8,2,6,329900.0,431800.0,90.0,0.309,2.6,No,Referral
P0694,C-E-Client-02,E-Client-02,Energy,Data Visualization & Analytics,2023-04-20,2023-07-20,2023-07-22,Completed,Medium,6,2,4,111600.0,113900.0,2.0,0.021,3.9,No,Repeat Client
P1150,C-PS-Client-08,PS-Client-08,Public Sector,Stakeholder Engagement,2023-04-21,2023-08-21,2023-09-17,Completed,Medium,6,3,3,118500.0,133700.0,27.0,0.128,3.5,No,Repeat Client
P0692,C-E-Client-07,E-Client-07,Energy,Political Risk Management,2023-04-21,2024-01-21,2024-05-04,Completed,High,15,4,11,1018900.0,1295000.0,104.0,0.271,2.5,No,Referral
P1502,C-TAI-Client-06,TAI-Client-06,Technology and Innovation,Data Visualization & Analytics,2023-04-22,2023-05-22,2023-05-23,Completed,Low,2,1,1,9400.0,9700.0,1.0,0.028,4.4,Yes,Referral
P0693,C-E-Client-09,E-Client-09,Energy,Stakeholder Engagement,2023-04-23,2023-06-23,2023-06-24,Completed,Low,2,1,1,21200.0,21600.0,1.0,0.018,4.5,Yes,Repeat Client
P1507,C-TAI-Client-06,TAI-Client-06,Technology and Innovation,Political Risk Management,2023-04-24,2023-06-24,2023-06-24,Completed,Low,4,1,3,31400.0,31400.0,0.0,0.0,4.2,No,Repeat Client
P1509,C-TAI-Client-04,TAI-Client-04,Technology and Innovation,Strategic Planning,2023-04-25,2023-05-25,2023-05-29,Completed,Low,3,1,2,13000.0,14500.0,4.0,0.116,4.0,Yes,Referral
P1504,C-TAI-Client-02,TAI-Client-02,Technology and Innovation,Digital Transformation,2023-04-26,2023-06-26,2023-06-26,Completed,Low,2,1,1,15700.0,15700.0,0.0,0.0,4.6,No,Referral
P0318,C-CACM-Client-02,CACM-Client-02,Climate and Carbon Markets,Market & Social Research,2023-04-27,2023-07-27,2023-07-27,Completed,Medium,5,1,4,86700.0,86700.0,0.0,0.0,3.9,No,Repeat Client
P1279,C-CEAT-Client-01,CEAT-Client-01,Creative Economy and Tourism,Data Visualization & Analytics,2023-04-27,2023-05-27,2023-05-31,Completed,Low,4,1,3,10200.0,11000.0,4.0,0.077,4.4,No,Repeat Client
P0106,C-A-Client-04,A-Client-04,Agriculture,Market & Social Research,2023-04-27,2023-07-27,2023-07-31,Completed,Medium,6,3,3,77600.0,80500.0,4.0,0.038,4.3,No,Repeat Client
P1501,C-TAI-Client-03,TAI-Client-03,Technology and Innovation,Market & Social Research,2023-04-28,2023-09-28,2023-09-30,Completed,Medium,7,2,5,201300.0,203900.0,2.0,0.013,4.6,Yes,Repeat Client
P0700,C-E-Client-03,E-Client-03,Energy,Political Risk Management,2023-05-01,2023-08-01,2023-08-22,Completed,Medium,4,1,3,85400.0,100100.0,21.0,0.172,4.2,Yes,Repeat Client
P1153,C-PS-Client-06,PS-Client-06,Public Sector,Data Visualization & Analytics,2023-05-01,2023-08-01,,Cancelled,Low,2,1,1,23300.0,24500.0,,,,N/A,Repeat Client
P0324,C-CACM-Client-02,CACM-Client-02,Climate and Carbon Markets,Data Visualization & Analytics,2023-05-02,2023-11-02,2023-11-05,Completed,High,15,4,11,595200.0,605300.0,3.0,0.017,4.5,Yes,Repeat Client
P0950,C-FAI-Client-08,FAI-Client-08,Finance and Insurance,Stakeholder Engagement,2023-05-04,2023-09-04,2023-09-07,Completed,Medium,8,4,4,198800.0,204400.0,3.0,0.028,4.2,Yes,Repeat Client
P1282,C-CEAT-Client-05,CEAT-Client-05,Creative Economy and Tourism,Stakeholder Engagement,2023-05-05,2023-06-05,2023-06-16,Completed,Low,2,1,1,5600.0,7400.0,11.0,0.319,3.5,No,Repeat Client
P1516,C-TAI-Client-08,TAI-Client-08,Technology and Innovation,Political Risk Management,2023-05-05,2023-07-05,2023-07-08,Completed,Medium,7,3,4,64200.0,67700.0,3.0,0.054,4.0,No,Repeat Client
P1515,C-TAI-Client-01,TAI-Client-01,Technology and Innovation,Data Visualization & Analytics,2023-05-05,2023-07-05,2023-08-05,Completed,Medium,8,4,4,82900.0,100700.0,31.0,0.215,3.8,No,Competitive Tender
P0107,C-A-Client-04,A-Client-04,Agriculture,Political Risk Management,2023-05-05,2023-09-05,2023-11-29,Completed,High,7,2,5,136300.0,185900.0,85.0,0.364,2.2,No,Direct Outreach
P1517,C-TAI-Client-05,TAI-Client-05,Technology and Innovation,Stakeholder Engagement,2023-05-06,2023-09-06,2023-09-10,Completed,Medium,5,2,3,97700.0,100000.0,4.0,0.024,4.3,Yes,Referral
P0947,C-FAI-Client-05,FAI-Client-05,Finance and Insurance,Digital Transformation,2023-05-07,2023-08-07,2023-10-30,Completed,Medium,5,1,4,84800.0,129900.0,84.0,0.532,1.8,No,Competitive Tender
P1514,C-TAI-Client-04,TAI-Client-04,Technology and Innovation,Data Visualization & Analytics,2023-05-07,2023-09-07,2023-09-07,Completed,Medium,6,1,5,151300.0,151300.0,0.0,0.0,4.1,No,Referral
P0698,C-E-Client-02,E-Client-02,Energy,Political Risk Management,2023-05-08,2023-07-08,2023-07-09,Completed,Medium,7,2,5,80100.0,81700.0,1.0,0.02,3.7,No,Repeat Client
P1511,C-TAI-Client-08,TAI-Client-08,Technology and Innovation,Strategic Planning,2023-05-08,2023-07-08,2023-07-10,Completed,Medium,7,3,4,63500.0,65700.0,2.0,0.034,3.9,Yes,Repeat Client
P0110,C-A-Client-02,A-Client-02,Agriculture,Political Risk Management,2023-05-08,2023-08-08,2023-10-11,Completed,Medium,4,2,2,48400.0,66600.0,64.0,0.375,2.4,No,Repeat Client
P1510,C-TAI-Client-04,TAI-Client-04,Technology and Innovation,Political Risk Management,2023-05-08,2024-02-08,2024-04-07,Completed,High,13,6,7,811900.0,967000.0,59.0,0.191,3.3,No,Repeat Client
P1155,C-PS-Client-05,PS-Client-05,Public Sector,Stakeholder Engagement,2023-05-10,2023-07-10,2023-07-10,Completed,Medium,7,2,5,73600.0,73600.0,0.0,0.0,3.9,No,Repeat Client
P0322,C-CACM-Client-02,CACM-Client-02,Climate and Carbon Markets,Political Risk Management,2023-05-11,2023-06-11,2023-06-15,Completed,Low,3,1,2,12800.0,14700.0,4.0,0.15,3.5,Yes,Competitive Tender
P0948,C-FAI-Client-03,FAI-Client-03,Finance and Insurance,Stakeholder Engagement,2023-05-12,2023-08-12,2023-08-12,Completed,Low,2,1,1,29500.0,29500.0,0.0,0.0,4.4,Yes,Repeat Client
P1513,C-TAI-Client-08,TAI-Client-08,Technology and Innovation,Digital Transformation,2023-05-13,2023-07-13,2023-07-17,Completed,Low,2,1,1,19200.0,20400.0,4.0,0.06,3.8,No,Repeat Client
P1512,C-TAI-Client-08,TAI-Client-08,Technology and Innovation,Market & Social Research,2023-05-14,2023-06-14,2023-06-17,Completed,Low,2,1,1,10300.0,11200.0,3.0,0.089,4.0,No,Direct Outreach
P0323,C-CACM-Client-05,CACM-Client-05,Climate and Carbon Markets,Stakeholder Engagement,2023-05-15,2023-08-15,2023-08-19,Completed,Low,3,1,2,41200.0,43200.0,4.0,0.049,3.7,Yes,Repeat Client
P0325,C-CACM-Client-01,CACM-Client-01,Climate and Carbon Markets,Data Visualization & Analytics,2023-05-15,2023-10-15,2023-10-15,Completed,Medium,4,1,3,101000.0,101000.0,0.0,0.0,4.4,Yes,Repeat Client
P1154,C-PS-Client-08,PS-Client-08,Public Sector,Political Risk Management,2023-05-16,2023-08-16,2023-08-20,Completed,Low,2,1,1,21200.0,21900.0,4.0,0.032,4.2,No,Direct Outreach
P0949,C-FAI-Client-06,FAI-Client-06,Finance and Insurance,Digital Transformation,2023-05-18,2023-08-18,2023-08-19,Completed,Low,4,1,3,75600.0,76400.0,1.0,0.011,4.3,No,Competitive Tender
P0951,C-FAI-Client-09,FAI-Client-09,Finance and Insurance,Data Visualization & Analytics,2023-05-19,2024-02-19,2024-02-20,Completed,High,13,4,9,1070800.0,1075100.0,1.0,0.004,3.7,No,Referral
P0109,C-A-Client-08,A-Client-08,Agriculture,Political Risk Management,2023-05-19,2023-10-19,2023-10-22,Completed,High,13,6,7,353800.0,358800.0,3.0,0.014,4.2,No,Competitive Tender
P1283,C-CEAT-Client-04,CEAT-Client-04,Creative Economy and Tourism,Market & Social Research,2023-05-19,2024-01-19,2024-02-13,Completed,High,10,3,7,294900.0,313200.0,25.0,0.062,3.7,No,Repeat Client
P0108,C-A-Client-07,A-Client-07,Agriculture,Digital Transformation,2023-05-20,2023-07-20,2023-09-20,Completed,Medium,7,3,4,51600.0,74100.0,62.0,0.436,2.7,No,Repeat Client
P0699,C-E-Client-03,E-Client-03,Energy,Strategic Planning,2023-05-20,2023-07-20,2023-10-07,Completed,Medium,6,2,4,71500.0,110500.0,79.0,0.545,1.5,No,Competitive Tender
P0697,C-E-Client-04,E-Client-04,Energy,Strategic Planning,2023-05-23,2023-07-23,2023-07-24,Completed,Low,4,2,2,35900.0,36500.0,1.0,0.017,3.9,No,Repeat Client
P0321,C-CACM-Client-06,CACM-Client-06,Climate and Carbon Markets,Digital Transformation,2023-05-25,2023-10-25,2023-12-18,Completed,Medium,8,3,5,233700.0,287000.0,54.0,0.228,3.2,Yes,Referral
P1281,C-CEAT-Client-04,CEAT-Client-04,Creative Economy and Tourism,Strategic Planning,2023-05-27,2023-09-27,2023-09-29,Completed,Medium,5,2,3,83600.0,84600.0,2.0,0.012,4.4,No,Direct Outreach
P0953,C-FAI-Client-01,FAI-Client-01,Finance and Insurance,Digital Transformation,2023-06-01,2023-11-01,2023-11-04,Completed,Medium,5,2,3,190700.0,194700.0,3.0,0.021,4.2,No,Repeat Client
P0954,C-FAI-Client-03,FAI-Client-03,Finance and Insurance,Data Visualization & Analytics,2023-06-02,2023-07-02,2023-07-03,Completed,Low,3,1,2,16000.0,16500.0,1.0,0.029,5.0,No,Repeat Client
P1518,C-TAI-Client-03,TAI-Client-03,Technology and Innovation,Stakeholder Engagement,2023-06-06,2023-09-06,2023-09-10,Completed,Low,4,2,2,54600.0,56800.0,4.0,0.04,3.4,No,Competitive Tender
P0111,C-A-Client-08,A-Client-08,Agriculture,Strategic Planning,2023-06-08,2023-07-08,2023-07-11,Completed,Low,4,1,3,13200.0,14600.0,3.0,0.109,4.0,Yes,Referral
P1288,C-CEAT-Client-01,CEAT-Client-01,Creative Economy and Tourism,Data Visualization & Analytics,2023-06-08,2023-08-08,,Cancelled,Medium,7,2,5,45200.0,61700.0,,,,N/A,Repeat Client
P0704,C-E-Client-08,E-Client-08,Energy,Stakeholder Engagement,2023-06-09,2023-08-09,2023-08-28,Completed,Medium,7,3,4,92600.0,109500.0,19.0,0.182,3.8,No,Repeat Client
P1521,C-TAI-Client-07,TAI-Client-07,Technology and Innovation,Digital Transformation,2023-06-09,2023-07-09,2023-08-02,Completed,Low,4,1,3,16700.0,26000.0,24.0,0.559,3.6,Yes,Repeat Client
P0703,C-E-Client-09,E-Client-09,Energy,Strategic Planning,2023-06-11,2023-08-11,2023-08-13,Completed,Low,3,1,2,26300.0,27200.0,2.0,0.036,4.3,No,Repeat Client
P0705,C-E-Client-10,E-Client-10,Energy,Market & Social Research,2023-06-12,2023-07-12,2023-08-15,Completed,Low,3,1,2,14900.0,23800.0,34.0,0.6,2.7,Yes,Repeat Client
P0701,C-E-Client-06,E-Client-06,Energy,Market & Social Research,2023-06-12,2023-10-12,2023-10-13,Completed,Medium,5,2,3,108100.0,109100.0,1.0,0.009,4.0,No,Repeat Client
P0332,C-CACM-Client-03,CACM-Client-03,Climate and Carbon Markets,Data Visualization & Analytics,2023-06-15,2023-08-15,2023-08-16,Completed,Low,4,1,3,32900.0,33500.0,1.0,0.019,4.8,Yes,Repeat Client
P0330,C-CACM-Client-02,CACM-Client-02,Climate and Carbon Markets,Stakeholder Engagement,2023-06-15,2023-07-15,2023-07-19,Completed,Low,3,1,2,12100.0,13200.0,4.0,0.092,4.5,No,Direct Outreach
P1287,C-CEAT-Client-03,CEAT-Client-03,Creative Economy and Tourism,Market & Social Research,2023-06-16,2023-08-16,2023-08-18,Completed,Low,2,1,1,12900.0,13200.0,2.0,0.022,4.1,Yes,Repeat Client
P1520,C-TAI-Client-08,TAI-Client-08,Technology and Innovation,Political Risk Management,2023-06-16,2023-07-16,2023-07-18,Completed,Low,4,2,2,18600.0,19700.0,2.0,0.059,4.1,No,Repeat Client
P1286,C-CEAT-Client-03,CEAT-Client-03,Creative Economy and Tourism,Political Risk Management,2023-06-16,2024-03-16,2024-04-23,Completed,High,12,3,9,530400.0,596700.0,38.0,0.125,4.0,No,Repeat Client
P0112,C-A-Client-08,A-Client-08,Agriculture,Market & Social Research,2023-06-18,2023-09-18,2023-11-06,Completed,Medium,4,1,3,44400.0,60600.0,49.0,0.364,2.7,No,Direct Outreach
P1519,C-TAI-Client-07,TAI-Client-07,Technology and Innovation,Stakeholder Engagement,2023-06-18,2023-09-18,2023-09-20,Completed,Medium,4,1,3,59900.0,60800.0,2.0,0.015,4.7,Yes,Repeat Client
P0327,C-CACM-Client-01,CACM-Client-01,Climate and Carbon Markets,Political Risk Management,2023-06-20,2023-11-20,2023-11-22,Completed,Medium,7,2,5,173700.0,176500.0,2.0,0.016,4.2,Yes,Repeat Client
P0329,C-CACM-Client-03,CACM-Client-03,Climate and Carbon Markets,Strategic Planning,2023-06-20,2023-11-20,2023-11-22,Completed,Medium,8,2,6,256400.0,260500.0,2.0,0.016,4.3,No,Repeat Client
P0114,C-A-Client-07,A-Client-07,Agriculture,Stakeholder Engagement,2023-06-20,2024-03-20,2024-03-23,Completed,High,15,4,11,596100.0,600300.0,3.0,0.007,4.3,No,Repeat Client
P0331,C-CACM-Client-04,CACM-Client-04,Climate and Carbon Markets,Digital Transformation,2023-06-21,2023-07-21,2023-07-22,Completed,Low,2,1,1,11100.0,11400.0,1.0,0.026,4.5,No,Competitive Tender
P1284,C-CEAT-Client-02,CEAT-Client-02,Creative Economy and Tourism,Digital Transformation,2023-06-22,2023-07-22,2023-07-23,Completed,Low,3,1,2,8800.0,9100.0,1.0,0.033,3.8,No,Competitive Tender
P0702,C-E-Client-02,E-Client-02,Energy,Strategic Planning,2023-06-24,2023-08-24,2023-08-25,Completed,Low,4,1,3,42100.0,42800.0,1.0,0.017,4.7,Yes,Direct Outreach
P1285,C-CEAT-Client-09,CEAT-Client-09,Creative Economy and Tourism,Stakeholder Engagement,2023-06-25,2024-01-25,,Cancelled,High,9,4,5,255600.0,303900.0,,,,N/A,Competitive Tender
P0113,C-A-Client-06,A-Client-06,Agriculture,Political Risk Management,2023-06-26,2023-11-26,2024-01-06,Completed,Medium,8,2,6,154100.0,177100.0,41.0,0.149,3.5,No,Repeat Client
P0328,C-CACM-Client-04,CACM-Client-04,Climate and Carbon Markets,Data Visualization & Analytics,2023-06-26,2023-09-26,2023-09-26,Completed,Low,4,2,2,49900.0,49900.0,0.0,0.0,4.2,Yes,Referral
P0326,C-CACM-Client-02,CACM-Client-02,Climate and Carbon Markets,Stakeholder Engagement,2023-06-27,2023-08-27,2023-08-28,Completed,Low,2,1,1,17000.0,17300.0,1.0,0.016,4.2,No,Repeat Client
P0952,C-FAI-Client-09,FAI-Client-09,Finance and Insurance,Strategic Planning,2023-06-28,2024-01-28,2024-04-29,Completed,High,7,2,5,446700.0,552600.0,92.0,0.237,2.9,Yes,Direct Outreach
P1524,C-TAI-Client-01,TAI-Client-01,Technology and Innovation,Political Risk Management,2023-07-01,2023-09-01,2023-09-03,Completed,Low,2,1,1,16300.0,16800.0,2.0,0.032,4.1,No,Repeat Client
P0709,C-E-Client-07,E-Client-07,Energy,Market & Social Research,2023-07-02,2023-12-02,2023-12-05,Completed,Medium,6,2,4,161900.0,165800.0,3.0,0.024,4.3,No,Repeat Client
P0335,C-CACM-Client-05,CACM-Client-05,Climate and Carbon Markets,Digital Transformation,2023-07-04,2023-12-04,2023-12-07,Completed,Medium,6,3,3,199600.0,202600.0,3.0,0.015,4.0,No,Direct Outreach
P0710,C-E-Client-07,E-Client-07,Energy,Market & Social Research,2023-07-06,2023-08-06,2023-08-06,Completed,Low,4,1,3,24200.0,24200.0,0.0,0.0,4.7,Yes,Repeat Client
P1290,C-CEAT-Client-06,CEAT-Client-06,Creative Economy and Tourism,Political Risk Management,2023-07-06,2024-02-06,2024-02-06,Completed,High,14,4,10,478200.0,478200.0,0.0,0.0,4.2,Yes,Repeat Client
P1156,C-PS-Client-06,PS-Client-06,Public Sector,Market & Social Research,2023-07-08,2023-08-08,2023-08-08,Completed,Low,4,2,2,13200.0,13200.0,0.0,0.0,4.9,No,Repeat Client
P1291,C-CEAT-Client-01,CEAT-Client-01,Creative Economy and Tourism,Stakeholder Engagement,2023-07-08,2023-12-08,2023-12-08,Completed,Medium,7,3,4,109900.0,109900.0,0.0,0.0,4.1,No,Repeat Client
P0711,C-E-Client-06,E-Client-06,Energy,Data Visualization & Analytics,2023-07-11,2023-10-11,2024-01-01,Completed,Medium,7,2,5,119500.0,169600.0,82.0,0.419,1.9,No,Repeat Client
P0119,C-A-Client-03,A-Client-03,Agriculture,Market & Social Research,2023-07-11,2023-09-11,2023-09-12,Completed,Medium,5,2,3,45800.0,46600.0,1.0,0.017,4.6,Yes,Direct Outreach
P0706,C-E-Client-02,E-Client-02,Energy,Stakeholder Engagement,2023-07-12,2023-10-12,2023-10-16,Completed,Medium,6,2,4,101600.0,106400.0,4.0,0.047,4.3,No,Repeat Client
P0957,C-FAI-Client-09,FAI-Client-09,Finance and Insurance,Market & Social Research,2023-07-12,2023-09-12,2023-09-13,Completed,Low,2,1,1,25200.0,25700.0,1.0,0.021,4.3,No,Repeat Client
P0333,C-CACM-Client-07,CACM-Client-07,Climate and Carbon Markets,Data Visualization & Analytics,2023-07-12,2023-09-12,2023-09-14,Completed,Low,3,1,2,25300.0,25900.0,2.0,0.025,4.6,No,Direct Outreach
P1289,C-CEAT-Client-04,CEAT-Client-04,Creative Economy and Tourism,Strategic Planning,2023-07-14,2023-12-14,2023-12-17,Completed,High,10,3,7,245800.0,251900.0,3.0,0.025,4.8,No,Repeat Client
P0115,C-A-Client-08,A-Client-08,Agriculture,Data Visualization & Analytics,2023-07-15,2023-12-15,2023-12-17,Completed,High,14,5,9,386500.0,392300.0,2.0,0.015,4.0,Yes,Repeat Client
P0117,C-A-Client-08,A-Client-08,Agriculture,Strategic Planning,2023-07-16,2023-10-16,2023-10-16,Completed,Medium,6,2,4,85400.0,85400.0,0.0,0.0,5.0,Yes,Direct Outreach
P0708,C-E-Client-01,E-Client-01,Energy,Market & Social Research,2023-07-17,2023-08-17,2023-08-20,Completed,Low,2,1,1,10600.0,11600.0,3.0,0.097,4.7,Yes,Referral
P1523,C-TAI-Client-03,TAI-Client-03,Technology and Innovation,Stakeholder Engagement,2023-07-19,2023-08-19,2023-08-22,Completed,Low,4,2,2,19200.0,20700.0,3.0,0.076,4.3,No,Referral
P0334,C-CACM-Client-02,CACM-Client-02,Climate and Carbon Markets,Data Visualization & Analytics,2023-07-22,2023-09-22,2023-10-02,Completed,Medium,6,3,3,78000.0,86300.0,10.0,0.107,4.2,Yes,Competitive Tender
P0707,C-E-Client-04,E-Client-04,Energy,Digital Transformation,2023-07-22,2024-04-22,2024-06-16,Completed,High,8,4,4,473200.0,551800.0,55.0,0.166,3.0,No,Competitive Tender
P0955,C-FAI-Client-01,FAI-Client-01,Finance and Insurance,Digital Transformation,2023-07-22,2024-01-22,2024-01-22,Completed,High,9,4,5,388500.0,388500.0,0.0,0.0,4.2,No,Repeat Client
P0118,C-A-Client-05,A-Client-05,Agriculture,Data Visualization & Analytics,2023-07-23,2023-09-23,2023-09-25,Completed,Low,2,1,1,15000.0,15400.0,2.0,0.027,4.3,Yes,Referral
P1292,C-CEAT-Client-07,CEAT-Client-07,Creative Economy and Tourism,Stakeholder Engagement,2023-07-24,2023-12-24,2023-12-25,Completed,Medium,6,2,4,90500.0,91000.0,1.0,0.006,4.1,No,Repeat Client
P0116,C-A-Client-05,A-Client-05,Agriculture,Stakeholder Engagement,2023-07-25,2023-08-25,2023-08-26,Completed,Low,4,1,3,15000.0,15300.0,1.0,0.023,4.2,No,Repeat Client
P0956,C-FAI-Client-09,FAI-Client-09,Finance and Insurance,Strategic Planning,2023-07-26,2023-09-26,2023-09-30,Completed,Low,2,1,1,23500.0,24700.0,4.0,0.053,4.0,No,Repeat Client
P0712,C-E-Client-06,E-Client-06,Energy,Strategic Planning,2023-07-27,2023-08-27,2023-08-29,Completed,Low,4,2,2,24000.0,25100.0,2.0,0.044,4.9,No,Repeat Client
P1522,C-TAI-Client-06,TAI-Client-06,Technology and Innovation,Political Risk Management,2023-07-28,2023-12-28,2024-01-01,Completed,High,10,4,6,301400.0,310100.0,4.0,0.029,4.4,No,Repeat Client
P0122,C-A-Client-07,A-Client-07,Agriculture,Stakeholder Engagement,2023-08-02,2023-09-02,2023-09-16,Completed,Low,3,1,2,9800.0,12800.0,14.0,0.307,3.3,No,Repeat Client
P0337,C-CACM-Client-05,CACM-Client-05,Climate and Carbon Markets,Digital Transformation,2023-08-03,2023-11-03,2023-11-07,Completed,Medium,6,3,3,117100.0,121400.0,4.0,0.037,4.1,No,Referral
P0717,C-E-Client-10,E-Client-10,Energy,Market & Social Research,2023-08-10,2024-04-10,2024-04-13,Completed,High,11,2,9,577900.0,584800.0,3.0,0.012,4.4,No,Direct Outreach
P1529,C-TAI-Client-01,TAI-Client-01,Technology and Innovation,Political Risk Management,2023-08-10,2023-11-10,2023-12-31,Completed,Medium,4,2,2,71400.0,102100.0,51.0,0.43,2.4,No,Direct Outreach
P1298,C-CEAT-Client-08,CEAT-Client-08,Creative Economy and Tourism,Market & Social Research,2023-08-13,2023-12-13,2023-12-13,Completed,Medium,6,3,3,97800.0,97800.0,0.0,0.0,4.7,No,Referral
P0120,C-A-Client-04,A-Client-04,Agriculture,Strategic Planning,2023-08-13,2024-05-13,2024-08-30,Completed,High,9,2,7,367300.0,467200.0,109.0,0.272,2.3,No,Direct Outreach
P1526,C-TAI-Client-02,TAI-Client-02,Technology and Innovation,Political Risk Management,2023-08-13,2023-10-13,2023-10-14,Completed,Low,4,1,3,40500.0,41000.0,1.0,0.013,5.0,Yes,Direct Outreach
P0121,C-A-Client-08,A-Client-08,Agriculture,Political Risk Management,2023-08-14,2023-10-14,2023-10-15,Completed,Low,3,1,2,17600.0,17900.0,1.0,0.017,4.6,No,Repeat Client
P1157,C-PS-Client-07,PS-Client-07,Public Sector,Market & Social Research,2023-08-14,2023-11-14,2023-11-14,Completed,Low,3,1,2,38300.0,38300.0,0.0,0.0,4.6,No,Repeat Client
P1299,C-CEAT-Client-01,CEAT-Client-01,Creative Economy and Tourism,Digital Transformation,2023-08-14,2023-10-14,2023-10-14,Completed,Low,4,1,3,23400.0,23400.0,0.0,0.0,4.2,No,Repeat Client
P1295,C-CEAT-Client-04,CEAT-Client-04,Creative Economy and Tourism,Stakeholder Engagement,2023-08-15,2023-10-15,2023-11-21,Completed,Low,2,1,1,12700.0,16600.0,37.0,0.304,2.6,No,Referral
P0718,C-E-Client-08,E-Client-08,Energy,Market & Social Research,2023-08-15,2023-12-15,2024-03-04,Completed,Medium,8,2,6,188700.0,247600.0,80.0,0.312,2.7,No,Competitive Tender
P0715,C-E-Client-06,E-Client-06,Energy,Strategic Planning,2023-08-15,2023-12-15,2023-12-18,Completed,Medium,6,2,4,158900.0,162600.0,3.0,0.023,4.5,Yes,Repeat Client
P1527,C-TAI-Client-01,TAI-Client-01,Technology and Innovation,Digital Transformation,2023-08-16,2023-09-16,2023-09-20,Completed,Low,2,1,1,9200.0,9900.0,4.0,0.073,4.1,No,Competitive Tender
P0713,C-E-Client-03,E-Client-03,Energy,Market & Social Research,2023-08-17,2023-11-17,2023-12-14,Completed,Low,2,1,1,32300.0,38500.0,27.0,0.192,3.6,Yes,Repeat Client
P1297,C-CEAT-Client-05,CEAT-Client-05,Creative Economy and Tourism,Political Risk Management,2023-08-17,2023-10-17,2023-10-17,Completed,Medium,5,2,3,37800.0,37800.0,0.0,0.0,4.2,Yes,Referral
P1296,C-CEAT-Client-09,CEAT-Client-09,Creative Economy and Tourism,Political Risk Management,2023-08-18,2024-01-18,2024-01-20,Completed,Medium,4,1,3,67600.0,68300.0,2.0,0.011,3.6,No,Repeat Client
P0339,C-CACM-Client-03,CACM-Client-03,Climate and Carbon Markets,Digital Transformation,2023-08-18,2024-01-18,2024-01-22,Completed,Medium,6,1,5,156200.0,160900.0,4.0,0.03,3.5,Yes,Referral
P0716,C-E-Client-06,E-Client-06,Energy,Market & Social Research,2023-08-18,2024-01-18,2024-01-20,Completed,Medium,4,2,2,142300.0,144600.0,2.0,0.016,5.0,No,Repeat Client
P1294,C-CEAT-Client-09,CEAT-Client-09,Creative Economy and Tourism,Strategic Planning,2023-08-21,2023-11-21,2023-11-21,Completed,Low,2,1,1,16800.0,16800.0,0.0,0.0,4.4,No,Repeat Client
P1530,C-TAI-Client-08,TAI-Client-08,Technology and Innovation,Stakeholder Engagement,2023-08-22,2023-12-22,2023-12-24,Completed,Medium,5,1,4,107300.0,109400.0,2.0,0.02,4.4,No,Referral
P0123,C-A-Client-07,A-Client-07,Agriculture,Political Risk Management,2023-08-23,2023-10-23,2023-12-30,Completed,Medium,8,3,5,57600.0,90200.0,68.0,0.566,2.5,No,Repeat Client
P0338,C-CACM-Client-02,CACM-Client-02,Climate and Carbon Markets,Data Visualization & Analytics,2023-08-23,2024-01-23,2024-03-20,Completed,Medium,5,1,4,170600.0,223100.0,57.0,0.308,2.9,No,Repeat Client
P0340,C-CACM-Client-02,CACM-Client-02,Climate and Carbon Markets,Digital Transformation,2023-08-23,2023-11-23,2023-11-24,Completed,Low,4,2,2,56700.0,57300.0,1.0,0.011,4.0,No,Repeat Client
P1525,C-TAI-Client-07,TAI-Client-07,Technology and Innovation,Stakeholder Engagement,2023-08-24,2024-04-24,2024-04-24,Completed,High,7,2,5,327300.0,327300.0,0.0,0.0,4.1,No,Referral
P0719,C-E-Client-01,E-Client-01,Energy,Political Risk Management,2023-08-24,2023-11-24,2023-11-27,Completed,Medium,5,2,3,87500.0,89900.0,3.0,0.027,4.4,Yes,Direct Outreach
P0958,C-FAI-Client-09,FAI-Client-09,Finance and Insurance,Digital Transformation,2023-08-24,2024-01-24,2024-03-18,Completed,Medium,5,2,3,153200.0,184800.0,54.0,0.206,3.0,No,Referral
P1293,C-CEAT-Client-09,CEAT-Client-09,Creative Economy and Tourism,Stakeholder Engagement,2023-08-24,2023-11-24,2023-11-28,Completed,Low,4,2,2,33000.0,34000.0,4.0,0.029,3.8,No,Referral
P1528,C-TAI-Client-03,TAI-Client-03,Technology and Innovation,Data Visualization & Analytics,2023-08-24,2023-10-24,2023-10-26,Completed,Low,2,1,1,18500.0,19100.0,2.0,0.032,4.7,Yes,Competitive Tender
P1531,C-TAI-Client-08,TAI-Client-08,Technology and Innovation,Political Risk Management,2023-08-24,2023-11-24,2023-11-25,Completed,Low,2,1,1,23600.0,23900.0,1.0,0.011,4.4,No,Repeat Client
P1532,C-TAI-Client-03,TAI-Client-03,Technology and Innovation,Data Visualization & Analytics,2023-08-25,2024-01-25,2024-01-28,Completed,High,13,5,8,465000.0,476200.0,3.0,0.024,4.7,Yes,Repeat Client
P0714,C-E-Client-07,E-Client-07,Energy,Strategic Planning,2023-08-26,2023-11-26,2023-11-28,Completed,Low,2,1,1,31200.0,31600.0,2.0,0.014,4.5,No,Repeat Client
P0336,C-CACM-Client-03,CACM-Client-03,Climate and Carbon Markets,Data Visualization & Analytics,2023-08-28,2023-11-28,2023-11-30,Completed,Low,4,2,2,56300.0,57800.0,2.0,0.027,3.8,No,Repeat Client
P0961,C-FAI-Client-04,FAI-Client-04,Finance and Insurance,Stakeholder Engagement,2023-09-01,2024-06-01,2024-06-26,Completed,High,11,4,7,701900.0,763700.0,25.0,0.088,4.0,No,Competitive Tender
P0720,C-E-Client-06,E-Client-06,Energy,Digital Transformation,2023-09-01,2023-10-01,2023-10-02,Completed,Low,4,1,3,20300.0,21100.0,1.0,0.04,4.2,No,Repeat Client
P0124,C-A-Client-07,A-Client-07,Agriculture,Political Risk Management,2023-09-01,2023-11-01,2023-11-12,Completed,Low,3,1,2,20100.0,23000.0,11.0,0.142,3.8,Yes,Direct Outreach
P1536,C-TAI-Client-01,TAI-Client-01,Technology and Innovation,Stakeholder Engagement,2023-09-03,2023-12-03,2023-12-03,Completed,Low,3,1,2,40000.0,40000.0,0.0,0.0,4.5,No,Repeat Client
P0344,C-CACM-Client-02,CACM-Client-02,Climate and Carbon Markets,Stakeholder Engagement,2023-09-05,2023-10-05,2023-10-08,Completed,Low,3,1,2,13900.0,15000.0,3.0,0.078,4.2,Yes,Competitive Tender
P1158,C-PS-Client-07,PS-Client-07,Public Sector,Political Risk Management,2023-09-06,2023-12-06,2023-12-09,Completed,Low,4,2,2,46000.0,47800.0,3.0,0.039,3.9,No,Repeat Client
P0723,C-E-Client-08,E-Client-08,Energy,Strategic Planning,2023-09-07,2023-12-07,2024-02-14,Completed,Medium,7,2,5,130900.0,177000.0,69.0,0.352,2.4,No,Referral
P1159,C-PS-Client-07,PS-Client-07,Public Sector,Digital Transformation,2023-09-08,2024-03-08,2024-05-26,Completed,High,8,3,5,291000.0,352400.0,79.0,0.211,3.1,No,Referral
P0126,C-A-Client-08,A-Client-08,Agriculture,Strategic Planning,2023-09-08,2024-01-08,2024-01-11,Completed,Medium,7,3,4,99700.0,101500.0,3.0,0.018,4.0,No,Repeat Client
P0959,C-FAI-Client-07,FAI-Client-07,Finance and Insurance,Political Risk Management,2023-09-10,2023-11-10,2023-11-11,Completed,Medium,7,2,5,104000.0,106100.0,1.0,0.02,3.7,No,Repeat Client
P0346,C-CACM-Client-07,CACM-Client-07,Climate and Carbon Markets,Market & Social Research,2023-09-11,2023-12-11,2023-12-12,Completed,Medium,8,2,6,140800.0,142600.0,1.0,0.013,4.2,No,Referral
P1538,C-TAI-Client-01,TAI-Client-01,Technology and Innovation,Data Visualization & Analytics,2023-09-12,2024-02-12,,Cancelled,Medium,8,3,5,239100.0,241000.0,,,,N/A,Referral
P0342,C-CACM-Client-04,CACM-Client-04,Climate and Carbon Markets,Data Visualization & Analytics,2023-09-12,2024-03-12,2024-03-12,Completed,High,9,2,7,446100.0,446100.0,0.0,0.0,3.5,Yes,Referral
P0127,C-A-Client-07,A-Client-07,Agriculture,Digital Transformation,2023-09-13,2023-11-13,2023-11-15,Completed,Low,4,2,2,29600.0,30600.0,2.0,0.033,4.9,Yes,Direct Outreach
P1535,C-TAI-Client-04,TAI-Client-04,Technology and Innovation,Digital Transformation,2023-09-14,2024-01-14,2024-02-19,Completed,Medium,8,4,4,165700.0,190400.0,36.0,0.149,3.3,No,Referral
P0125,C-A-Client-04,A-Client-04,Agriculture,Political Risk Management,2023-09-18,2023-12-18,2023-12-21,Completed,Low,4,2,2,46200.0,48000.0,3.0,0.039,3.5,No,Repeat Client
P1533,C-TAI-Client-02,TAI-Client-02,Technology and Innovation,Political Risk Management,2023-09-21,2024-02-21,2024-05-18,Completed,Medium,4,2,2,125100.0,175400.0,87.0,0.402,2.3,No,Referral
P0341,C-CACM-Client-06,CACM-Client-06,Climate and Carbon Markets,Strategic Planning,2023-09-22,2023-11-22,2023-11-23,Completed,Low,4,1,3,38100.0,38800.0,1.0,0.019,4.0,Yes,Competitive Tender
P1537,C-TAI-Client-02,TAI-Client-02,Technology and Innovation,Political Risk Management,2023-09-22,2023-11-22,2023-12-26,Completed,Low,2,1,1,19800.0,27500.0,34.0,0.387,3.0,No,Referral
P1534,C-TAI-Client-01,TAI-Client-01,Technology and Innovation,Data Visualization & Analytics,2023-09-23,2024-03-23,2024-03-27,Completed,High,15,7,8,675900.0,692100.0,4.0,0.024,4.5,No,Direct Outreach
P0345,C-CACM-Client-01,CACM-Client-01,Climate and Carbon Markets,Digital Transformation,2023-09-25,2023-12-25,2024-01-18,Completed,Low,4,1,3,61000.0,70300.0,24.0,0.153,3.2,No,Referral
P0343,C-CACM-Client-04,CACM-Client-04,Climate and Carbon Markets,Market & Social Research,2023-09-25,2024-02-25,2024-04-08,Completed,Medium,5,2,3,149700.0,172500.0,43.0,0.152,3.5,Yes,Referral
P0722,C-E-Client-05,E-Client-05,Energy,Strategic Planning,2023-09-25,2023-12-25,2023-12-29,Completed,Low,3,1,2,51400.0,53000.0,4.0,0.032,4.2,Yes,Repeat Client
P0960,C-FAI-Client-09,FAI-Client-09,Finance and Insurance,Strategic Planning,2023-09-26,2023-12-26,2023-12-30,Completed,Low,3,1,2,56700.0,59000.0,4.0,0.041,4.8,Yes,Repeat Client
P0721,C-E-Client-06,E-Client-06,Energy,Strategic Planning,2023-09-27,2023-12-27,2024-01-22,Completed,Low,2,1,1,35300.0,45200.0,26.0,0.281,3.4,No,Repeat Client
P0962,C-FAI-Client-06,FAI-Client-06,Finance and Insurance,Stakeholder Engagement,2023-09-28,2024-04-28,2024-04-29,Completed,High,10,5,5,482400.0,484800.0,1.0,0.005,4.5,Yes,Repeat Client
P0354,C-CACM-Client-06,CACM-Client-06,Climate and Carbon Markets,Stakeholder Engagement,2023-10-02,2024-07-02,2024-10-25,Completed,High,14,5,9,837100.0,1053100.0,115.0,0.258,2.1,No,Referral
P0355,C-CACM-Client-02,CACM-Client-02,Climate and Carbon Markets,Market & Social Research,2023-10-04,2023-12-04,2024-02-17,Completed,Medium,6,3,3,77700.0,124300.0,75.0,0.6,1.2,No,Repeat Client
P0724,C-E-Client-01,E-Client-01,Energy,Market & Social Research,2023-10-05,2024-02-05,2024-04-04,Completed,Medium,4,1,3,114200.0,139100.0,59.0,0.218,3.4,No,Competitive Tender
P0347,C-CACM-Client-08,CACM-Client-08,Climate and Carbon Markets,Strategic Planning,2023-10-06,2024-03-06,2024-06-30,Completed,High,9,3,6,361900.0,484200.0,116.0,0.338,2.9,No,Repeat Client
P0964,C-FAI-Client-03,FAI-Client-03,Finance and Insurance,Market & Social Research,2023-10-06,2024-01-06,2024-01-08,Completed,Low,2,1,1,37400.0,38300.0,2.0,0.023,5.0,Yes,Competitive Tender
P0350,C-CACM-Client-04,CACM-Client-04,Climate and Carbon Markets,Data Visualization & Analytics,2023-10-08,2024-02-08,2024-02-09,Completed,Medium,7,2,5,188700.0,190000.0,1.0,0.007,4.2,Yes,Repeat Client
P0349,C-CACM-Client-04,CACM-Client-04,Climate and Carbon Markets,Stakeholder Engagement,2023-10-10,2024-01-10,2024-01-13,Completed,Low,3,1,2,47700.0,48900.0,3.0,0.025,4.2,No,Direct Outreach
P1544,C-TAI-Client-08,TAI-Client-08,Technology and Innovation,Stakeholder Engagement,2023-10-12,2024-02-12,2024-02-14,Completed,Medium,7,3,4,136000.0,137900.0,2.0,0.014,4.4,Yes,Repeat Client
P1539,C-TAI-Client-02,TAI-Client-02,Technology and Innovation,Stakeholder Engagement,2023-10-12,2023-11-12,2023-11-13,Completed,Low,4,1,3,17000.0,17400.0,1.0,0.024,4.3,No,Referral
P0348,C-CACM-Client-08,CACM-Client-08,Climate and Carbon Markets,Stakeholder Engagement,2023-10-14,2024-02-14,2024-05-12,Completed,Medium,5,1,4,98800.0,152200.0,88.0,0.54,1.0,No,Repeat Client
P1547,C-TAI-Client-07,TAI-Client-07,Technology and Innovation,Market & Social Research,2023-10-15,2023-11-15,2023-11-19,Completed,Low,2,1,1,7900.0,8500.0,4.0,0.077,4.1,No,Repeat Client
P1545,C-TAI-Client-05,TAI-Client-05,Technology and Innovation,Political Risk Management,2023-10-17,2023-12-17,2024-01-17,Completed,Medium,7,3,4,73800.0,90000.0,31.0,0.219,3.7,No,Direct Outreach
P1543,C-TAI-Client-01,TAI-Client-01,Technology and Innovation,Strategic Planning,2023-10-17,2024-03-17,2024-03-17,Completed,Medium,6,2,4,172500.0,172500.0,0.0,0.0,4.5,No,Direct Outreach
P1300,C-CEAT-Client-08,CEAT-Client-08,Creative Economy and Tourism,Strategic Planning,2023-10-17,2023-11-17,2023-11-19,Completed,Low,3,1,2,8400.0,9100.0,2.0,0.08,4.3,No,Referral
P0963,C-FAI-Client-05,FAI-Client-05,Finance and Insurance,Political Risk Management,2023-10-18,2024-01-18,2024-01-19,Completed,Medium,5,2,3,111100.0,112500.0,1.0,0.013,4.2,Yes,Competitive Tender
P1541,C-TAI-Client-04,TAI-Client-04,Technology and Innovation,Digital Transformation,2023-10-18,2023-12-18,2023-12-20,Completed,Medium,7,3,4,76800.0,78700.0,2.0,0.025,3.6,No,Repeat Client
P1546,C-TAI-Client-02,TAI-Client-02,Technology and Innovation,Market & Social Research,2023-10-20,2023-12-20,2023-12-21,Completed,Low,4,1,3,29900.0,30300.0,1.0,0.013,4.9,Yes,Repeat Client
P0351,C-CACM-Client-08,CACM-Client-08,Climate and Carbon Markets,Data Visualization & Analytics,2023-10-22,2024-01-22,2024-01-22,Completed,Low,3,1,2,42000.0,42000.0,0.0,0.0,3.9,Yes,Competitive Tender
P1540,C-TAI-Client-06,TAI-Client-06,Technology and Innovation,Market & Social Research,2023-10-23,2024-03-23,2024-03-23,Completed,High,9,2,7,334900.0,334900.0,0.0,0.0,4.3,No,Repeat Client
P0726,C-E-Client-02,E-Client-02,Energy,Stakeholder Engagement,2023-10-24,2023-11-24,2023-11-26,Completed,Low,4,1,3,22800.0,23700.0,2.0,0.039,3.4,No,Competitive Tender
P0965,C-FAI-Client-01,FAI-Client-01,Finance and Insurance,Political Risk Management,2023-10-24,2023-12-24,2024-03-20,Completed,Medium,7,2,5,87600.0,124300.0,87.0,0.419,2.3,No,Repeat Client
P0352,C-CACM-Client-07,CACM-Client-07,Climate and Carbon Markets,Market & Social Research,2023-10-25,2023-12-25,2023-12-29,Completed,Low,4,2,2,44600.0,48100.0,4.0,0.078,4.2,Yes,Repeat Client
P1542,C-TAI-Client-06,TAI-Client-06,Technology and Innovation,Data Visualization & Analytics,2023-10-25,2024-01-25,2024-01-25,Completed,Medium,6,1,5,108400.0,108400.0,0.0,0.0,4.2,Yes,Referral
P0353,C-CACM-Client-03,CACM-Client-03,Climate and Carbon Markets,Data Visualization & Analytics,2023-10-27,2023-11-27,2023-11-27,Completed,Low,4,1,3,18500.0,18500.0,0.0,0.0,4.3,Yes,Repeat Client
P0725,C-E-Client-06,E-Client-06,Energy,Political Risk Management,2023-10-28,2024-01-28,2024-01-31,Completed,Low,3,1,2,40200.0,41200.0,3.0,0.025,4.6,Yes,Referral
P0357,C-CACM-Client-06,CACM-Client-06,Climate and Carbon Markets,Strategic Planning,2023-11-03,2023-12-03,2023-12-06,Completed,Low,3,1,2,13300.0,14100.0,3.0,0.058,4.7,Yes,Repeat Client
P1553,C-TAI-Client-06,TAI-Client-06,Technology and Innovation,Political Risk Management,2023-11-03,2023-12-03,2023-12-06,Completed,Low,2,1,1,8300.0,8900.0,3.0,0.073,4.5,Yes,Repeat Client
P1549,C-TAI-Client-03,TAI-Client-03,Technology and Innovation,Market & Social Research,2023-11-04,2024-02-04,2024-02-08,Completed,Medium,7,3,4,100700.0,103500.0,4.0,0.028,4.1,No,Referral
P0727,C-E-Client-10,E-Client-10,Energy,Stakeholder Engagement,2023-11-05,2024-04-05,2024-04-05,Completed,Medium,4,1,3,123200.0,123200.0,0.0,0.0,4.2,Yes,Referral
P1556,C-TAI-Client-05,TAI-Client-05,Technology and Innovation,Market & Social Research,2023-11-05,2024-03-05,2024-03-07,Completed,Medium,5,1,4,111000.0,112200.0,2.0,0.011,4.3,Yes,Referral
P0128,C-A-Client-01,A-Client-01,Agriculture,Political Risk Management,2023-11-06,2024-04-06,2024-07-03,Completed,Medium,5,1,4,106900.0,141900.0,88.0,0.327,2.6,No,Direct Outreach
P1160,C-PS-Client-05,PS-Client-05,Public Sector,Data Visualization & Analytics,2023-11-08,2024-02-08,2024-03-23,Completed,Low,4,1,3,44900.0,63200.0,44.0,0.407,2.6,No,Repeat Client
P0966,C-FAI-Client-03,FAI-Client-03,Finance and Insurance,Market & Social Research,2023-11-09,2024-02-09,2024-03-06,Completed,Low,3,1,2,55400.0,67700.0,26.0,0.222,4.2,Yes,Referral
P0356,C-CACM-Client-03,CACM-Client-03,Climate and Carbon Markets,Political Risk Management,2023-11-09,2024-04-09,2024-04-09,Completed,Medium,8,3,5,221300.0,221300.0,0.0,0.0,4.1,No,Repeat Client
P0131,C-A-Client-04,A-Client-04,Agriculture,Political Risk Management,2023-11-09,2024-01-09,2024-01-11,Completed,Low,3,1,2,20600.0,21200.0,2.0,0.028,4.1,No,Referral
P1548,C-TAI-Client-03,TAI-Client-03,Technology and Innovation,Data Visualization & Analytics,2023-11-10,2024-01-10,2024-01-12,Completed,Medium,4,2,2,45700.0,46800.0,2.0,0.025,3.6,No,Competitive Tender
P0132,C-A-Client-05,A-Client-05,Agriculture,Political Risk Management,2023-11-11,2024-03-11,2024-03-13,Completed,Medium,7,1,6,107500.0,109200.0,2.0,0.016,4.5,No,Repeat Client
P0130,C-A-Client-03,A-Client-03,Agriculture,Strategic Planning,2023-11-14,2023-12-14,2023-12-15,Completed,Low,3,1,2,8300.0,8600.0,1.0,0.035,3.7,No,Repeat Client
P0358,C-CACM-Client-06,CACM-Client-06,Climate and Carbon Markets,Market & Social Research,2023-11-14,2024-01-14,2024-01-15,Completed,Medium,7,2,5,92900.0,94300.0,1.0,0.015,4.0,No,Competitive Tender
P1552,C-TAI-Client-05,TAI-Client-05,Technology and Innovation,Market & Social Research,2023-11-14,2024-04-14,2024-04-18,Completed,Medium,4,2,2,121800.0,125300.0,4.0,0.029,4.3,Yes,Repeat Client
P1550,C-TAI-Client-05,TAI-Client-05,Technology and Innovation,Political Risk Management,2023-11-17,2024-02-17,2024-03-08,Completed,Low,2,1,1,29700.0,34000.0,20.0,0.145,4.6,Yes,Repeat Client
P1554,C-TAI-Client-06,TAI-Client-06,Technology and Innovation,Political Risk Management,2023-11-19,2024-01-19,2024-01-22,Completed,Low,4,2,2,33200.0,34500.0,3.0,0.039,3.5,No,Competitive Tender
P0967,C-FAI-Client-06,FAI-Client-06,Finance and Insurance,Political Risk Management,2023-11-19,2024-03-19,2024-06-04,Completed,Medium,4,2,2,101700.0,129800.0,77.0,0.276,2.3,No,Competitive Tender
P0129,C-A-Client-02,A-Client-02,Agriculture,Digital Transformation,2023-11-19,2024-07-19,2024-07-22,Completed,High,7,2,5,262500.0,266200.0,3.0,0.014,4.7,No,Referral
P1555,C-TAI-Client-05,TAI-Client-05,Technology and Innovation,Stakeholder Engagement,2023-11-19,2024-04-19,2024-04-21,Completed,Medium,7,3,4,163900.0,166000.0,2.0,0.013,4.0,Yes,Repeat Client
P0969,C-FAI-Client-05,FAI-Client-05,Finance and Insurance,Political Risk Management,2023-11-20,2023-12-20,2023-12-24,Completed,Low,4,2,2,21300.0,24100.0,4.0,0.131,4.1,No,Referral
P1551,C-TAI-Client-08,TAI-Client-08,Technology and Innovation,Data Visualization & Analytics,2023-11-22,2024-02-22,2024-02-22,Completed,Low,2,1,1,26900.0,26900.0,0.0,0.0,3.8,No,Referral
P0968,C-FAI-Client-03,FAI-Client-03,Finance and Insurance,Data Visualization & Analytics,2023-11-23,2024-02-23,2024-02-25,Completed,Medium,4,2,2,77400.0,78800.0,2.0,0.018,4.4,No,Repeat Client
P1301,C-CEAT-Client-09,CEAT-Client-09,Creative Economy and Tourism,Market & Social Research,2023-11-24,2024-01-24,2024-04-04,Completed,Medium,5,2,3,31100.0,49800.0,71.0,0.6,2.3,No,Repeat Client
P0363,C-CACM-Client-03,CACM-Client-03,Climate and Carbon Markets,Stakeholder Engagement,2023-12-01,2024-04-01,2024-04-02,Completed,Medium,5,2,3,124600.0,125700.0,1.0,0.009,3.9,No,Referral
P0728,C-E-Client-03,E-Client-03,Energy,Market & Social Research,2023-12-02,2024-02-02,2024-03-13,Completed,Low,4,2,2,38700.0,57200.0,40.0,0.479,2.1,No,Repeat Client
P0361,C-CACM-Client-03,CACM-Client-03,Climate and Carbon Markets,Digital Transformation,2023-12-02,2024-06-02,2024-06-02,Completed,High,14,5,9,662100.0,662100.0,0.0,0.0,4.0,No,Repeat Client
P1304,C-CEAT-Client-03,CEAT-Client-03,Creative Economy and Tourism,Digital Transformation,2023-12-03,2024-06-03,2024-06-03,Completed,High,12,6,6,366600.0,366600.0,0.0,0.0,4.5,No,Repeat Client
P1561,C-TAI-Client-03,TAI-Client-03,Technology and Innovation,Political Risk Management,2023-12-04,2024-01-04,2024-01-08,Completed,Low,3,1,2,14300.0,16200.0,4.0,0.132,4.3,Yes,Direct Outreach
P1162,C-PS-Client-02,PS-Client-02,Public Sector,Digital Transformation,2023-12-06,2024-01-06,2024-01-08,Completed,Low,3,1,2,11000.0,11700.0,2.0,0.064,3.8,No,Repeat Client
P1559,C-TAI-Client-03,TAI-Client-03,Technology and Innovation,Digital Transformation,2023-12-06,2024-04-06,2024-04-10,Completed,Medium,5,2,3,119100.0,121600.0,4.0,0.021,4.3,No,Repeat Client
P1303,C-CEAT-Client-04,CEAT-Client-04,Creative Economy and Tourism,Political Risk Management,2023-12-06,2024-05-06,2024-05-08,Completed,Medium,8,3,5,168300.0,170500.0,2.0,0.013,3.9,No,Repeat Client
P0133,C-A-Client-01,A-Client-01,Agriculture,Digital Transformation,2023-12-09,2024-01-09,2024-01-13,Completed,Low,3,1,2,10500.0,11300.0,4.0,0.076,4.3,Yes,Competitive Tender
P1562,C-TAI-Client-04,TAI-Client-04,Technology and Innovation,Stakeholder Engagement,2023-12-09,2024-06-09,2024-08-22,Completed,High,9,4,5,346200.0,426200.0,74.0,0.231,2.4,No,Repeat Client
P0365,C-CACM-Client-04,CACM-Client-04,Climate and Carbon Markets,Political Risk Management,2023-12-10,2024-02-10,2024-02-26,Completed,Medium,4,2,2,44200.0,51400.0,16.0,0.164,3.3,No,Repeat Client
P0360,C-CACM-Client-03,CACM-Client-03,Climate and Carbon Markets,Market & Social Research,2023-12-11,2024-02-11,2024-02-15,Completed,Medium,6,2,4,68600.0,71800.0,4.0,0.046,4.4,No,Repeat Client
P1164,C-PS-Client-01,PS-Client-01,Public Sector,Stakeholder Engagement,2023-12-11,2024-01-11,2024-01-14,Completed,Low,2,1,1,7000.0,7600.0,3.0,0.086,4.1,No,Direct Outreach
P1558,C-TAI-Client-03,TAI-Client-03,Technology and Innovation,Stakeholder Engagement,2023-12-12,2024-02-12,2024-02-15,Completed,Low,3,1,2,24200.0,25600.0,3.0,0.059,3.8,No,Repeat Client
P0359,C-CACM-Client-04,CACM-Client-04,Climate and Carbon Markets,Strategic Planning,2023-12-13,2024-01-13,2024-01-16,Completed,Low,3,1,2,12700.0,13900.0,3.0,0.097,3.9,No,Direct Outreach
P1302,C-CEAT-Client-08,CEAT-Client-08,Creative Economy and Tourism,Strategic Planning,2023-12-13,2024-02-13,2024-02-13,Completed,Low,3,1,2,16400.0,16400.0,0.0,0.0,4.3,Yes,Competitive Tender
P1163,C-PS-Client-08,PS-Client-08,Public Sector,Market & Social Research,2023-12-15,2024-05-15,2024-05-18,Completed,Medium,6,1,5,118500.0,121300.0,3.0,0.024,3.9,Yes,Repeat Client
P1306,C-CEAT-Client-02,CEAT-Client-02,Creative Economy and Tourism,Stakeholder Engagement,2023-12-15,2024-09-15,2024-10-08,Completed,High,12,6,6,445200.0,476800.0,23.0,0.071,4.3,Yes,Direct Outreach
P1557,C-TAI-Client-01,TAI-Client-01,Technology and Innovation,Market & Social Research,2023-12-16,2024-06-16,2024-06-20,Completed,High,11,4,7,445300.0,453300.0,4.0,0.018,4.0,No,Direct Outreach
P0362,C-CACM-Client-01,CACM-Client-01,Climate and Carbon Markets,Strategic Planning,2023-12-16,2024-02-16,2024-02-19,Completed,Low,4,2,2,33200.0,35100.0,3.0,0.057,3.9,No,Repeat Client
P0972,C-FAI-Client-03,FAI-Client-03,Finance and Insurance,Political Risk Management,2023-12-17,2024-02-17,2024-02-18,Completed,Medium,8,2,6,99100.0,100100.0,1.0,0.01,3.7,Yes,Referral
P0973,C-FAI-Client-02,FAI-Client-02,Finance and Insurance,Data Visualization & Analytics,2023-12-18,2024-03-18,2024-03-20,Completed,Low,3,1,2,43700.0,44700.0,2.0,0.022,4.6,Yes,Referral
P0366,C-CACM-Client-02,CACM-Client-02,Climate and Carbon Markets,Strategic Planning,2023-12-21,2024-03-21,2024-05-08,Completed,Low,3,1,2,45600.0,61500.0,48.0,0.349,3.5,No,Direct Outreach
P1161,C-PS-Client-04,PS-Client-04,Public Sector,Strategic Planning,2023-12-21,2024-04-21,2024-06-25,Completed,Medium,7,2,5,123100.0,162400.0,65.0,0.319,2.9,No,Repeat Client
P1307,C-CEAT-Client-03,CEAT-Client-03,Creative Economy and Tourism,Political Risk Management,2023-12-23,2024-07-23,2024-11-14,Completed,High,15,6,9,418800.0,538600.0,114.0,0.286,1.8,No,Direct Outreach
P1560,C-TAI-Client-03,TAI-Client-03,Technology and Innovation,Market & Social Research,2023-12-23,2024-03-23,2024-03-24,Completed,Low,2,1,1,30500.0,30700.0,1.0,0.007,4.4,Yes,Referral
P1563,C-TAI-Client-06,TAI-Client-06,Technology and Innovation,Market & Social Research,2023-12-23,2024-02-23,2024-02-27,Completed,Medium,6,2,4,57100.0,61200.0,4.0,0.071,4.1,No,Repeat Client
P1305,C-CEAT-Client-02,CEAT-Client-02,Creative Economy and Tourism,Digital Transformation,2023-12-24,2024-02-24,2024-02-26,Completed,Medium,4,2,2,24900.0,25900.0,2.0,0.042,4.1,No,Repeat Client
P0364,C-CACM-Client-05,CACM-Client-05,Climate and Carbon Markets,Market & Social Research,2023-12-24,2024-05-24,2024-05-28,Completed,Medium,4,1,3,99600.0,101200.0,4.0,0.016,4.5,Yes,Repeat Client
P0970,C-FAI-Client-06,FAI-Client-06,Finance and Insurance,Strategic Planning,2023-12-26,2024-03-26,2024-03-30,Completed,Low,4,1,3,66500.0,68500.0,4.0,0.03,3.5,No,Repeat Client
P0971,C-FAI-Client-04,FAI-Client-04,Finance and Insurance,Market & Social Research,2023-12-26,2024-04-26,2024-07-02,Completed,Medium,8,3,5,242600.0,321200.0,67.0,0.324,2.3,No,Competitive Tender
P1165,C-PS-Client-05,PS-Client-05,Public Sector,Data Visualization & Analytics,2024-01-01,2024-04-01,2024-04-02,Completed,Medium,4,1,3,57400.0,58000.0,1.0,0.01,4.0,Yes,Competitive Tender
P1571,C-TAI-Client-04,TAI-Client-04,Technology and Innovation,Political Risk Management,2024-01-01,2024-06-01,2024-06-03,Completed,Medium,8,2,6,181800.0,184900.0,2.0,0.017,4.7,Yes,Repeat Client
P1567,C-TAI-Client-08,TAI-Client-08,Technology and Innovation,Data Visualization & Analytics,2024-01-01,2024-05-01,,Cancelled,Medium,6,2,4,121300.0,162100.0,,,,N/A,Repeat Client
P0135,C-A-Client-04,A-Client-04,Agriculture,Market & Social Research,2024-01-03,2024-03-03,2024-04-27,Completed,Medium,4,1,3,32800.0,45000.0,55.0,0.373,2.6,No,Referral
P1167,C-PS-Client-04,PS-Client-04,Public Sector,Data Visualization & Analytics,2024-01-05,2024-03-05,2024-05-20,Completed,Medium,7,3,4,66500.0,106400.0,76.0,0.6,2.0,No,Repeat Client
P1166,C-PS-Client-04,PS-Client-04,Public Sector,Strategic Planning,2024-01-05,2024-06-05,2024-07-21,Completed,Medium,4,2,2,87000.0,103400.0,46.0,0.189,3.8,Yes,Repeat Client
P1574,C-TAI-Client-08,TAI-Client-08,Technology and Innovation,Digital Transformation,2024-01-07,2024-02-07,2024-02-11,Completed,Low,2,1,1,9700.0,11000.0,4.0,0.132,3.5,No,Repeat Client
P0974,C-FAI-Client-06,FAI-Client-06,Finance and Insurance,Data Visualization & Analytics,2024-01-08,2024-04-08,2024-04-10,Completed,Medium,6,2,4,134100.0,137300.0,2.0,0.024,4.3,Yes,Repeat Client
P0731,C-E-Client-04,E-Client-04,Energy,Market & Social Research,2024-01-09,2024-04-09,2024-04-09,Completed,Medium,4,2,2,78700.0,78700.0,0.0,0.0,5.0,No,Competitive Tender
P0729,C-E-Client-07,E-Client-07,Energy,Digital Transformation,2024-01-10,2024-05-10,2024-05-12,Completed,Medium,6,2,4,170000.0,171900.0,2.0,0.011,4.1,Yes,Direct Outreach
P1565,C-TAI-Client-07,TAI-Client-07,Technology and Innovation,Political Risk Management,2024-01-10,2024-03-10,2024-03-13,Completed,Medium,4,2,2,49400.0,52400.0,3.0,0.061,4.5,Yes,Competitive Tender
P1564,C-TAI-Client-03,TAI-Client-03,Technology and Innovation,Stakeholder Engagement,2024-01-12,2024-06-12,2024-06-13,Completed,Medium,8,3,5,253200.0,255200.0,1.0,0.008,3.9,No,Referral
P1577,C-TAI-Client-07,TAI-Client-07,Technology and Innovation,Data Visualization & Analytics,2024-01-12,2024-03-12,2024-03-13,Completed,Low,2,1,1,16600.0,16900.0,1.0,0.018,4.7,Yes,Repeat Client
P1579,C-TAI-Client-02,TAI-Client-02,Technology and Innovation,Market & Social Research,2024-01-12,2024-03-12,2024-03-15,Completed,Low,3,1,2,29600.0,30500.0,3.0,0.029,4.8,No,Repeat Client
P1572,C-TAI-Client-01,TAI-Client-01,Technology and Innovation,Stakeholder Engagement,2024-01-12,2024-02-12,2024-02-15,Completed,Low,3,1,2,13800.0,15100.0,3.0,0.097,4.1,Yes,Referral
P1578,C-TAI-Client-05,TAI-Client-05,Technology and Innovation,Data Visualization & Analytics,2024-01-13,2024-07-13,2024-07-16,Completed,High,7,3,4,289400.0,294600.0,3.0,0.018,4.1,No,Competitive Tender
P0369,C-CACM-Client-06,CACM-Client-06,Climate and Carbon Markets,Market & Social Research,2024-01-14,2024-03-14,2024-03-14,Completed,Medium,8,2,6,99100.0,99100.0,0.0,0.0,4.4,Yes,Referral
P0733,C-E-Client-07,E-Client-07,Energy,Strategic Planning,2024-01-15,2024-03-15,2024-03-17,Completed,Low,3,1,2,26000.0,26800.0,2.0,0.032,3.8,No,Direct Outreach
P1576,C-TAI-Client-01,TAI-Client-01,Technology and Innovation,Digital Transformation,2024-01-16,2024-03-16,2024-03-16,Completed,Low,4,1,3,34300.0,34300.0,0.0,0.0,4.3,Yes,Repeat Client
P1570,C-TAI-Client-02,TAI-Client-02,Technology and Innovation,Data Visualization & Analytics,2024-01-16,2024-05-16,2024-08-15,Completed,High,9,4,5,210000.0,288500.0,91.0,0.374,2.8,No,Referral
P0368,C-CACM-Client-03,CACM-Client-03,Climate and Carbon Markets,Data Visualization & Analytics,2024-01-17,2024-09-17,2024-12-14,Completed,High,10,3,7,477600.0,611300.0,88.0,0.28,2.9,Yes,Repeat Client
P0134,C-A-Client-04,A-Client-04,Agriculture,Digital Transformation,2024-01-18,2024-02-18,2024-02-21,Completed,Low,3,1,2,11000.0,12100.0,3.0,0.1,3.7,Yes,Repeat Client
P0734,C-E-Client-08,E-Client-08,Energy,Data Visualization & Analytics,2024-01-18,2024-05-18,2024-05-22,Completed,Medium,5,1,4,107100.0,109500.0,4.0,0.022,4.0,Yes,Repeat Client
P1308,C-CEAT-Client-03,CEAT-Client-03,Creative Economy and Tourism,Data Visualization & Analytics,2024-01-18,2024-06-18,2024-06-21,Completed,Medium,4,2,2,73900.0,75500.0,3.0,0.021,4.1,No,Competitive Tender
P1309,C-CEAT-Client-03,CEAT-Client-03,Creative Economy and Tourism,Market & Social Research,2024-01-19,2024-04-19,2024-04-19,Completed,Low,2,1,1,19400.0,19400.0,0.0,0.0,4.5,No,Repeat Client
P1573,C-TAI-Client-04,TAI-Client-04,Technology and Innovation,Data Visualization & Analytics,2024-01-21,2024-04-21,2024-04-22,Completed,Medium,8,4,4,111200.0,112300.0,1.0,0.01,4.4,Yes,Repeat Client
P1575,C-TAI-Client-07,TAI-Client-07,Technology and Innovation,Market & Social Research,2024-01-22,2024-03-22,2024-03-24,Completed,Medium,8,3,5,98400.0,101100.0,2.0,0.027,4.6,Yes,Repeat Client
P1569,C-TAI-Client-02,TAI-Client-02,Technology and Innovation,Digital Transformation,2024-01-24,2024-03-24,2024-03-25,Completed,Low,3,1,2,27200.0,27500.0,1.0,0.011,3.2,No,Referral
P1566,C-TAI-Client-06,TAI-Client-06,Technology and Innovation,Market & Social Research,2024-01-25,2024-04-25,2024-07-01,Completed,Medium,7,2,5,94400.0,130600.0,67.0,0.383,2.8,No,Repeat Client
P0732,C-E-Client-02,E-Client-02,Energy,Market & Social Research,2024-01-25,2024-03-25,2024-03-26,Completed,Medium,5,1,4,63000.0,63700.0,1.0,0.011,4.1,Yes,Repeat Client
P1568,C-TAI-Client-03,TAI-Client-03,Technology and Innovation,Stakeholder Engagement,2024-01-25,2024-04-25,2024-04-25,Completed,Low,4,1,3,57100.0,57100.0,0.0,0.0,4.5,No,Repeat Client
P0367,C-CACM-Client-01,CACM-Client-01,Climate and Carbon Markets,Digital Transformation,2024-01-27,2024-08-27,2024-11-07,Completed,High,15,5,10,663500.0,848000.0,72.0,0.278,3.0,No,Referral
P0730,C-E-Client-06,E-Client-06,Energy,Political Risk Management,2024-01-27,2024-04-27,2024-04-30,Completed,Low,3,1,2,41100.0,42300.0,3.0,0.028,3.6,Yes,Repeat Client
P1587,C-TAI-Client-08,TAI-Client-08,Technology and Innovation,Strategic Planning,2024-02-06,2024-07-06,2024-07-06,Completed,Medium,6,2,4,189100.0,189100.0,0.0,0.0,4.6,No,Repeat Client
P1581,C-TAI-Client-03,TAI-Client-03,Technology and Innovation,Stakeholder Engagement,2024-02-06,2024-07-06,2024-07-06,Completed,Medium,7,2,5,215600.0,215600.0,0.0,0.0,4.6,Yes,Repeat Client
P0737,C-E-Client-02,E-Client-02,Energy,Digital Transformation,2024-02-07,2024-04-07,2024-04-10,Completed,Low,2,1,1,18000.0,18900.0,3.0,0.052,4.2,Yes,Repeat Client
P0738,C-E-Client-09,E-Client-09,Energy,Strategic Planning,2024-02-08,2024-08-08,2024-08-08,Completed,High,13,4,9,677300.0,677300.0,0.0,0.0,3.7,Yes,Competitive Tender
P0979,C-FAI-Client-05,FAI-Client-05,Finance and Insurance,Strategic Planning,2024-02-09,2024-05-09,2024-06-17,Completed,Low,4,2,2,57100.0,77700.0,39.0,0.361,3.2,No,Repeat Client
P0373,C-CACM-Client-06,CACM-Client-06,Climate and Carbon Markets,Strategic Planning,2024-02-09,2024-05-09,2024-05-12,Completed,Low,2,1,1,30100.0,31200.0,3.0,0.035,4.2,No,Repeat Client
P0975,C-FAI-Client-09,FAI-Client-09,Finance and Insurance,Political Risk Management,2024-02-10,2024-05-10,2024-05-13,Completed,Medium,8,3,5,183100.0,189100.0,3.0,0.033,3.8,No,Repeat Client
P0977,C-FAI-Client-04,FAI-Client-04,Finance and Insurance,Strategic Planning,2024-02-12,2024-04-12,2024-04-14,Completed,Low,2,1,1,23900.0,24900.0,2.0,0.041,3.9,Yes,Competitive Tender
P0371,C-CACM-Client-01,CACM-Client-01,Climate and Carbon Markets,Political Risk Management,2024-02-12,2024-03-12,2024-03-13,Completed,Low,4,1,3,18400.0,18800.0,1.0,0.021,4.2,No,Referral
P1168,C-PS-Client-06,PS-Client-06,Public Sector,Political Risk Management,2024-02-14,2024-06-14,2024-08-24,Completed,Medium,7,2,5,119200.0,168900.0,71.0,0.417,2.8,No,Competitive Tender
P0735,C-E-Client-02,E-Client-02,Energy,Market & Social Research,2024-02-15,2024-08-15,2024-08-17,Completed,High,8,3,5,370700.0,373700.0,2.0,0.008,3.8,No,Repeat Client
P1586,C-TAI-Client-03,TAI-Client-03,Technology and Innovation,Market & Social Research,2024-02-15,2024-05-15,2024-05-16,Completed,Low,4,2,2,55400.0,56100.0,1.0,0.012,4.5,No,Repeat Client
P0137,C-A-Client-04,A-Client-04,Agriculture,Political Risk Management,2024-02-16,2024-05-16,2024-06-20,Completed,Low,2,1,1,19400.0,24400.0,35.0,0.257,3.0,No,Referral
P1583,C-TAI-Client-02,TAI-Client-02,Technology and Innovation,Stakeholder Engagement,2024-02-16,2024-05-16,2024-05-20,Completed,Low,3,1,2,38400.0,40100.0,4.0,0.045,4.1,Yes,Repeat Client
P0980,C-FAI-Client-09,FAI-Client-09,Finance and Insurance,Political Risk Management,2024-02-17,2024-06-17,2024-06-21,Completed,Medium,8,3,5,242000.0,251700.0,4.0,0.04,4.0,No,Repeat Client
P0976,C-FAI-Client-02,FAI-Client-02,Finance and Insurance,Digital Transformation,2024-02-18,2024-05-18,2024-06-21,Completed,Low,2,1,1,36100.0,45000.0,34.0,0.247,3.3,No,Direct Outreach
P0370,C-CACM-Client-02,CACM-Client-02,Climate and Carbon Markets,Stakeholder Engagement,2024-02-19,2024-07-19,2024-07-23,Completed,Medium,5,2,3,134300.0,138700.0,4.0,0.033,4.4,No,Repeat Client
P0140,C-A-Client-07,A-Client-07,Agriculture,Political Risk Management,2024-02-19,2024-03-19,2024-03-19,Completed,Low,3,1,2,10700.0,10700.0,0.0,0.0,4.1,Yes,Referral
P1582,C-TAI-Client-04,TAI-Client-04,Technology and Innovation,Data Visualization & Analytics,2024-02-20,2024-04-20,2024-04-20,Completed,Medium,5,2,3,53000.0,53000.0,0.0,0.0,4.5,No,Referral
P0139,C-A-Client-05,A-Client-05,Agriculture,Strategic Planning,2024-02-20,2024-04-20,2024-04-22,Completed,Medium,5,2,3,35600.0,36900.0,2.0,0.036,3.7,No,Referral
P1585,C-TAI-Client-03,TAI-Client-03,Technology and Innovation,Stakeholder Engagement,2024-02-21,2024-06-21,2024-06-25,Completed,Medium,7,2,5,167800.0,172000.0,4.0,0.025,3.9,No,Repeat Client
P0739,C-E-Client-03,E-Client-03,Energy,Strategic Planning,2024-02-22,2024-04-22,2024-04-23,Completed,Low,3,1,2,31900.0,32400.0,1.0,0.017,4.6,Yes,Repeat Client
P0978,C-FAI-Client-02,FAI-Client-02,Finance and Insurance,Political Risk Management,2024-02-22,2024-04-22,2024-04-25,Completed,Low,3,1,2,32100.0,33600.0,3.0,0.046,4.0,No,Referral
P0138,C-A-Client-03,A-Client-03,Agriculture,Stakeholder Engagement,2024-02-23,2024-06-23,2024-08-23,Completed,Medium,6,3,3,88000.0,118400.0,61.0,0.345,2.5,No,Repeat Client
P1580,C-TAI-Client-08,TAI-Client-08,Technology and Innovation,Data Visualization & Analytics,2024-02-24,2024-07-24,2024-07-25,Completed,Medium,7,1,6,189700.0,191200.0,1.0,0.008,4.8,No,Competitive Tender
P1584,C-TAI-Client-01,TAI-Client-01,Technology and Innovation,Political Risk Management,2024-02-25,2024-07-25,2024-07-26,Completed,Medium,4,2,2,116600.0,117200.0,1.0,0.005,4.3,Yes,Direct Outreach
P0736,C-E-Client-10,E-Client-10,Energy,Strategic Planning,2024-02-26,2024-05-26,2024-05-28,Completed,Low,3,1,2,40600.0,41700.0,2.0,0.026,4.0,Yes,Competitive Tender
P0136,C-A-Client-04,A-Client-04,Agriculture,Market & Social Research,2024-02-27,2024-06-27,2024-06-29,Completed,High,9,4,5,162700.0,165800.0,2.0,0.019,3.8,No,Repeat Client
P0372,C-CACM-Client-07,CACM-Client-07,Climate and Carbon Markets,Data Visualization & Analytics,2024-02-28,2024-09-28,2024-11-15,Completed,High,7,3,4,362500.0,422000.0,48.0,0.164,3.4,No,Competitive Tender
P0742,C-E-Client-03,E-Client-03,Energy,Market & Social Research,2024-03-01,2024-04-01,2024-04-04,Completed,Low,2,1,1,10400.0,11500.0,3.0,0.101,3.8,No,Repeat Client
P1170,C-PS-Client-02,PS-Client-02,Public Sector,Stakeholder Engagement,2024-03-02,2024-09-02,2024-12-09,Completed,High,13,6,7,378200.0,525700.0,98.0,0.39,2.1,No,Repeat Client
P0375,C-CACM-Client-06,CACM-Client-06,Climate and Carbon Markets,Digital Transformation,2024-03-02,2024-05-02,2024-05-03,Completed,Low,4,1,3,33200.0,33800.0,1.0,0.017,4.2,No,Referral
P0741,C-E-Client-03,E-Client-03,Energy,Strategic Planning,2024-03-04,2024-08-04,2024-09-16,Completed,Medium,4,2,2,106100.0,135100.0,43.0,0.273,3.4,No,Repeat Client
P1312,C-CEAT-Client-05,CEAT-Client-05,Creative Economy and Tourism,Strategic Planning,2024-03-05,2024-08-05,2024-09-03,Completed,High,7,2,5,148200.0,164800.0,29.0,0.112,4.3,Yes,Repeat Client
P1592,C-TAI-Client-01,TAI-Client-01,Technology and Innovation,Strategic Planning,2024-03-06,2024-08-06,2024-08-07,Completed,Medium,5,1,4,126900.0,127400.0,1.0,0.004,4.3,Yes,Repeat Client
P0377,C-CACM-Client-08,CACM-Client-08,Climate and Carbon Markets,Strategic Planning,2024-03-06,2024-06-06,2024-06-10,Completed,Medium,4,1,3,75200.0,77200.0,4.0,0.026,3.8,No,Referral
P0376,C-CACM-Client-08,CACM-Client-08,Climate and Carbon Markets,Digital Transformation,2024-03-06,2024-06-06,2024-06-08,Completed,Low,3,1,2,44800.0,45900.0,2.0,0.024,4.0,No,Competitive Tender
P1310,C-CEAT-Client-07,CEAT-Client-07,Creative Economy and Tourism,Data Visualization & Analytics,2024-03-06,2024-06-06,2024-06-21,Completed,Low,2,1,1,18600.0,20600.0,15.0,0.11,4.1,Yes,Repeat Client
P0745,C-E-Client-03,E-Client-03,Energy,Strategic Planning,2024-03-07,2024-12-07,2025-03-08,Completed,High,14,5,9,930900.0,1078000.0,91.0,0.158,3.2,Too Recent,Competitive Tender
P1311,C-CEAT-Client-03,CEAT-Client-03,Creative Economy and Tourism,Strategic Planning,2024-03-10,2024-08-10,2024-08-23,Completed,Medium,6,2,4,118400.0,129900.0,13.0,0.097,4.3,No,Referral
P0374,C-CACM-Client-06,CACM-Client-06,Climate and Carbon Markets,Market & Social Research,2024-03-12,2024-06-12,2024-06-12,Completed,Medium,4,2,2,63100.0,63100.0,0.0,0.0,4.7,Yes,Repeat Client
P0740,C-E-Client-09,E-Client-09,Energy,Market & Social Research,2024-03-13,2024-08-13,2024-08-17,Completed,Medium,8,2,6,286500.0,291700.0,4.0,0.018,4.1,Yes,Repeat Client
P1595,C-TAI-Client-02,TAI-Client-02,Technology and Innovation,Data Visualization & Analytics,2024-03-14,2024-09-14,2024-11-17,Completed,High,14,6,8,491000.0,615700.0,64.0,0.254,1.9,No,Competitive Tender
P1313,C-CEAT-Client-09,CEAT-Client-09,Creative Economy and Tourism,Strategic Planning,2024-03-15,2024-05-15,2024-05-17,Completed,Low,3,1,2,18200.0,18700.0,2.0,0.027,4.1,Yes,Direct Outreach
P1171,C-PS-Client-05,PS-Client-05,Public Sector,Political Risk Management,2024-03-16,2024-06-16,2024-06-18,Completed,Medium,5,1,4,59800.0,60700.0,2.0,0.015,4.3,Yes,Repeat Client
P0981,C-FAI-Client-04,FAI-Client-04,Finance and Insurance,Data Visualization & Analytics,2024-03-16,2024-07-16,2024-07-18,Completed,High,11,5,6,320300.0,324500.0,2.0,0.013,4.7,No,Competitive Tender
P0982,C-FAI-Client-03,FAI-Client-03,Finance and Insurance,Stakeholder Engagement,2024-03-17,2024-05-17,2024-06-12,Completed,Medium,4,2,2,46600.0,61600.0,26.0,0.321,2.7,No,Repeat Client
P0143,C-A-Client-02,A-Client-02,Agriculture,Stakeholder Engagement,2024-03-18,2024-08-18,2024-08-21,Completed,Medium,6,1,5,119700.0,122500.0,3.0,0.023,3.9,Yes,Competitive Tender
P1589,C-TAI-Client-04,TAI-Client-04,Technology and Innovation,Strategic Planning,2024-03-18,2024-06-18,2024-06-19,Completed,Low,3,1,2,41600.0,42200.0,1.0,0.014,4.4,No,Direct Outreach
P0983,C-FAI-Client-04,FAI-Client-04,Finance and Insurance,Digital Transformation,2024-03-18,2024-07-18,2024-07-18,Completed,High,8,3,5,299100.0,299100.0,0.0,0.0,4.1,No,Repeat Client
P0744,C-E-Client-01,E-Client-01,Energy,Strategic Planning,2024-03-19,2024-05-19,2024-06-15,Completed,Low,2,1,1,18000.0,24900.0,27.0,0.384,3.4,Yes,Repeat Client
P1591,C-TAI-Client-05,TAI-Client-05,Technology and Innovation,Political Risk Management,2024-03-21,2024-08-21,2024-09-11,Completed,Medium,4,2,2,95200.0,106400.0,21.0,0.118,3.9,Yes,Repeat Client
P0984,C-FAI-Client-02,FAI-Client-02,Finance and Insurance,Market & Social Research,2024-03-21,2024-08-21,2024-10-06,Completed,High,13,6,7,472300.0,586600.0,46.0,0.242,3.2,No,Repeat Client
P0141,C-A-Client-04,A-Client-04,Agriculture,Strategic Planning,2024-03-23,2024-08-23,2024-08-25,Completed,High,8,2,6,202000.0,204200.0,2.0,0.011,3.9,No,Competitive Tender
P0142,C-A-Client-01,A-Client-01,Agriculture,Data Visualization & Analytics,2024-03-23,2024-09-23,2024-10-13,Completed,High,8,3,5,243800.0,267900.0,20.0,0.099,4.0,Yes,Referral
P1169,C-PS-Client-02,PS-Client-02,Public Sector,Market & Social Research,2024-03-23,2024-05-23,2024-05-27,Completed,Medium,6,2,4,55800.0,59700.0,4.0,0.069,4.4,Yes,Referral
P1594,C-TAI-Client-08,TAI-Client-08,Technology and Innovation,Stakeholder Engagement,2024-03-24,2024-07-24,2024-07-28,Completed,Medium,8,3,5,163900.0,169600.0,4.0,0.035,4.0,No,Repeat Client
P1593,C-TAI-Client-02,TAI-Client-02,Technology and Innovation,Stakeholder Engagement,2024-03-25,2024-05-25,2024-05-27,Completed,Low,3,1,2,22600.0,23100.0,2.0,0.02,4.7,Yes,Repeat Client
P1590,C-TAI-Client-05,TAI-Client-05,Technology and Innovation,Data Visualization & Analytics,2024-03-26,2024-05-26,2024-05-29,Completed,Medium,5,1,4,46400.0,48400.0,3.0,0.043,4.1,No,Repeat Client
P0743,C-E-Client-02,E-Client-02,Energy,Stakeholder Engagement,2024-03-27,2024-05-27,2024-05-30,Completed,Low,3,1,2,34000.0,35900.0,3.0,0.057,3.9,Yes,Competitive Tender
P1172,C-PS-Client-04,PS-Client-04,Public Sector,Political Risk Management,2024-03-27,2024-05-27,2024-08-17,Completed,Medium,4,2,2,30600.0,49000.0,82.0,0.6,1.9,No,Referral
P1588,C-TAI-Client-05,TAI-Client-05,Technology and Innovation,Political Risk Management,2024-03-27,2024-05-27,2024-05-28,Completed,Low,4,1,3,32300.0,32700.0,1.0,0.011,4.5,No,Repeat Client
P0746,C-E-Client-01,E-Client-01,Energy,Political Risk Management,2024-03-28,2024-07-28,2024-07-30,Completed,Medium,4,2,2,91400.0,93000.0,2.0,0.017,4.2,No,Referral
P0748,C-E-Client-07,E-Client-07,Energy,Market & Social Research,2024-04-01,2024-06-01,2024-07-10,Completed,Low,4,2,2,48100.0,65500.0,39.0,0.361,2.9,No,Repeat Client
P0151,C-A-Client-03,A-Client-03,Agriculture,Political Risk Management,2024-04-01,2024-11-01,2024-11-30,Completed,High,12,3,9,446300.0,483300.0,29.0,0.083,4.3,Yes,Direct Outreach
P0747,C-E-Client-07,E-Client-07,Energy,Political Risk Management,2024-04-02,2024-09-02,2024-12-13,Completed,High,13,4,9,528100.0,671200.0,102.0,0.271,2.8,No,Repeat Client
P0988,C-FAI-Client-09,FAI-Client-09,Finance and Insurance,Strategic Planning,2024-04-02,2024-07-02,2024-07-02,Completed,Medium,6,1,5,101100.0,101100.0,0.0,0.0,4.1,Yes,Repeat Client
P1316,C-CEAT-Client-04,CEAT-Client-04,Creative Economy and Tourism,Stakeholder Engagement,2024-04-03,2024-12-03,2024-12-20,Completed,High,7,3,4,277100.0,300100.0,17.0,0.083,4.2,Yes,Referral
P0145,C-A-Client-08,A-Client-08,Agriculture,Digital Transformation,2024-04-04,2024-09-04,2024-09-06,Completed,Medium,6,2,4,117500.0,119400.0,2.0,0.016,4.2,No,Repeat Client
P0387,C-CACM-Client-05,CACM-Client-05,Climate and Carbon Markets,Data Visualization & Analytics,2024-04-04,2024-05-04,2024-05-08,Completed,Low,3,1,2,14100.0,15800.0,4.0,0.119,3.7,No,Repeat Client
P0146,C-A-Client-05,A-Client-05,Agriculture,Stakeholder Engagement,2024-04-05,2024-11-05,2024-11-06,Completed,High,9,2,7,360000.0,362200.0,1.0,0.006,4.5,Yes,Repeat Client
P1601,C-TAI-Client-03,TAI-Client-03,Technology and Innovation,Stakeholder Engagement,2024-04-07,2024-07-07,2024-07-08,Completed,Medium,4,1,3,62600.0,63200.0,1.0,0.009,4.3,No,Referral
P1317,C-CEAT-Client-09,CEAT-Client-09,Creative Economy and Tourism,Market & Social Research,2024-04-09,2024-07-09,,Cancelled,Low,4,2,2,39500.0,39900.0,,,,N/A,Competitive Tender
P1599,C-TAI-Client-06,TAI-Client-06,Technology and Innovation,Strategic Planning,2024-04-09,2024-08-09,2024-08-13,Completed,Medium,7,2,5,149900.0,153200.0,4.0,0.022,4.1,No,Direct Outreach
P1600,C-TAI-Client-02,TAI-Client-02,Technology and Innovation,Stakeholder Engagement,2024-04-10,2024-08-10,2024-08-13,Completed,Medium,8,3,5,202400.0,207100.0,3.0,0.023,4.4,No,Repeat Client
P0378,C-CACM-Client-04,CACM-Client-04,Climate and Carbon Markets,Strategic Planning,2024-04-10,2024-05-10,2024-05-12,Completed,Low,2,1,1,8500.0,9000.0,2.0,0.053,4.6,Yes,Referral
P0379,C-CACM-Client-07,CACM-Client-07,Climate and Carbon Markets,Stakeholder Engagement,2024-04-11,2024-10-11,2024-10-14,Completed,High,15,5,10,622700.0,629500.0,3.0,0.011,4.3,No,Referral
P1602,C-TAI-Client-05,TAI-Client-05,Technology and Innovation,Digital Transformation,2024-04-11,2024-08-11,2024-08-14,Completed,Medium,6,2,4,111600.0,114900.0,3.0,0.03,4.2,No,Referral
P0381,C-CACM-Client-05,CACM-Client-05,Climate and Carbon Markets,Strategic Planning,2024-04-12,2024-06-12,2024-06-16,Completed,Medium,6,2,4,59800.0,63600.0,4.0,0.063,4.2,Yes,Referral
P0749,C-E-Client-05,E-Client-05,Energy,Data Visualization & Analytics,2024-04-12,2024-07-12,2024-08-29,Completed,Medium,5,2,3,91400.0,122800.0,48.0,0.343,2.8,No,Repeat Client
P0383,C-CACM-Client-03,CACM-Client-03,Climate and Carbon Markets,Political Risk Management,2024-04-15,2024-11-15,2025-01-21,Completed,High,12,5,7,622300.0,779100.0,67.0,0.252,2.6,Too Recent,Competitive Tender
P1174,C-PS-Client-04,PS-Client-04,Public Sector,Political Risk Management,2024-04-15,2024-06-15,2024-08-24,Completed,Medium,8,2,6,81900.0,113800.0,70.0,0.389,2.9,No,Repeat Client
P0750,C-E-Client-10,E-Client-10,Energy,Stakeholder Engagement,2024-04-15,2024-09-15,2024-11-05,Completed,High,7,2,5,314300.0,387200.0,51.0,0.232,2.4,No,Repeat Client
P0380,C-CACM-Client-04,CACM-Client-04,Climate and Carbon Markets,Data Visualization & Analytics,2024-04-16,2024-06-16,2024-06-17,Completed,Low,2,1,1,19900.0,20100.0,1.0,0.011,4.4,Yes,Referral
P1596,C-TAI-Client-05,TAI-Client-05,Technology and Innovation,Market & Social Research,2024-04-17,2025-01-17,2025-01-20,Completed,High,7,2,5,434100.0,437600.0,3.0,0.008,5.0,Too Recent,Referral
P0752,C-E-Client-02,E-Client-02,Energy,Data Visualization & Analytics,2024-04-18,2024-06-18,2024-06-21,Completed,Low,2,1,1,22000.0,22700.0,3.0,0.03,4.1,No,Referral
P0985,C-FAI-Client-07,FAI-Client-07,Finance and Insurance,Digital Transformation,2024-04-18,2024-07-18,2024-07-21,Completed,Low,4,1,3,76800.0,78700.0,3.0,0.025,4.3,No,Repeat Client
P0989,C-FAI-Client-07,FAI-Client-07,Finance and Insurance,Political Risk Management,2024-04-19,2024-07-19,2024-07-21,Completed,Medium,6,3,3,126500.0,130000.0,2.0,0.028,4.0,No,Repeat Client
P1597,C-TAI-Client-06,TAI-Client-06,Technology and Innovation,Political Risk Management,2024-04-19,2024-05-19,2024-05-23,Completed,Low,2,1,1,7600.0,8600.0,4.0,0.131,3.9,No,Repeat Client
P0751,C-E-Client-08,E-Client-08,Energy,Political Risk Management,2024-04-20,2024-07-20,2024-07-21,Completed,Medium,6,3,3,103900.0,104900.0,1.0,0.01,3.7,Yes,Referral
P1314,C-CEAT-Client-04,CEAT-Client-04,Creative Economy and Tourism,Stakeholder Engagement,2024-04-20,2024-06-20,2024-06-24,Completed,Low,2,1,1,13800.0,14900.0,4.0,0.079,3.7,No,Repeat Client
P0144,C-A-Client-07,A-Client-07,Agriculture,Political Risk Management,2024-04-21,2024-08-21,2024-08-21,Completed,Medium,4,1,3,72200.0,72200.0,0.0,0.0,4.1,No,Competitive Tender
P1315,C-CEAT-Client-07,CEAT-Client-07,Creative Economy and Tourism,Political Risk Management,2024-04-22,2024-11-22,2024-11-26,Completed,High,14,3,11,428400.0,437400.0,4.0,0.021,4.6,Yes,Direct Outreach
P0384,C-CACM-Client-05,CACM-Client-05,Climate and Carbon Markets,Strategic Planning,2024-04-23,2024-11-23,2025-02-25,Completed,High,12,3,9,681800.0,814100.0,94.0,0.194,3.0,Too Recent,Direct Outreach
P1603,C-TAI-Client-02,TAI-Client-02,Technology and Innovation,Stakeholder Engagement,2024-04-23,2025-01-23,2025-01-26,Completed,High,12,6,6,737200.0,742400.0,3.0,0.007,4.3,Too Recent,Repeat Client
P0987,C-FAI-Client-02,FAI-Client-02,Finance and Insurance,Strategic Planning,2024-04-23,2024-10-23,2024-10-25,Completed,High,7,2,5,353300.0,355800.0,2.0,0.007,4.7,Yes,Repeat Client
P1598,C-TAI-Client-03,TAI-Client-03,Technology and Innovation,Strategic Planning,2024-04-23,2024-07-23,2024-07-26,Completed,Medium,6,2,4,108700.0,113000.0,3.0,0.04,4.4,No,Repeat Client
P0385,C-CACM-Client-07,CACM-Client-07,Climate and Carbon Markets,Stakeholder Engagement,2024-04-24,2024-09-24,,Cancelled,Medium,4,1,3,134700.0,139100.0,,,,N/A,Referral
P0150,C-A-Client-07,A-Client-07,Agriculture,Data Visualization & Analytics,2024-04-25,2024-09-25,2024-09-28,Completed,Medium,8,2,6,170200.0,172600.0,3.0,0.014,4.2,Yes,Repeat Client
P1173,C-PS-Client-01,PS-Client-01,Public Sector,Market & Social Research,2024-04-25,2024-06-25,2024-06-29,Completed,Low,2,1,1,14600.0,15600.0,4.0,0.07,4.5,No,Repeat Client
P0147,C-A-Client-08,A-Client-08,Agriculture,Political Risk Management,2024-04-26,2024-07-26,2024-07-30,Completed,Low,3,1,2,26600.0,27800.0,4.0,0.045,4.4,Yes,Referral
P0382,C-CACM-Client-07,CACM-Client-07,Climate and Carbon Markets,Digital Transformation,2024-04-26,2024-08-26,2024-09-17,Completed,Medium,7,3,4,158400.0,180600.0,22.0,0.14,4.2,Yes,Repeat Client
P0986,C-FAI-Client-01,FAI-Client-01,Finance and Insurance,Political Risk Management,2024-04-27,2024-06-27,2024-07-01,Completed,Medium,5,2,3,61100.0,66000.0,4.0,0.081,4.1,Yes,Repeat Client
P0149,C-A-Client-08,A-Client-08,Agriculture,Market & Social Research,2024-04-27,2024-05-27,2024-05-31,Completed,Low,3,1,2,8700.0,9600.0,4.0,0.106,3.6,No,Direct Outreach
P0148,C-A-Client-06,A-Client-06,Agriculture,Market & Social Research,2024-04-27,2025-01-27,2025-01-27,Completed,High,11,5,6,491000.0,491000.0,0.0,0.0,4.2,Too Recent,Referral
P0386,C-CACM-Client-05,CACM-Client-05,Climate and Carbon Markets,Data Visualization & Analytics,2024-04-27,2024-09-27,2024-11-29,Completed,High,15,3,12,597600.0,783500.0,63.0,0.311,2.8,No,Repeat Client
P1318,C-CEAT-Client-01,CEAT-Client-01,Creative Economy and Tourism,Digital Transformation,2024-05-02,2024-08-02,2024-10-14,Completed,Medium,5,1,4,45600.0,65400.0,73.0,0.435,2.4,No,Repeat Client
P1321,C-CEAT-Client-03,CEAT-Client-03,Creative Economy and Tourism,Market & Social Research,2024-05-02,2024-09-02,2024-09-03,Completed,High,13,6,7,192600.0,194300.0,1.0,0.009,4.3,No,Competitive Tender
P0400,C-CACM-Client-08,CACM-Client-08,Climate and Carbon Markets,Market & Social Research,2024-05-04,2024-07-04,2024-07-06,Completed,Low,3,1,2,24100.0,24700.0,2.0,0.025,4.7,No,Repeat Client
P1612,C-TAI-Client-04,TAI-Client-04,Technology and Innovation,Data Visualization & Analytics,2024-05-05,2025-02-05,,Cancelled,High,9,4,5,469500.0,472800.0,,,,N/A,Repeat Client
P1613,C-TAI-Client-02,TAI-Client-02,Technology and Innovation,Political Risk Management,2024-05-05,2024-08-05,2024-08-08,Completed,Medium,5,2,3,70500.0,72000.0,3.0,0.021,4.0,Yes,Referral
P0393,C-CACM-Client-03,CACM-Client-03,Climate and Carbon Markets,Strategic Planning,2024-05-05,2024-10-05,2024-10-22,Completed,Medium,4,1,3,98200.0,110900.0,17.0,0.129,4.3,No,Repeat Client
P0154,C-A-Client-07,A-Client-07,Agriculture,Political Risk Management,2024-05-07,2024-06-07,2024-06-11,Completed,Low,2,1,1,6100.0,6800.0,4.0,0.111,3.3,No,Direct Outreach
P0152,C-A-Client-06,A-Client-06,Agriculture,Data Visualization & Analytics,2024-05-07,2024-09-07,2024-09-09,Completed,Medium,6,2,4,95000.0,96100.0,2.0,0.012,4.7,No,Repeat Client
P0394,C-CACM-Client-06,CACM-Client-06,Climate and Carbon Markets,Political Risk Management,2024-05-08,2024-08-08,2024-08-11,Completed,Low,3,1,2,39300.0,40700.0,3.0,0.035,4.5,Yes,Repeat Client
P0757,C-E-Client-06,E-Client-06,Energy,Stakeholder Engagement,2024-05-09,2024-08-09,,Cancelled,Medium,4,1,3,65900.0,66800.0,,,,N/A,Referral
P1177,C-PS-Client-04,PS-Client-04,Public Sector,Data Visualization & Analytics,2024-05-09,2024-12-09,2024-12-09,Completed,High,11,3,8,389900.0,389900.0,0.0,0.0,4.9,Yes,Repeat Client
P0157,C-A-Client-04,A-Client-04,Agriculture,Data Visualization & Analytics,2024-05-10,2024-08-10,2024-09-30,Completed,Medium,7,3,4,89200.0,111900.0,51.0,0.255,3.4,No,Referral
P1606,C-TAI-Client-04,TAI-Client-04,Technology and Innovation,Market & Social Research,2024-05-11,2024-06-11,2024-07-09,Completed,Low,2,1,1,7400.0,10600.0,28.0,0.432,3.3,Yes,Repeat Client
P0398,C-CACM-Client-02,CACM-Client-02,Climate and Carbon Markets,Strategic Planning,2024-05-11,2024-09-11,2024-09-15,Completed,Medium,5,2,3,102600.0,106700.0,4.0,0.04,3.9,No,Repeat Client
P1319,C-CEAT-Client-01,CEAT-Client-01,Creative Economy and Tourism,Digital Transformation,2024-05-12,2024-07-12,2024-09-09,Completed,Medium,5,2,3,39800.0,60300.0,59.0,0.516,2.2,No,Referral
P0756,C-E-Client-06,E-Client-06,Energy,Political Risk Management,2024-05-12,2025-01-12,2025-01-13,Completed,High,15,4,11,1018300.0,1022400.0,1.0,0.004,4.4,Too Recent,Referral
P0991,C-FAI-Client-09,FAI-Client-09,Finance and Insurance,Strategic Planning,2024-05-13,2024-08-13,2024-08-13,Completed,Low,2,1,1,32600.0,32600.0,0.0,0.0,4.5,No,Repeat Client
P1175,C-PS-Client-03,PS-Client-03,Public Sector,Digital Transformation,2024-05-13,2024-09-13,2024-09-16,Completed,Medium,6,2,4,112400.0,115900.0,3.0,0.031,4.3,Yes,Competitive Tender
P0753,C-E-Client-04,E-Client-04,Energy,Digital Transformation,2024-05-13,2024-08-13,2024-10-26,Completed,Medium,7,3,4,154700.0,226200.0,74.0,0.462,2.7,No,Repeat Client
P0390,C-CACM-Client-01,CACM-Client-01,Climate and Carbon Markets,Strategic Planning,2024-05-14,2024-07-14,2024-07-18,Completed,Low,4,1,3,39200.0,40800.0,4.0,0.04,4.9,Yes,Competitive Tender
P0990,C-FAI-Client-06,FAI-Client-06,Finance and Insurance,Strategic Planning,2024-05-15,2024-10-15,2024-10-15,Completed,Medium,7,2,5,255000.0,255000.0,0.0,0.0,4.3,No,Repeat Client
P0396,C-CACM-Client-08,CACM-Client-08,Climate and Carbon Markets,Strategic Planning,2024-05-15,2024-09-15,2024-09-18,Completed,Medium,6,3,3,125400.0,128200.0,3.0,0.022,4.4,No,Competitive Tender
P0389,C-CACM-Client-06,CACM-Client-06,Climate and Carbon Markets,Stakeholder Engagement,2024-05-15,2024-06-15,2024-06-19,Completed,Low,4,1,3,19300.0,20900.0,4.0,0.083,3.9,Yes,Repeat Client
P0388,C-CACM-Client-08,CACM-Client-08,Climate and Carbon Markets,Data Visualization & Analytics,2024-05-15,2024-10-15,2024-10-15,Completed,Medium,5,2,3,147700.0,147700.0,0.0,0.0,4.1,Yes,Repeat Client
P1323,C-CEAT-Client-01,CEAT-Client-01,Creative Economy and Tourism,Strategic Planning,2024-05-15,2025-02-15,2025-04-11,Completed,High,12,3,9,473900.0,533100.0,55.0,0.125,3.3,Too Recent,Direct Outreach
P1608,C-TAI-Client-03,TAI-Client-03,Technology and Innovation,Strategic Planning,2024-05-15,2024-07-15,2024-07-19,Completed,Medium,4,1,3,45400.0,48600.0,4.0,0.07,4.1,No,Referral
P1609,C-TAI-Client-06,TAI-Client-06,Technology and Innovation,Market & Social Research,2024-05-16,2024-09-16,2024-11-04,Completed,Medium,6,2,4,128000.0,171600.0,49.0,0.341,2.1,No,Repeat Client
P1607,C-TAI-Client-02,TAI-Client-02,Technology and Innovation,Political Risk Management,2024-05-17,2024-06-17,2024-06-19,Completed,Low,2,1,1,8500.0,9000.0,2.0,0.062,4.3,No,Referral
P1605,C-TAI-Client-08,TAI-Client-08,Technology and Innovation,Political Risk Management,2024-05-17,2024-09-17,2024-09-17,Completed,Medium,6,2,4,114800.0,114800.0,0.0,0.0,4.1,No,Competitive Tender
P0155,C-A-Client-08,A-Client-08,Agriculture,Digital Transformation,2024-05-18,2024-06-18,2024-06-20,Completed,Low,4,1,3,11700.0,12300.0,2.0,0.054,4.9,Yes,Repeat Client
P1320,C-CEAT-Client-06,CEAT-Client-06,Creative Economy and Tourism,Strategic Planning,2024-05-19,2025-01-19,2025-01-19,Completed,High,11,3,8,449700.0,449700.0,0.0,0.0,4.0,Too Recent,Repeat Client
P0395,C-CACM-Client-03,CACM-Client-03,Climate and Carbon Markets,Digital Transformation,2024-05-19,2024-06-19,2024-06-23,Completed,Low,4,1,3,21000.0,23900.0,4.0,0.139,3.9,No,Direct Outreach
P1604,C-TAI-Client-01,TAI-Client-01,Technology and Innovation,Market & Social Research,2024-05-19,2024-07-19,2024-07-21,Completed,Low,2,1,1,16600.0,17100.0,2.0,0.028,4.1,Yes,Repeat Client
P0397,C-CACM-Client-06,CACM-Client-06,Climate and Carbon Markets,Political Risk Management,2024-05-19,2024-06-19,2024-06-21,Completed,Low,4,2,2,16800.0,17800.0,2.0,0.06,4.3,Yes,Repeat Client
P0153,C-A-Client-01,A-Client-01,Agriculture,Stakeholder Engagement,2024-05-20,2024-09-20,2024-10-20,Completed,Medium,8,2,6,126200.0,154700.0,30.0,0.226,3.3,No,Repeat Client
P0992,C-FAI-Client-01,FAI-Client-01,Finance and Insurance,Digital Transformation,2024-05-21,2024-07-21,2024-07-24,Completed,Medium,8,2,6,110300.0,117000.0,3.0,0.061,3.8,Yes,Repeat Client
P0391,C-CACM-Client-06,CACM-Client-06,Climate and Carbon Markets,Stakeholder Engagement,2024-05-22,2025-02-22,2025-03-22,Completed,High,13,6,7,783400.0,833500.0,28.0,0.064,4.0,Too Recent,Repeat Client
P1322,C-CEAT-Client-09,CEAT-Client-09,Creative Economy and Tourism,Market & Social Research,2024-05-22,2024-07-22,2024-07-23,Completed,Low,4,1,3,23000.0,23300.0,1.0,0.014,5.0,No,Repeat Client
P1614,C-TAI-Client-01,TAI-Client-01,Technology and Innovation,Political Risk Management,2024-05-23,2024-07-23,2024-07-27,Completed,Medium,4,2,2,46300.0,48300.0,4.0,0.044,4.5,Yes,Repeat Client
P1611,C-TAI-Client-02,TAI-Client-02,Technology and Innovation,Market & Social Research,2024-05-23,2024-09-23,2024-12-15,Completed,Medium,4,2,2,77500.0,98300.0,83.0,0.269,1.6,No,Referral
P0156,C-A-Client-01,A-Client-01,Agriculture,Strategic Planning,2024-05-23,2024-10-23,2024-10-26,Completed,Medium,7,3,4,164200.0,167200.0,3.0,0.018,4.2,No,Competitive Tender
P1176,C-PS-Client-09,PS-Client-09,Public Sector,Strategic Planning,2024-05-24,2024-07-24,2024-07-26,Completed,Medium,8,3,5,64200.0,65700.0,2.0,0.023,4.2,No,Repeat Client
P0399,C-CACM-Client-07,CACM-Client-07,Climate and Carbon Markets,Stakeholder Engagement,2024-05-24,2024-08-24,2024-08-24,Completed,Medium,7,2,5,117100.0,117100.0,0.0,0.0,3.9,No,Referral
P0392,C-CACM-Client-03,CACM-Client-03,Climate and Carbon Markets,Strategic Planning,2024-05-26,2024-08-26,2024-08-26,Completed,Low,4,1,3,67200.0,67200.0,0.0,0.0,4.7,Yes,Referral
P0754,C-E-Client-01,E-Client-01,Energy,Political Risk Management,2024-05-26,2024-08-26,2024-08-29,Completed,Medium,8,3,5,151500.0,155900.0,3.0,0.029,3.9,Yes,Repeat Client
P0755,C-E-Client-09,E-Client-09,Energy,Political Risk Management,2024-05-26,2024-09-26,2024-09-27,Completed,Medium,7,2,5,184600.0,185500.0,1.0,0.005,4.6,No,Repeat Client
P1610,C-TAI-Client-06,TAI-Client-06,Technology and Innovation,Market & Social Research,2024-05-27,2024-12-27,2025-05-01,Completed,High,15,7,8,597000.0,777900.0,125.0,0.303,2.2,Too Recent,Referral
P1616,C-TAI-Client-01,TAI-Client-01,Technology and Innovation,Political Risk Management,2024-06-02,2024-09-02,2024-09-02,Completed,Low,4,2,2,51600.0,51600.0,0.0,0.0,4.4,No,Direct Outreach
P1178,C-PS-Client-04,PS-Client-04,Public Sector,Digital Transformation,2024-06-02,2024-09-02,2024-09-04,Completed,Medium,4,2,2,52500.0,53700.0,2.0,0.023,4.0,No,Direct Outreach
P1620,C-TAI-Client-06,TAI-Client-06,Technology and Innovation,Data Visualization & Analytics,2024-06-03,2024-09-03,2024-09-04,Completed,Medium,6,3,3,92600.0,93300.0,1.0,0.008,4.0,No,Repeat Client
P0404,C-CACM-Client-05,CACM-Client-05,Climate and Carbon Markets,Data Visualization & Analytics,2024-06-03,2024-09-03,2024-09-03,Completed,Low,4,1,3,59300.0,59300.0,0.0,0.0,3.8,Yes,Repeat Client
P0760,C-E-Client-04,E-Client-04,Energy,Data Visualization & Analytics,2024-06-04,2024-07-04,,Cancelled,Low,4,2,2,19200.0,19200.0,,,,N/A,Repeat Client
P1617,C-TAI-Client-02,TAI-Client-02,Technology and Innovation,Data Visualization & Analytics,2024-06-04,2024-10-04,2024-11-02,Completed,Medium,4,1,3,82200.0,98600.0,29.0,0.2,3.2,No,Repeat Client
P0402,C-CACM-Client-03,CACM-Client-03,Climate and Carbon Markets,Digital Transformation,2024-06-05,2024-08-05,2024-08-05,Completed,Medium,7,3,4,79500.0,79500.0,0.0,0.0,4.6,No,Repeat Client
P1621,C-TAI-Client-02,TAI-Client-02,Technology and Innovation,Strategic Planning,2024-06-06,2024-09-06,2024-09-06,Completed,Medium,8,2,6,122400.0,122400.0,0.0,0.0,4.7,No,Referral
P1619,C-TAI-Client-06,TAI-Client-06,Technology and Innovation,Strategic Planning,2024-06-07,2024-09-07,2024-09-08,Completed,Medium,5,2,3,79300.0,80000.0,1.0,0.009,4.1,Yes,Referral
P1623,C-TAI-Client-01,TAI-Client-01,Technology and Innovation,Digital Transformation,2024-06-07,2024-08-07,2024-08-30,Completed,Low,2,1,1,19000.0,24900.0,23.0,0.31,3.4,No,Competitive Tender
P0406,C-CACM-Client-03,CACM-Client-03,Climate and Carbon Markets,Market & Social Research,2024-06-08,2024-07-08,2024-07-11,Completed,Low,2,1,1,9500.0,10600.0,3.0,0.114,4.0,No,Referral
P0758,C-E-Client-01,E-Client-01,Energy,Political Risk Management,2024-06-08,2024-10-08,2024-12-06,Completed,High,11,5,6,303800.0,418600.0,59.0,0.378,2.6,No,Referral
P0763,C-E-Client-06,E-Client-06,Energy,Stakeholder Engagement,2024-06-08,2024-09-08,2024-09-09,Completed,Low,3,1,2,53400.0,53800.0,1.0,0.008,4.3,Yes,Repeat Client
P1326,C-CEAT-Client-02,CEAT-Client-02,Creative Economy and Tourism,Digital Transformation,2024-06-10,2024-08-10,2024-08-13,Completed,Low,2,1,1,10600.0,11000.0,3.0,0.036,3.9,No,Repeat Client
P0994,C-FAI-Client-02,FAI-Client-02,Finance and Insurance,Data Visualization & Analytics,2024-06-10,2024-10-10,2024-10-12,Completed,Medium,8,3,5,206400.0,208900.0,2.0,0.012,4.4,Yes,Repeat Client
P0403,C-CACM-Client-06,CACM-Client-06,Climate and Carbon Markets,Digital Transformation,2024-06-15,2024-10-15,2024-10-15,Completed,High,12,4,8,374900.0,374900.0,0.0,0.0,4.4,Yes,Direct Outreach
P1328,C-CEAT-Client-01,CEAT-Client-01,Creative Economy and Tourism,Strategic Planning,2024-06-17,2024-11-17,2024-11-20,Completed,High,10,3,7,254100.0,257400.0,3.0,0.013,3.8,No,Referral
P0759,C-E-Client-04,E-Client-04,Energy,Market & Social Research,2024-06-17,2024-10-17,2024-12-20,Completed,Medium,8,3,5,193500.0,254500.0,64.0,0.315,2.9,No,Repeat Client
P0761,C-E-Client-04,E-Client-04,Energy,Stakeholder Engagement,2024-06-18,2024-09-18,2024-10-05,Completed,Low,2,1,1,36200.0,43400.0,17.0,0.199,3.8,No,Repeat Client
P0408,C-CACM-Client-03,CACM-Client-03,Climate and Carbon Markets,Stakeholder Engagement,2024-06-19,2024-08-19,2024-08-20,Completed,Low,3,1,2,31300.0,32000.0,1.0,0.021,4.6,No,Repeat Client
P0401,C-CACM-Client-04,CACM-Client-04,Climate and Carbon Markets,Strategic Planning,2024-06-20,2024-10-20,2024-10-24,Completed,Medium,7,2,5,177300.0,181400.0,4.0,0.023,4.3,Yes,Repeat Client
P1618,C-TAI-Client-02,TAI-Client-02,Technology and Innovation,Stakeholder Engagement,2024-06-22,2024-07-22,2024-08-03,Completed,Low,2,1,1,9600.0,12300.0,12.0,0.28,4.3,Yes,Direct Outreach
P0158,C-A-Client-06,A-Client-06,Agriculture,Political Risk Management,2024-06-22,2024-10-22,2024-10-25,Completed,Medium,7,2,5,97000.0,99000.0,3.0,0.021,4.6,No,Repeat Client
P0159,C-A-Client-06,A-Client-06,Agriculture,Digital Transformation,2024-06-24,2024-09-24,2024-09-25,Completed,Low,3,1,2,25800.0,26000.0,1.0,0.007,4.0,No,Referral
P1324,C-CEAT-Client-06,CEAT-Client-06,Creative Economy and Tourism,Political Risk Management,2024-06-25,2024-12-25,2024-12-26,Completed,High,12,4,8,298300.0,300400.0,1.0,0.007,4.5,No,Direct Outreach
P1615,C-TAI-Client-04,TAI-Client-04,Technology and Innovation,Strategic Planning,2024-06-25,2024-08-25,2024-08-28,Completed,Low,2,1,1,18300.0,19400.0,3.0,0.058,4.4,Yes,Repeat Client
P0995,C-FAI-Client-07,FAI-Client-07,Finance and Insurance,Digital Transformation,2024-06-25,2024-11-25,2024-11-27,Completed,Medium,7,2,5,243200.0,245100.0,2.0,0.008,4.1,No,Competitive Tender
P0407,C-CACM-Client-06,CACM-Client-06,Climate and Carbon Markets,Stakeholder Engagement,2024-06-26,2024-08-26,2024-08-27,Completed,Low,2,1,1,16200.0,16400.0,1.0,0.012,4.3,No,Repeat Client
P1622,C-TAI-Client-04,TAI-Client-04,Technology and Innovation,Digital Transformation,2024-06-27,2024-09-27,2024-11-08,Completed,Low,2,1,1,23600.0,30200.0,42.0,0.28,3.4,No,Repeat Client
P1325,C-CEAT-Client-09,CEAT-Client-09,Creative Economy and Tourism,Strategic Planning,2024-06-27,2024-10-27,2024-10-27,Completed,High,13,4,9,207700.0,207700.0,0.0,0.0,3.5,No,Repeat Client
P0405,C-CACM-Client-06,CACM-Client-06,Climate and Carbon Markets,Stakeholder Engagement,2024-06-28,2024-09-28,,Cancelled,Medium,5,2,3,73300.0,76200.0,,,,N/A,Referral
P0762,C-E-Client-03,E-Client-03,Energy,Market & Social Research,2024-06-28,2025-01-28,2025-03-18,Completed,High,12,4,8,614200.0,738900.0,49.0,0.203,3.0,Too Recent,Repeat Client
P1327,C-CEAT-Client-09,CEAT-Client-09,Creative Economy and Tourism,Political Risk Management,2024-06-28,2024-10-28,2024-10-28,Completed,Medium,6,2,4,85100.0,85100.0,0.0,0.0,4.8,Yes,Referral
P0993,C-FAI-Client-09,FAI-Client-09,Finance and Insurance,Strategic Planning,2024-06-28,2024-10-28,2024-10-28,Completed,High,12,5,7,384200.0,384200.0,0.0,0.0,4.1,No,Repeat Client
P0996,C-FAI-Client-09,FAI-Client-09,Finance and Insurance,Market & Social Research,2024-07-01,2024-12-01,2024-12-04,Completed,Medium,5,2,3,181200.0,183900.0,3.0,0.015,4.6,Yes,Repeat Client
P0764,C-E-Client-10,E-Client-10,Energy,Market & Social Research,2024-07-01,2024-11-01,2024-11-02,Completed,Medium,8,3,5,202500.0,204300.0,1.0,0.009,4.2,No,Referral
P0409,C-CACM-Client-07,CACM-Client-07,Climate and Carbon Markets,Digital Transformation,2024-07-03,2024-08-03,2024-08-05,Completed,Low,3,1,2,15100.0,15800.0,2.0,0.049,4.2,Yes,Referral
P1624,C-TAI-Client-08,TAI-Client-08,Technology and Innovation,Data Visualization & Analytics,2024-07-04,2024-08-04,2024-08-05,Completed,Low,4,1,3,15400.0,16000.0,1.0,0.04,4.7,No,Referral
P0161,C-A-Client-02,A-Client-02,Agriculture,Digital Transformation,2024-07-04,2024-10-04,2024-11-10,Completed,Medium,6,3,3,80800.0,110200.0,37.0,0.364,3.1,No,Referral
P1626,C-TAI-Client-07,TAI-Client-07,Technology and Innovation,Political Risk Management,2024-07-04,2024-12-04,2025-01-16,Completed,High,12,4,8,358800.0,456000.0,43.0,0.271,3.1,Too Recent,Referral
P1628,C-TAI-Client-03,TAI-Client-03,Technology and Innovation,Political Risk Management,2024-07-04,2024-12-04,2025-01-11,Completed,Medium,4,1,3,116200.0,141100.0,38.0,0.214,2.4,Too Recent,Repeat Client
P1631,C-TAI-Client-08,TAI-Client-08,Technology and Innovation,Stakeholder Engagement,2024-07-04,2024-09-04,2024-09-06,Completed,Low,3,1,2,27000.0,28100.0,2.0,0.041,5.0,Yes,Referral
P1335,C-CEAT-Client-02,CEAT-Client-02,Creative Economy and Tourism,Digital Transformation,2024-07-04,2024-08-04,2024-09-14,Completed,Low,3,1,2,7900.0,12600.0,41.0,0.6,1.9,No,Referral
P0415,C-CACM-Client-03,CACM-Client-03,Climate and Carbon Markets,Data Visualization & Analytics,2024-07-05,2024-11-05,2024-11-07,Completed,Medium,5,2,3,112600.0,114000.0,2.0,0.012,5.0,Yes,Repeat Client
P0998,C-FAI-Client-06,FAI-Client-06,Finance and Insurance,Strategic Planning,2024-07-05,2024-09-05,2024-09-07,Completed,Low,4,2,2,48700.0,50600.0,2.0,0.04,4.8,No,Repeat Client
P0997,C-FAI-Client-05,FAI-Client-05,Finance and Insurance,Digital Transformation,2024-07-05,2024-12-05,,Cancelled,Medium,8,3,5,268100.0,269400.0,,,,N/A,Referral
P0766,C-E-Client-02,E-Client-02,Energy,Strategic Planning,2024-07-06,2024-12-06,,Cancelled,Medium,4,2,2,138900.0,184500.0,,,,N/A,Referral
P1627,C-TAI-Client-02,TAI-Client-02,Technology and Innovation,Data Visualization & Analytics,2024-07-07,2024-10-07,2024-10-08,Completed,Medium,7,2,5,112500.0,114000.0,1.0,0.013,4.2,No,Referral
P1334,C-CEAT-Client-04,CEAT-Client-04,Creative Economy and Tourism,Strategic Planning,2024-07-08,2024-10-08,2024-10-09,Completed,Low,3,1,2,31000.0,31300.0,1.0,0.01,3.4,No,Repeat Client
P0417,C-CACM-Client-05,CACM-Client-05,Climate and Carbon Markets,Market & Social Research,2024-07-09,2024-10-09,2025-01-03,Completed,Medium,8,2,6,136300.0,207900.0,86.0,0.525,1.7,Too Recent,Competitive Tender
P0414,C-CACM-Client-02,CACM-Client-02,Climate and Carbon Markets,Stakeholder Engagement,2024-07-14,2024-10-14,2024-10-18,Completed,Low,2,1,1,31200.0,32200.0,4.0,0.031,4.0,No,Referral
P0160,C-A-Client-05,A-Client-05,Agriculture,Market & Social Research,2024-07-15,2024-11-15,2025-02-10,Completed,Medium,6,3,3,102200.0,152000.0,87.0,0.487,2.1,Too Recent,Repeat Client
P0163,C-A-Client-05,A-Client-05,Agriculture,Strategic Planning,2024-07-16,2025-01-16,2025-01-18,Completed,High,15,7,8,512500.0,519200.0,2.0,0.013,4.6,Too Recent,Repeat Client
P1330,C-CEAT-Client-06,CEAT-Client-06,Creative Economy and Tourism,Data Visualization & Analytics,2024-07-16,2024-11-16,2024-11-17,Completed,Medium,7,2,5,104900.0,105600.0,1.0,0.007,4.1,Yes,Repeat Client
P0413,C-CACM-Client-03,CACM-Client-03,Climate and Carbon Markets,Market & Social Research,2024-07-17,2025-01-17,2025-01-20,Completed,High,9,2,7,448600.0,457100.0,3.0,0.019,4.5,Too Recent,Repeat Client
P1331,C-CEAT-Client-06,CEAT-Client-06,Creative Economy and Tourism,Market & Social Research,2024-07-17,2024-10-17,2024-10-18,Completed,Low,4,1,3,36600.0,36900.0,1.0,0.008,4.0,No,Referral
P0162,C-A-Client-04,A-Client-04,Agriculture,Digital Transformation,2024-07-18,2024-10-18,2024-11-06,Completed,Medium,5,2,3,63200.0,71400.0,19.0,0.129,3.3,No,Direct Outreach
P1633,C-TAI-Client-07,TAI-Client-07,Technology and Innovation,Market & Social Research,2024-07-18,2024-09-18,2024-09-22,Completed,Low,3,1,2,26500.0,28100.0,4.0,0.059,3.8,Yes,Repeat Client
P0999,C-FAI-Client-02,FAI-Client-02,Finance and Insurance,Strategic Planning,2024-07-18,2024-10-18,2024-10-21,Completed,Low,2,1,1,27600.0,28300.0,3.0,0.027,4.1,Yes,Referral
P1329,C-CEAT-Client-09,CEAT-Client-09,Creative Economy and Tourism,Strategic Planning,2024-07-19,2024-10-19,2024-10-21,Completed,Low,4,1,3,33700.0,34600.0,2.0,0.028,4.1,No,Competitive Tender
P0765,C-E-Client-09,E-Client-09,Energy,Data Visualization & Analytics,2024-07-19,2024-08-19,2024-08-21,Completed,Low,3,1,2,16000.0,17200.0,2.0,0.072,4.4,Yes,Repeat Client
P1332,C-CEAT-Client-09,CEAT-Client-09,Creative Economy and Tourism,Digital Transformation,2024-07-20,2024-10-20,2024-10-20,Completed,Low,3,1,2,26600.0,26600.0,0.0,0.0,4.8,Yes,Repeat Client
P0412,C-CACM-Client-08,CACM-Client-08,Climate and Carbon Markets,Digital Transformation,2024-07-21,2024-11-21,2024-11-23,Completed,High,14,6,8,379800.0,384000.0,2.0,0.011,4.4,No,Repeat Client
P1333,C-CEAT-Client-03,CEAT-Client-03,Creative Economy and Tourism,Stakeholder Engagement,2024-07-21,2024-09-21,2024-09-21,Completed,Low,3,1,2,20100.0,20100.0,0.0,0.0,4.3,No,Competitive Tender
P0418,C-CACM-Client-02,CACM-Client-02,Climate and Carbon Markets,Stakeholder Engagement,2024-07-21,2025-01-21,2025-02-05,Completed,High,15,4,11,708500.0,761600.0,15.0,0.075,3.6,Too Recent,Repeat Client
P0419,C-CACM-Client-03,CACM-Client-03,Climate and Carbon Markets,Market & Social Research,2024-07-21,2024-08-21,2024-08-25,Completed,Low,4,1,3,18200.0,20200.0,4.0,0.112,3.9,No,Repeat Client
P0416,C-CACM-Client-05,CACM-Client-05,Climate and Carbon Markets,Strategic Planning,2024-07-23,2024-12-23,2024-12-26,Completed,High,12,5,7,462600.0,472300.0,3.0,0.021,4.3,No,Repeat Client
P1625,C-TAI-Client-08,TAI-Client-08,Technology and Innovation,Digital Transformation,2024-07-23,2024-10-23,2024-10-27,Completed,Low,2,1,1,27600.0,29100.0,4.0,0.054,3.9,Yes,Repeat Client
P1632,C-TAI-Client-08,TAI-Client-08,Technology and Innovation,Market & Social Research,2024-07-24,2024-09-24,2024-09-26,Completed,Low,4,2,2,30100.0,31000.0,2.0,0.029,4.5,No,Repeat Client
P0410,C-CACM-Client-07,CACM-Client-07,Climate and Carbon Markets,Political Risk Management,2024-07-24,2024-12-24,2024-12-25,Completed,Medium,8,4,4,262200.0,263800.0,1.0,0.006,4.3,No,Repeat Client
P1630,C-TAI-Client-06,TAI-Client-06,Technology and Innovation,Political Risk Management,2024-07-24,2024-11-24,2025-03-12,Completed,High,8,2,6,210500.0,322500.0,108.0,0.532,1.5,Too Recent,Repeat Client
P1629,C-TAI-Client-05,TAI-Client-05,Technology and Innovation,Stakeholder Engagement,2024-07-25,2024-09-25,2024-09-29,Completed,Low,4,1,3,34600.0,35900.0,4.0,0.038,3.8,Yes,Competitive Tender
P0164,C-A-Client-04,A-Client-04,Agriculture,Data Visualization & Analytics,2024-07-27,2024-10-27,2024-10-31,Completed,Medium,6,2,4,65000.0,66800.0,4.0,0.027,4.3,No,Repeat Client
P0411,C-CACM-Client-03,CACM-Client-03,Climate and Carbon Markets,Data Visualization & Analytics,2024-07-27,2024-10-27,2024-10-28,Completed,Low,2,1,1,27000.0,27400.0,1.0,0.013,4.1,No,Competitive Tender
P1635,C-TAI-Client-07,TAI-Client-07,Technology and Innovation,Political Risk Management,2024-08-01,2025-01-01,2025-01-01,Completed,Medium,4,1,3,91900.0,91900.0,0.0,0.0,4.4,Too Recent,Repeat Client
P1000,C-FAI-Client-07,FAI-Client-07,Finance and Insurance,Stakeholder Engagement,2024-08-01,2024-11-01,2024-11-01,Completed,Low,4,2,2,56600.0,56600.0,0.0,0.0,4.2,No,Direct Outreach
P0768,C-E-Client-03,E-Client-03,Energy,Data Visualization & Analytics,2024-08-01,2025-02-01,2025-02-04,Completed,High,10,2,8,489900.0,496800.0,3.0,0.014,4.0,Too Recent,Repeat Client
P1337,C-CEAT-Client-09,CEAT-Client-09,Creative Economy and Tourism,Digital Transformation,2024-08-02,2024-12-02,2025-01-11,Completed,Medium,6,2,4,87700.0,112800.0,40.0,0.286,3.7,Too Recent,Competitive Tender
P1181,C-PS-Client-08,PS-Client-08,Public Sector,Digital Transformation,2024-08-02,2024-11-02,2024-11-04,Completed,Low,4,1,3,42000.0,42800.0,2.0,0.018,4.0,No,Repeat Client
P0166,C-A-Client-05,A-Client-05,Agriculture,Digital Transformation,2024-08-02,2024-09-02,2024-09-06,Completed,Low,4,2,2,15500.0,16800.0,4.0,0.087,4.3,Yes,Repeat Client
P0421,C-CACM-Client-01,CACM-Client-01,Climate and Carbon Markets,Digital Transformation,2024-08-02,2024-09-02,2024-09-02,Completed,Low,2,1,1,11000.0,11000.0,0.0,0.0,4.4,Yes,Competitive Tender
P0426,C-CACM-Client-08,CACM-Client-08,Climate and Carbon Markets,Political Risk Management,2024-08-03,2024-10-03,2024-10-03,Completed,Medium,5,1,4,65000.0,65000.0,0.0,0.0,4.4,Yes,Repeat Client
P1644,C-TAI-Client-08,TAI-Client-08,Technology and Innovation,Market & Social Research,2024-08-04,2024-12-04,,Cancelled,Medium,7,2,5,169700.0,214000.0,,,,N/A,Referral
P0170,C-A-Client-08,A-Client-08,Agriculture,Strategic Planning,2024-08-04,2024-10-04,2024-10-06,Completed,Medium,7,3,4,48400.0,50000.0,2.0,0.033,4.0,No,Referral
P0167,C-A-Client-02,A-Client-02,Agriculture,Strategic Planning,2024-08-05,2024-11-05,2024-11-05,Completed,Low,3,1,2,30400.0,30400.0,0.0,0.0,4.8,No,Repeat Client
P1637,C-TAI-Client-02,TAI-Client-02,Technology and Innovation,Digital Transformation,2024-08-05,2025-03-05,2025-03-07,Completed,High,13,4,9,683300.0,690100.0,2.0,0.01,4.2,Too Recent,Repeat Client
P0770,C-E-Client-02,E-Client-02,Energy,Stakeholder Engagement,2024-08-05,2025-04-05,2025-04-09,Completed,High,9,3,6,466100.0,474500.0,4.0,0.018,4.5,Too Recent,Repeat Client
P0428,C-CACM-Client-06,CACM-Client-06,Climate and Carbon Markets,Digital Transformation,2024-08-05,2024-10-05,2024-10-08,Completed,Low,4,1,3,35700.0,36900.0,3.0,0.033,4.2,Yes,Repeat Client
P0165,C-A-Client-03,A-Client-03,Agriculture,Data Visualization & Analytics,2024-08-06,2024-10-06,2024-10-09,Completed,Low,2,1,1,14100.0,14600.0,3.0,0.034,4.0,Yes,Competitive Tender
P1638,C-TAI-Client-04,TAI-Client-04,Technology and Innovation,Data Visualization & Analytics,2024-08-06,2024-10-06,2024-10-09,Completed,Medium,6,1,5,54900.0,57400.0,3.0,0.046,4.4,Yes,Repeat Client
P1338,C-CEAT-Client-05,CEAT-Client-05,Creative Economy and Tourism,Data Visualization & Analytics,2024-08-07,2024-12-07,2024-12-09,Completed,High,10,3,7,169200.0,171600.0,2.0,0.014,4.0,No,Competitive Tender
P1639,C-TAI-Client-02,TAI-Client-02,Technology and Innovation,Market & Social Research,2024-08-07,2025-04-07,2025-04-09,Completed,High,13,6,7,724800.0,729900.0,2.0,0.007,4.7,Too Recent,Repeat Client
P0425,C-CACM-Client-05,CACM-Client-05,Climate and Carbon Markets,Political Risk Management,2024-08-08,2024-11-08,,Cancelled,Low,3,1,2,50400.0,63300.0,,,,N/A,Competitive Tender
P0767,C-E-Client-09,E-Client-09,Energy,Political Risk Management,2024-08-08,2024-11-08,2024-11-11,Completed,Medium,4,1,3,85100.0,88200.0,3.0,0.037,4.4,Yes,Repeat Client
P0773,C-E-Client-03,E-Client-03,Energy,Digital Transformation,2024-08-10,2024-12-10,2024-12-14,Completed,Medium,5,2,3,117600.0,121200.0,4.0,0.031,3.8,No,Competitive Tender
P1341,C-CEAT-Client-01,CEAT-Client-01,Creative Economy and Tourism,Market & Social Research,2024-08-11,2024-12-11,2024-12-14,Completed,Medium,7,2,5,107800.0,110600.0,3.0,0.026,4.7,No,Repeat Client
P0169,C-A-Client-05,A-Client-05,Agriculture,Political Risk Management,2024-08-11,2024-09-11,2024-09-12,Completed,Low,2,1,1,7100.0,7400.0,1.0,0.037,4.3,No,Repeat Client
P1642,C-TAI-Client-07,TAI-Client-07,Technology and Innovation,Political Risk Management,2024-08-13,2024-12-13,2024-12-26,Completed,Medium,7,3,4,146400.0,161500.0,13.0,0.103,4.0,Yes,Repeat Client
P0423,C-CACM-Client-01,CACM-Client-01,Climate and Carbon Markets,Political Risk Management,2024-08-14,2024-11-14,2024-11-18,Completed,Low,4,1,3,51500.0,53400.0,4.0,0.036,4.2,No,Repeat Client
P0774,C-E-Client-06,E-Client-06,Energy,Market & Social Research,2024-08-14,2024-11-14,2024-11-16,Completed,Low,3,1,2,40600.0,41600.0,2.0,0.024,4.4,No,Direct Outreach
P1179,C-PS-Client-03,PS-Client-03,Public Sector,Data Visualization & Analytics,2024-08-14,2024-12-14,2024-12-28,Completed,Medium,4,2,2,66900.0,71100.0,14.0,0.063,4.0,No,Referral
P0427,C-CACM-Client-06,CACM-Client-06,Climate and Carbon Markets,Stakeholder Engagement,2024-08-16,2025-01-16,2025-01-17,Completed,Medium,5,2,3,165400.0,166100.0,1.0,0.004,3.8,Too Recent,Direct Outreach
P1643,C-TAI-Client-08,TAI-Client-08,Technology and Innovation,Strategic Planning,2024-08-17,2024-12-17,2024-12-17,Completed,Medium,5,1,4,106000.0,106000.0,0.0,0.0,4.9,No,Competitive Tender
P0430,C-CACM-Client-06,CACM-Client-06,Climate and Carbon Markets,Market & Social Research,2024-08-17,2025-04-17,2025-06-01,Completed,High,8,4,4,510800.0,575700.0,45.0,0.127,3.8,Too Recent,Competitive Tender
P1636,C-TAI-Client-02,TAI-Client-02,Technology and Innovation,Strategic Planning,2024-08-17,2024-11-17,2024-11-17,Completed,Low,4,1,3,54600.0,54600.0,0.0,0.0,4.2,Yes,Repeat Client
P1001,C-FAI-Client-04,FAI-Client-04,Finance and Insurance,Digital Transformation,2024-08-18,2024-10-18,2024-10-21,Completed,Medium,6,2,4,88300.0,92500.0,3.0,0.048,3.8,No,Repeat Client
P1340,C-CEAT-Client-02,CEAT-Client-02,Creative Economy and Tourism,Digital Transformation,2024-08-18,2024-12-18,2024-12-19,Completed,Medium,4,2,2,62800.0,63400.0,1.0,0.01,4.3,Yes,Referral
P1180,C-PS-Client-04,PS-Client-04,Public Sector,Strategic Planning,2024-08-19,2024-12-19,2024-12-19,Completed,High,13,4,9,289100.0,289100.0,0.0,0.0,4.5,Yes,Repeat Client
P0168,C-A-Client-08,A-Client-08,Agriculture,Political Risk Management,2024-08-19,2024-10-19,2024-10-23,Completed,Low,3,1,2,17500.0,18400.0,4.0,0.054,4.3,No,Repeat Client
P0424,C-CACM-Client-05,CACM-Client-05,Climate and Carbon Markets,Political Risk Management,2024-08-21,2025-04-21,2025-04-23,Completed,High,11,2,9,693300.0,700900.0,2.0,0.011,5.0,Too Recent,Repeat Client
P0772,C-E-Client-02,E-Client-02,Energy,Data Visualization & Analytics,2024-08-22,2024-10-22,2024-10-24,Completed,Low,4,1,3,36800.0,37900.0,2.0,0.03,3.8,Yes,Repeat Client
P0420,C-CACM-Client-06,CACM-Client-06,Climate and Carbon Markets,Stakeholder Engagement,2024-08-22,2024-11-22,2024-11-23,Completed,Low,4,2,2,67300.0,67800.0,1.0,0.007,4.2,Yes,Repeat Client
P0769,C-E-Client-01,E-Client-01,Energy,Strategic Planning,2024-08-23,2024-09-23,2024-09-25,Completed,Low,3,1,2,15600.0,16500.0,2.0,0.055,4.0,No,Referral
P0775,C-E-Client-10,E-Client-10,Energy,Market & Social Research,2024-08-23,2024-12-23,2024-12-25,Completed,Medium,5,2,3,124700.0,127100.0,2.0,0.019,3.8,No,Direct Outreach
P1002,C-FAI-Client-07,FAI-Client-07,Finance and Insurance,Digital Transformation,2024-08-24,2024-12-24,2024-12-26,Completed,Medium,5,1,4,156300.0,157900.0,2.0,0.01,4.5,No,Repeat Client
P0422,C-CACM-Client-04,CACM-Client-04,Climate and Carbon Markets,Stakeholder Engagement,2024-08-25,2024-11-25,2024-11-28,Completed,Low,3,1,2,40900.0,41800.0,3.0,0.022,4.3,No,Repeat Client
P1641,C-TAI-Client-05,TAI-Client-05,Technology and Innovation,Digital Transformation,2024-08-25,2024-11-25,2024-11-25,Completed,Low,4,2,2,45500.0,45500.0,0.0,0.0,4.5,No,Direct Outreach
P1339,C-CEAT-Client-05,CEAT-Client-05,Creative Economy and Tourism,Stakeholder Engagement,2024-08-26,2024-10-26,2024-11-26,Completed,Medium,6,2,4,46200.0,60200.0,31.0,0.302,3.3,No,Referral
P1640,C-TAI-Client-05,TAI-Client-05,Technology and Innovation,Digital Transformation,2024-08-27,2025-01-27,2025-01-29,Completed,Medium,7,3,4,184800.0,186500.0,2.0,0.009,4.4,Too Recent,Repeat Client
P0771,C-E-Client-06,E-Client-06,Energy,Digital Transformation,2024-08-28,2024-10-28,2024-10-28,Completed,Low,2,1,1,23100.0,23100.0,0.0,0.0,4.6,Yes,Referral
P1634,C-TAI-Client-06,TAI-Client-06,Technology and Innovation,Market & Social Research,2024-08-28,2024-10-28,2024-11-01,Completed,Medium,7,3,4,82700.0,88100.0,4.0,0.065,3.9,No,Repeat Client
P0429,C-CACM-Client-03,CACM-Client-03,Climate and Carbon Markets,Data Visualization & Analytics,2024-08-28,2025-02-28,2025-02-28,Completed,High,13,4,9,630200.0,630200.0,0.0,0.0,4.8,Too Recent,Repeat Client
P1336,C-CEAT-Client-07,CEAT-Client-07,Creative Economy and Tourism,Political Risk Management,2024-08-28,2024-09-28,2024-10-01,Completed,Low,4,1,3,10900.0,11900.0,3.0,0.095,3.7,No,Competitive Tender
P1646,C-TAI-Client-01,TAI-Client-01,Technology and Innovation,Market & Social Research,2024-09-02,2024-10-02,2024-10-06,Completed,Low,3,1,2,13600.0,15500.0,4.0,0.138,4.0,Yes,Repeat Client
P0438,C-CACM-Client-08,CACM-Client-08,Climate and Carbon Markets,Data Visualization & Analytics,2024-09-02,2024-11-02,2024-11-02,Completed,Low,3,1,2,25100.0,25100.0,0.0,0.0,4.4,No,Repeat Client
P1654,C-TAI-Client-05,TAI-Client-05,Technology and Innovation,Digital Transformation,2024-09-02,2024-10-02,2024-10-02,Completed,Low,4,1,3,15400.0,15400.0,0.0,0.0,4.0,No,Direct Outreach
P0780,C-E-Client-02,E-Client-02,Energy,Market & Social Research,2024-09-05,2024-11-05,2024-11-07,Completed,Low,4,2,2,44400.0,45700.0,2.0,0.03,4.3,No,Competitive Tender
P0172,C-A-Client-02,A-Client-02,Agriculture,Market & Social Research,2024-09-05,2024-12-05,2024-12-09,Completed,Low,3,1,2,30900.0,32300.0,4.0,0.045,4.6,Yes,Referral
P0432,C-CACM-Client-05,CACM-Client-05,Climate and Carbon Markets,Political Risk Management,2024-09-05,2024-10-05,2024-11-16,Completed,Low,2,1,1,9200.0,12800.0,42.0,0.394,3.3,No,Direct Outreach
P1344,C-CEAT-Client-06,CEAT-Client-06,Creative Economy and Tourism,Political Risk Management,2024-09-05,2025-02-05,2025-02-06,Completed,Medium,8,2,6,136700.0,137800.0,1.0,0.008,4.5,Too Recent,Competitive Tender
P1655,C-TAI-Client-03,TAI-Client-03,Technology and Innovation,Data Visualization & Analytics,2024-09-06,2024-11-06,2024-12-09,Completed,Low,3,1,2,24500.0,30600.0,33.0,0.247,3.8,Yes,Repeat Client
P1342,C-CEAT-Client-08,CEAT-Client-08,Creative Economy and Tourism,Political Risk Management,2024-09-07,2025-01-07,2025-01-09,Completed,Medium,6,1,5,88200.0,90000.0,2.0,0.02,4.0,Too Recent,Referral
P1004,C-FAI-Client-04,FAI-Client-04,Finance and Insurance,Strategic Planning,2024-09-08,2025-05-08,2025-05-12,Completed,High,11,3,8,638000.0,651400.0,4.0,0.021,4.6,Too Recent,Competitive Tender
P1651,C-TAI-Client-01,TAI-Client-01,Technology and Innovation,Strategic Planning,2024-09-09,2025-05-09,2025-05-11,Completed,High,12,5,7,557300.0,561200.0,2.0,0.007,4.8,Too Recent,Referral
P1650,C-TAI-Client-08,TAI-Client-08,Technology and Innovation,Stakeholder Engagement,2024-09-10,2025-06-10,2025-10-06,Completed,High,14,6,8,936700.0,1137200.0,118.0,0.214,2.7,Too Recent,Repeat Client
P0779,C-E-Client-02,E-Client-02,Energy,Political Risk Management,2024-09-11,2024-12-11,2024-12-15,Completed,Medium,8,3,5,152300.0,157300.0,4.0,0.033,3.9,No,Repeat Client
P0776,C-E-Client-03,E-Client-03,Energy,Market & Social Research,2024-09-13,2025-03-13,2025-05-01,Completed,High,11,2,9,573000.0,671000.0,49.0,0.171,3.4,Too Recent,Repeat Client
P1647,C-TAI-Client-03,TAI-Client-03,Technology and Innovation,Data Visualization & Analytics,2024-09-13,2025-05-13,2025-07-19,Completed,High,12,4,8,722400.0,846700.0,67.0,0.172,3.1,Too Recent,Repeat Client
P1652,C-TAI-Client-08,TAI-Client-08,Technology and Innovation,Data Visualization & Analytics,2024-09-14,2024-10-14,2024-10-18,Completed,Low,3,1,2,14000.0,16000.0,4.0,0.142,4.1,Yes,Direct Outreach
P0437,C-CACM-Client-06,CACM-Client-06,Climate and Carbon Markets,Strategic Planning,2024-09-15,2024-12-15,2025-01-17,Completed,Medium,5,1,4,84500.0,99500.0,33.0,0.178,3.4,Too Recent,Repeat Client
P0431,C-CACM-Client-08,CACM-Client-08,Climate and Carbon Markets,Market & Social Research,2024-09-15,2024-11-15,2024-12-16,Completed,Medium,6,1,5,67400.0,96500.0,31.0,0.432,2.1,No,Repeat Client
P0435,C-CACM-Client-08,CACM-Client-08,Climate and Carbon Markets,Data Visualization & Analytics,2024-09-16,2024-12-16,2024-12-17,Completed,Low,3,1,2,45300.0,45900.0,1.0,0.013,4.1,No,Referral
P0436,C-CACM-Client-07,CACM-Client-07,Climate and Carbon Markets,Stakeholder Engagement,2024-09-16,2025-01-16,2025-04-16,Completed,High,8,2,6,199600.0,252500.0,90.0,0.265,2.5,Too Recent,Competitive Tender
P0434,C-CACM-Client-04,CACM-Client-04,Climate and Carbon Markets,Market & Social Research,2024-09-19,2024-12-19,2024-12-19,Completed,Low,3,1,2,40400.0,40400.0,0.0,0.0,4.0,Yes,Referral
P0171,C-A-Client-01,A-Client-01,Agriculture,Market & Social Research,2024-09-19,2024-12-19,2024-12-21,Completed,Low,4,2,2,42700.0,43300.0,2.0,0.015,4.5,Yes,Competitive Tender
P1182,C-PS-Client-02,PS-Client-02,Public Sector,Market & Social Research,2024-09-20,2024-10-20,2024-11-16,Completed,Low,3,1,2,11300.0,15600.0,27.0,0.377,2.5,No,Repeat Client
P1648,C-TAI-Client-02,TAI-Client-02,Technology and Innovation,Digital Transformation,2024-09-20,2025-05-20,2025-05-22,Completed,High,8,3,5,464500.0,468700.0,2.0,0.009,4.3,Too Recent,Competitive Tender
P1645,C-TAI-Client-02,TAI-Client-02,Technology and Innovation,Digital Transformation,2024-09-21,2024-12-21,2024-12-24,Completed,Medium,4,2,2,69900.0,71900.0,3.0,0.028,4.4,Yes,Referral
P0777,C-E-Client-10,E-Client-10,Energy,Political Risk Management,2024-09-24,2024-10-24,2024-10-26,Completed,Low,4,1,3,22900.0,24300.0,2.0,0.06,4.6,No,Repeat Client
P1649,C-TAI-Client-08,TAI-Client-08,Technology and Innovation,Market & Social Research,2024-09-25,2024-12-25,2024-12-28,Completed,Low,3,1,2,46000.0,47600.0,3.0,0.034,4.1,Yes,Repeat Client
P1343,C-CEAT-Client-03,CEAT-Client-03,Creative Economy and Tourism,Political Risk Management,2024-09-26,2024-10-26,2024-10-28,Completed,Low,4,1,3,12900.0,13400.0,2.0,0.038,4.3,Yes,Repeat Client
P1345,C-CEAT-Client-01,CEAT-Client-01,Creative Economy and Tourism,Stakeholder Engagement,2024-09-26,2024-11-26,,Cancelled,Low,4,1,3,20600.0,21900.0,,,,N/A,Repeat Client
P0433,C-CACM-Client-03,CACM-Client-03,Climate and Carbon Markets,Data Visualization & Analytics,2024-09-28,2025-02-28,2025-03-04,Completed,Medium,5,1,4,128900.0,132400.0,4.0,0.027,4.0,Too Recent,Direct Outreach
P0778,C-E-Client-03,E-Client-03,Energy,Stakeholder Engagement,2024-09-28,2024-12-28,2024-12-30,Completed,Low,2,1,1,30300.0,30900.0,2.0,0.019,4.1,Yes,Repeat Client
P1003,C-FAI-Client-03,FAI-Client-03,Finance and Insurance,Market & Social Research,2024-09-28,2024-12-28,2025-01-01,Completed,Low,2,1,1,33300.0,34800.0,4.0,0.045,4.1,Too Recent,Direct Outreach
P1653,C-TAI-Client-08,TAI-Client-08,Technology and Innovation,Strategic Planning,2024-09-28,2025-04-28,2025-04-29,Completed,High,14,5,9,624300.0,626800.0,1.0,0.004,3.5,Too Recent,Repeat Client
P1661,C-TAI-Client-03,TAI-Client-03,Technology and Innovation,Data Visualization & Analytics,2024-10-01,2025-01-01,2025-01-05,Completed,Low,2,1,1,29100.0,30500.0,4.0,0.049,4.2,Too Recent,Referral
P1184,C-PS-Client-03,PS-Client-03,Public Sector,Digital Transformation,2024-10-02,2024-12-02,2024-12-05,Completed,Medium,6,3,3,51200.0,53900.0,3.0,0.052,3.9,No,Repeat Client
P0446,C-CACM-Client-03,CACM-Client-03,Climate and Carbon Markets,Digital Transformation,2024-10-02,2024-12-02,2024-12-04,Completed,Medium,4,2,2,50600.0,52000.0,2.0,0.027,4.1,No,Competitive Tender
P0441,C-CACM-Client-04,CACM-Client-04,Climate and Carbon Markets,Data Visualization & Analytics,2024-10-02,2025-03-02,2025-03-05,Completed,Medium,4,2,2,111800.0,114300.0,3.0,0.022,4.6,Too Recent,Competitive Tender
P1664,C-TAI-Client-04,TAI-Client-04,Technology and Innovation,Digital Transformation,2024-10-02,2025-01-02,2025-01-03,Completed,Medium,5,1,4,92700.0,93400.0,1.0,0.008,4.1,Too Recent,Repeat Client
P1348,C-CEAT-Client-01,CEAT-Client-01,Creative Economy and Tourism,Data Visualization & Analytics,2024-10-03,2025-03-03,2025-03-07,Completed,High,11,4,7,245200.0,249600.0,4.0,0.018,4.1,Too Recent,Direct Outreach
P1007,C-FAI-Client-08,FAI-Client-08,Finance and Insurance,Data Visualization & Analytics,2024-10-04,2024-11-04,2024-11-05,Completed,Low,4,1,3,22500.0,23000.0,1.0,0.021,4.4,No,Repeat Client
P0173,C-A-Client-04,A-Client-04,Agriculture,Stakeholder Engagement,2024-10-04,2025-01-04,2025-01-05,Completed,Low,3,1,2,25100.0,25400.0,1.0,0.011,4.5,Too Recent,Repeat Client
P0444,C-CACM-Client-06,CACM-Client-06,Climate and Carbon Markets,Stakeholder Engagement,2024-10-04,2025-03-04,2025-03-06,Completed,Medium,6,3,3,171500.0,173900.0,2.0,0.014,3.9,Too Recent,Repeat Client
P1005,C-FAI-Client-08,FAI-Client-08,Finance and Insurance,Digital Transformation,2024-10-06,2024-12-06,2024-12-10,Completed,Medium,8,3,5,94700.0,99600.0,4.0,0.052,3.8,No,Competitive Tender
P1183,C-PS-Client-06,PS-Client-06,Public Sector,Digital Transformation,2024-10-06,2024-12-06,2024-12-28,Completed,Low,2,1,1,15400.0,20700.0,22.0,0.341,3.2,No,Repeat Client
P0783,C-E-Client-02,E-Client-02,Energy,Data Visualization & Analytics,2024-10-07,2024-11-07,2024-12-24,Completed,Low,4,1,3,18500.0,29600.0,47.0,0.6,2.1,No,Referral
P1347,C-CEAT-Client-06,CEAT-Client-06,Creative Economy and Tourism,Data Visualization & Analytics,2024-10-07,2025-01-07,2025-01-10,Completed,Low,4,2,2,40200.0,41100.0,3.0,0.022,4.3,Too Recent,Repeat Client
P1659,C-TAI-Client-07,TAI-Client-07,Technology and Innovation,Stakeholder Engagement,2024-10-09,2024-12-09,2024-12-10,Completed,Low,4,2,2,33500.0,33800.0,1.0,0.01,3.9,No,Repeat Client
P0784,C-E-Client-01,E-Client-01,Energy,Political Risk Management,2024-10-09,2024-12-09,2024-12-09,Completed,Medium,4,1,3,45500.0,45500.0,0.0,0.0,4.3,No,Referral
P0440,C-CACM-Client-07,CACM-Client-07,Climate and Carbon Markets,Data Visualization & Analytics,2024-10-09,2025-01-09,2025-01-13,Completed,Low,3,1,2,42400.0,44200.0,4.0,0.042,4.0,Too Recent,Repeat Client
P1346,C-CEAT-Client-09,CEAT-Client-09,Creative Economy and Tourism,Strategic Planning,2024-10-10,2025-02-10,2025-04-05,Completed,Medium,8,2,6,98000.0,122800.0,54.0,0.253,3.4,Too Recent,Repeat Client
P0447,C-CACM-Client-08,CACM-Client-08,Climate and Carbon Markets,Market & Social Research,2024-10-11,2025-03-11,2025-03-15,Completed,Medium,8,3,5,232400.0,236400.0,4.0,0.017,3.9,Too Recent,Competitive Tender
P0781,C-E-Client-02,E-Client-02,Energy,Digital Transformation,2024-10-12,2024-12-12,2024-12-13,Completed,Low,2,1,1,19800.0,20100.0,1.0,0.015,4.8,Yes,Repeat Client
P0445,C-CACM-Client-07,CACM-Client-07,Climate and Carbon Markets,Stakeholder Engagement,2024-10-12,2024-11-12,2024-11-15,Completed,Low,2,1,1,8100.0,9000.0,3.0,0.108,3.9,Yes,Direct Outreach
P1662,C-TAI-Client-07,TAI-Client-07,Technology and Innovation,Strategic Planning,2024-10-12,2024-12-12,2024-12-12,Completed,Medium,6,2,4,60300.0,60300.0,0.0,0.0,4.3,No,Referral
P1008,C-FAI-Client-04,FAI-Client-04,Finance and Insurance,Strategic Planning,2024-10-12,2024-11-12,2024-11-12,Completed,Low,4,1,3,24600.0,24600.0,0.0,0.0,5.0,Yes,Repeat Client
P0174,C-A-Client-05,A-Client-05,Agriculture,Stakeholder Engagement,2024-10-13,2025-05-13,2025-05-13,Completed,High,14,4,10,476500.0,476500.0,0.0,0.0,3.9,Too Recent,Competitive Tender
P1349,C-CEAT-Client-07,CEAT-Client-07,Creative Economy and Tourism,Market & Social Research,2024-10-13,2025-01-13,2025-01-17,Completed,Medium,8,3,5,72400.0,75000.0,4.0,0.036,4.6,Too Recent,Repeat Client
P0175,C-A-Client-01,A-Client-01,Agriculture,Stakeholder Engagement,2024-10-14,2024-12-14,2024-12-17,Completed,Low,4,2,2,26500.0,27400.0,3.0,0.034,4.2,Yes,Repeat Client
P1663,C-TAI-Client-07,TAI-Client-07,Technology and Innovation,Data Visualization & Analytics,2024-10-14,2024-12-14,2024-12-14,Completed,Low,3,1,2,28000.0,28000.0,0.0,0.0,4.1,Yes,Repeat Client
P0785,C-E-Client-03,E-Client-03,Energy,Political Risk Management,2024-10-15,2025-01-15,2025-01-17,Completed,Low,3,1,2,49200.0,50500.0,2.0,0.027,3.8,Too Recent,Repeat Client
P0443,C-CACM-Client-02,CACM-Client-02,Climate and Carbon Markets,Market & Social Research,2024-10-15,2025-02-15,2025-02-17,Completed,Medium,8,3,5,168700.0,170700.0,2.0,0.012,4.4,Too Recent,Repeat Client
P0786,C-E-Client-09,E-Client-09,Energy,Political Risk Management,2024-10-16,2025-05-16,2025-08-27,Completed,High,12,4,8,753600.0,1075400.0,103.0,0.427,2.6,Too Recent,Direct Outreach
P1006,C-FAI-Client-02,FAI-Client-02,Finance and Insurance,Data Visualization & Analytics,2024-10-18,2024-11-18,2024-12-23,Completed,Low,3,1,2,16700.0,25800.0,35.0,0.544,2.5,No,Repeat Client
P1658,C-TAI-Client-01,TAI-Client-01,Technology and Innovation,Political Risk Management,2024-10-18,2025-01-18,2025-01-21,Completed,Medium,8,3,5,125900.0,130800.0,3.0,0.039,4.1,Too Recent,Repeat Client
P0442,C-CACM-Client-07,CACM-Client-07,Climate and Carbon Markets,Stakeholder Engagement,2024-10-18,2025-04-18,2025-04-20,Completed,High,8,3,5,292500.0,296000.0,2.0,0.012,3.8,Too Recent,Repeat Client
P0439,C-CACM-Client-07,CACM-Client-07,Climate and Carbon Markets,Market & Social Research,2024-10-18,2024-12-18,2024-12-19,Completed,Medium,4,2,2,39700.0,40400.0,1.0,0.018,4.8,Yes,Repeat Client
P0448,C-CACM-Client-06,CACM-Client-06,Climate and Carbon Markets,Stakeholder Engagement,2024-10-20,2025-06-20,2025-06-22,Completed,High,9,2,7,505800.0,510400.0,2.0,0.009,4.5,Too Recent,Repeat Client
P1660,C-TAI-Client-06,TAI-Client-06,Technology and Innovation,Strategic Planning,2024-10-22,2025-02-22,2025-03-29,Completed,Medium,6,3,3,147500.0,177600.0,35.0,0.204,3.8,Too Recent,Repeat Client
P1657,C-TAI-Client-08,TAI-Client-08,Technology and Innovation,Political Risk Management,2024-10-22,2025-03-22,2025-03-25,Completed,Medium,8,4,4,244000.0,248100.0,3.0,0.017,4.8,Too Recent,Direct Outreach
P0782,C-E-Client-01,E-Client-01,Energy,Data Visualization & Analytics,2024-10-22,2025-02-22,2025-03-28,Completed,Medium,7,2,5,160400.0,184600.0,34.0,0.151,3.7,Too Recent,Repeat Client
P0177,C-A-Client-04,A-Client-04,Agriculture,Market & Social Research,2024-10-22,2024-11-22,2024-12-21,Completed,Low,2,1,1,6500.0,8500.0,29.0,0.306,3.3,No,Competitive Tender
P1656,C-TAI-Client-02,TAI-Client-02,Technology and Innovation,Stakeholder Engagement,2024-10-23,2024-12-23,2024-12-24,Completed,Low,3,1,2,22800.0,23100.0,1.0,0.011,3.8,No,Repeat Client
P0176,C-A-Client-04,A-Client-04,Agriculture,Data Visualization & Analytics,2024-10-24,2024-12-24,2025-01-25,Completed,Medium,5,2,3,46900.0,59700.0,32.0,0.272,3.2,Too Recent,Repeat Client
P1668,C-TAI-Client-01,TAI-Client-01,Technology and Innovation,Data Visualization & Analytics,2024-11-01,2025-04-01,2025-04-26,Completed,Medium,8,3,5,236700.0,271000.0,25.0,0.145,3.7,Too Recent,Competitive Tender
P0455,C-CACM-Client-07,CACM-Client-07,Climate and Carbon Markets,Market & Social Research,2024-11-02,2025-04-02,2025-04-14,Completed,Medium,5,2,3,124700.0,130600.0,12.0,0.047,3.8,Too Recent,Referral
P1670,C-TAI-Client-04,TAI-Client-04,Technology and Innovation,Data Visualization & Analytics,2024-11-04,2025-01-04,2025-01-04,Completed,Low,2,1,1,18700.0,18700.0,0.0,0.0,4.3,Too Recent,Repeat Client
P0787,C-E-Client-04,E-Client-04,Energy,Market & Social Research,2024-11-04,2025-01-04,2025-01-07,Completed,Low,4,1,3,40500.0,41800.0,3.0,0.031,4.3,Too Recent,Repeat Client
P1187,C-PS-Client-06,PS-Client-06,Public Sector,Digital Transformation,2024-11-07,2025-03-07,2025-06-23,Completed,High,13,3,10,325800.0,511800.0,108.0,0.571,1.6,Too Recent,Repeat Client
P0180,C-A-Client-05,A-Client-05,Agriculture,Digital Transformation,2024-11-08,2025-01-08,2025-01-12,Completed,Low,4,1,3,23400.0,24900.0,4.0,0.062,4.0,Too Recent,Repeat Client
P1674,C-TAI-Client-07,TAI-Client-07,Technology and Innovation,Market & Social Research,2024-11-09,2025-01-09,2025-01-13,Completed,Medium,6,3,3,59700.0,63400.0,4.0,0.062,4.1,Too Recent,Repeat Client
P1009,C-FAI-Client-04,FAI-Client-04,Finance and Insurance,Data Visualization & Analytics,2024-11-10,2025-02-10,2025-02-13,Completed,Low,2,1,1,31100.0,32200.0,3.0,0.034,3.9,Too Recent,Repeat Client
P1665,C-TAI-Client-05,TAI-Client-05,Technology and Innovation,Strategic Planning,2024-11-10,2025-01-10,2025-01-14,Completed,Medium,4,2,2,42500.0,45600.0,4.0,0.073,4.3,Too Recent,Competitive Tender
P0453,C-CACM-Client-01,CACM-Client-01,Climate and Carbon Markets,Stakeholder Engagement,2024-11-10,2025-02-10,2025-02-12,Completed,Low,4,2,2,48000.0,48700.0,2.0,0.014,4.1,Too Recent,Referral
P0789,C-E-Client-02,E-Client-02,Energy,Data Visualization & Analytics,2024-11-11,2025-01-11,2025-01-11,Completed,Low,2,1,1,18100.0,18100.0,0.0,0.0,3.9,Too Recent,Repeat Client
P1676,C-TAI-Client-08,TAI-Client-08,Technology and Innovation,Political Risk Management,2024-11-11,2025-05-11,2025-06-13,Completed,High,8,2,6,345500.0,410100.0,33.0,0.187,3.5,Too Recent,Referral
P0449,C-CACM-Client-05,CACM-Client-05,Climate and Carbon Markets,Stakeholder Engagement,2024-11-11,2024-12-11,2024-12-12,Completed,Low,3,1,2,14700.0,15200.0,1.0,0.033,3.5,No,Referral
P0450,C-CACM-Client-08,CACM-Client-08,Climate and Carbon Markets,Digital Transformation,2024-11-11,2025-07-11,2025-07-14,Completed,High,15,6,9,890500.0,902100.0,3.0,0.013,3.5,Too Recent,Repeat Client
P1666,C-TAI-Client-06,TAI-Client-06,Technology and Innovation,Strategic Planning,2024-11-11,2025-02-11,2025-02-25,Completed,Medium,4,1,3,71300.0,80900.0,14.0,0.135,3.2,Too Recent,Repeat Client
P0452,C-CACM-Client-07,CACM-Client-07,Climate and Carbon Markets,Stakeholder Engagement,2024-11-11,2025-02-11,2025-02-13,Completed,Low,2,1,1,27300.0,27800.0,2.0,0.018,4.2,Too Recent,Direct Outreach
P1186,C-PS-Client-08,PS-Client-08,Public Sector,Digital Transformation,2024-11-11,2025-07-11,2025-11-11,Completed,High,12,5,7,560400.0,724000.0,123.0,0.292,2.5,Too Recent,Repeat Client
P0458,C-CACM-Client-07,CACM-Client-07,Climate and Carbon Markets,Digital Transformation,2024-11-11,2025-06-11,2025-06-13,Completed,High,9,3,6,484400.0,488800.0,2.0,0.009,3.9,Too Recent,Repeat Client
P1669,C-TAI-Client-06,TAI-Client-06,Technology and Innovation,Stakeholder Engagement,2024-11-13,2025-02-13,2025-02-13,Completed,Low,3,1,2,42800.0,42800.0,0.0,0.0,4.3,Too Recent,Repeat Client
P0788,C-E-Client-05,E-Client-05,Energy,Strategic Planning,2024-11-15,2024-12-15,2024-12-18,Completed,Low,2,1,1,11800.0,12500.0,3.0,0.06,4.2,Yes,Direct Outreach
P0179,C-A-Client-05,A-Client-05,Agriculture,Strategic Planning,2024-11-15,2025-08-15,2025-08-17,Completed,High,14,4,10,660700.0,666600.0,2.0,0.009,3.9,Too Recent,Repeat Client
P1667,C-TAI-Client-07,TAI-Client-07,Technology and Innovation,Data Visualization & Analytics,2024-11-15,2025-02-15,2025-02-16,Completed,Low,3,1,2,33800.0,34200.0,1.0,0.012,4.2,Too Recent,Repeat Client
P0454,C-CACM-Client-04,CACM-Client-04,Climate and Carbon Markets,Digital Transformation,2024-11-16,2025-03-16,2025-03-16,Completed,Medium,8,3,5,170700.0,170700.0,0.0,0.0,4.0,Too Recent,Repeat Client
P1671,C-TAI-Client-06,TAI-Client-06,Technology and Innovation,Market & Social Research,2024-11-16,2025-02-16,2025-02-16,Completed,Low,4,2,2,52500.0,52500.0,0.0,0.0,4.0,Too Recent,Competitive Tender
P1673,C-TAI-Client-04,TAI-Client-04,Technology and Innovation,Data Visualization & Analytics,2024-11-16,2025-01-16,2025-01-19,Completed,Medium,8,2,6,84100.0,88400.0,3.0,0.051,4.0,Too Recent,Referral
P1185,C-PS-Client-08,PS-Client-08,Public Sector,Market & Social Research,2024-11-18,2024-12-18,2024-12-18,Completed,Low,2,1,1,8100.0,8100.0,0.0,0.0,4.2,Yes,Referral
P0178,C-A-Client-01,A-Client-01,Agriculture,Political Risk Management,2024-11-18,2025-03-18,2025-03-22,Completed,High,9,2,7,189400.0,193400.0,4.0,0.021,4.5,Too Recent,Direct Outreach
P0451,C-CACM-Client-01,CACM-Client-01,Climate and Carbon Markets,Data Visualization & Analytics,2024-11-19,2025-03-19,2025-05-02,Completed,Medium,7,2,5,181300.0,233000.0,44.0,0.285,3.2,Too Recent,Repeat Client
P1675,C-TAI-Client-02,TAI-Client-02,Technology and Innovation,Stakeholder Engagement,2024-11-20,2025-08-20,2025-10-14,Completed,High,8,4,4,418100.0,483300.0,55.0,0.156,3.1,Too Recent,Direct Outreach
P1350,C-CEAT-Client-06,CEAT-Client-06,Creative Economy and Tourism,Digital Transformation,2024-11-20,2025-01-20,2025-01-21,Completed,Medium,6,2,4,44000.0,44500.0,1.0,0.012,4.4,Too Recent,Repeat Client
P1672,C-TAI-Client-07,TAI-Client-07,Technology and Innovation,Market & Social Research,2024-11-20,2025-01-20,2025-01-23,Completed,Low,3,1,2,30600.0,32000.0,3.0,0.046,3.6,Too Recent,Repeat Client
P0457,C-CACM-Client-01,CACM-Client-01,Climate and Carbon Markets,Political Risk Management,2024-11-23,2024-12-23,2025-02-03,Completed,Low,2,1,1,8300.0,13300.0,42.0,0.6,3.0,Too Recent,Repeat Client
P0456,C-CACM-Client-01,CACM-Client-01,Climate and Carbon Markets,Stakeholder Engagement,2024-11-27,2025-02-27,2025-03-01,Completed,Low,2,1,1,28200.0,28600.0,2.0,0.014,4.8,Too Recent,Competitive Tender
P1351,C-CEAT-Client-02,CEAT-Client-02,Creative Economy and Tourism,Political Risk Management,2024-12-02,2025-04-02,2025-04-03,Completed,Medium,7,3,4,84400.0,85100.0,1.0,0.008,4.8,Too Recent,Repeat Client
P0791,C-E-Client-10,E-Client-10,Energy,Political Risk Management,2024-12-03,2025-04-03,2025-04-05,Completed,Medium,8,2,6,185000.0,188700.0,2.0,0.02,3.8,Too Recent,Direct Outreach
P1192,C-PS-Client-05,PS-Client-05,Public Sector,Data Visualization & Analytics,2024-12-03,2025-03-03,2025-03-06,Completed,Medium,7,3,4,98500.0,102500.0,3.0,0.041,4.0,Too Recent,Repeat Client
P1688,C-TAI-Client-01,TAI-Client-01,Technology and Innovation,Market & Social Research,2024-12-04,2025-05-04,2025-07-23,Completed,High,10,4,6,384600.0,529200.0,80.0,0.376,2.5,Too Recent,Referral
P1684,C-TAI-Client-07,TAI-Client-07,Technology and Innovation,Data Visualization & Analytics,2024-12-05,2025-04-05,2025-04-06,Completed,Medium,7,2,5,136900.0,138100.0,1.0,0.009,4.6,Too Recent,Direct Outreach
P1188,C-PS-Client-08,PS-Client-08,Public Sector,Digital Transformation,2024-12-05,2025-06-05,2025-08-14,Completed,High,7,2,5,223500.0,299300.0,70.0,0.339,2.9,Too Recent,Referral
P0790,C-E-Client-02,E-Client-02,Energy,Stakeholder Engagement,2024-12-06,2025-05-06,2025-05-06,Completed,Medium,5,1,4,163000.0,163000.0,0.0,0.0,4.4,Too Recent,Direct Outreach
P1683,C-TAI-Client-03,TAI-Client-03,Technology and Innovation,Market & Social Research,2024-12-07,2025-02-07,2025-02-10,Completed,Low,3,1,2,24900.0,26200.0,3.0,0.052,4.7,Too Recent,Repeat Client
P0794,C-E-Client-09,E-Client-09,Energy,Digital Transformation,2024-12-07,2025-03-07,2025-03-11,Completed,Medium,7,3,4,139800.0,145000.0,4.0,0.037,4.5,Too Recent,Repeat Client
P0461,C-CACM-Client-08,CACM-Client-08,Climate and Carbon Markets,Stakeholder Engagement,2024-12-07,2025-03-07,2025-03-07,Completed,Low,3,1,2,47000.0,47000.0,0.0,0.0,4.0,Too Recent,Referral
P1356,C-CEAT-Client-09,CEAT-Client-09,Creative Economy and Tourism,Data Visualization & Analytics,2024-12-07,2025-04-07,2025-04-08,Completed,Medium,7,2,5,104100.0,104600.0,1.0,0.005,3.7,Too Recent,Repeat Client
P0459,C-CACM-Client-08,CACM-Client-08,Climate and Carbon Markets,Digital Transformation,2024-12-07,2025-02-07,2025-03-17,Completed,Low,4,2,2,36800.0,54700.0,38.0,0.486,2.2,Too Recent,Referral
P1677,C-TAI-Client-05,TAI-Client-05,Technology and Innovation,Stakeholder Engagement,2024-12-07,2025-04-07,2025-04-09,Completed,Medium,4,1,3,80300.0,81300.0,2.0,0.012,4.1,Too Recent,Repeat Client
P0183,C-A-Client-05,A-Client-05,Agriculture,Market & Social Research,2024-12-08,2025-03-08,2025-03-12,Completed,Low,2,1,1,20100.0,21100.0,4.0,0.051,3.9,Too Recent,Repeat Client
P1352,C-CEAT-Client-05,CEAT-Client-05,Creative Economy and Tourism,Market & Social Research,2024-12-08,2025-06-08,2025-06-12,Completed,High,14,6,8,342100.0,351300.0,4.0,0.027,3.1,Too Recent,Repeat Client
P0464,C-CACM-Client-05,CACM-Client-05,Climate and Carbon Markets,Market & Social Research,2024-12-08,2025-02-08,2025-02-08,Completed,Low,4,1,3,43800.0,43800.0,0.0,0.0,4.4,Too Recent,Repeat Client
P1686,C-TAI-Client-03,TAI-Client-03,Technology and Innovation,Data Visualization & Analytics,2024-12-09,2025-02-09,2025-02-13,Completed,Low,4,2,2,29500.0,31400.0,4.0,0.063,4.6,Too Recent,Competitive Tender
P0469,C-CACM-Client-02,CACM-Client-02,Climate and Carbon Markets,Data Visualization & Analytics,2024-12-10,2025-01-10,2025-01-13,Completed,Low,3,1,2,16300.0,17600.0,3.0,0.081,3.5,Too Recent,Repeat Client
P0465,C-CACM-Client-04,CACM-Client-04,Climate and Carbon Markets,Digital Transformation,2024-12-10,2025-02-10,2025-02-13,Completed,Low,4,2,2,35400.0,37500.0,3.0,0.06,4.3,Too Recent,Repeat Client
P0463,C-CACM-Client-08,CACM-Client-08,Climate and Carbon Markets,Market & Social Research,2024-12-11,2025-04-11,2025-05-26,Completed,Medium,6,2,4,143900.0,189900.0,45.0,0.32,2.8,Too Recent,Repeat Client
P0462,C-CACM-Client-08,CACM-Client-08,Climate and Carbon Markets,Stakeholder Engagement,2024-12-13,2025-02-13,2025-02-13,Completed,Low,2,1,1,16200.0,16200.0,0.0,0.0,4.2,Too Recent,Repeat Client
P1012,C-FAI-Client-06,FAI-Client-06,Finance and Insurance,Market & Social Research,2024-12-14,2025-05-14,2025-05-16,Completed,High,7,3,4,277800.0,280600.0,2.0,0.01,3.6,Too Recent,Repeat Client
P0793,C-E-Client-02,E-Client-02,Energy,Data Visualization & Analytics,2024-12-14,2025-01-14,2025-01-14,Completed,Low,2,1,1,11300.0,11300.0,0.0,0.0,4.4,Too Recent,Repeat Client
P1690,C-TAI-Client-04,TAI-Client-04,Technology and Innovation,Market & Social Research,2024-12-14,2025-05-14,2025-05-16,Completed,Medium,4,2,2,90100.0,91500.0,2.0,0.015,4.5,Too Recent,Repeat Client
P1679,C-TAI-Client-08,TAI-Client-08,Technology and Innovation,Digital Transformation,2024-12-14,2025-05-14,2025-05-15,Completed,Medium,6,3,3,162400.0,163700.0,1.0,0.008,4.1,Too Recent,Repeat Client
P1189,C-PS-Client-08,PS-Client-08,Public Sector,Market & Social Research,2024-12-15,2025-04-15,2025-04-19,Completed,Medium,8,2,6,141400.0,145600.0,4.0,0.03,4.1,Too Recent,Repeat Client
P1010,C-FAI-Client-05,FAI-Client-05,Finance and Insurance,Digital Transformation,2024-12-16,2025-05-16,2025-06-03,Completed,Medium,6,2,4,230000.0,253200.0,18.0,0.101,3.0,Too Recent,Competitive Tender
P1681,C-TAI-Client-05,TAI-Client-05,Technology and Innovation,Digital Transformation,2024-12-16,2025-03-16,2025-03-19,Completed,Medium,7,3,4,104600.0,108800.0,3.0,0.04,3.8,Too Recent,Repeat Client
P1353,C-CEAT-Client-02,CEAT-Client-02,Creative Economy and Tourism,Data Visualization & Analytics,2024-12-17,2025-06-17,2025-06-19,Completed,High,9,3,6,234600.0,236200.0,2.0,0.007,3.5,Too Recent,Competitive Tender
P1194,C-PS-Client-01,PS-Client-01,Public Sector,Stakeholder Engagement,2024-12-17,2025-07-17,2025-08-03,Completed,High,9,3,6,406100.0,428000.0,17.0,0.054,4.0,Too Recent,Referral
P1355,C-CEAT-Client-09,CEAT-Client-09,Creative Economy and Tourism,Market & Social Research,2024-12-17,2025-04-17,2025-07-02,Completed,High,14,6,8,285300.0,374000.0,76.0,0.311,2.6,Too Recent,Repeat Client
P0467,C-CACM-Client-02,CACM-Client-02,Climate and Carbon Markets,Stakeholder Engagement,2024-12-18,2025-04-18,2025-05-24,Completed,Medium,6,3,3,125400.0,158100.0,36.0,0.261,3.1,Too Recent,Direct Outreach
P1193,C-PS-Client-01,PS-Client-01,Public Sector,Digital Transformation,2024-12-18,2025-02-18,2025-02-19,Completed,Low,3,1,2,21600.0,21900.0,1.0,0.016,4.4,Too Recent,Referral
P1682,C-TAI-Client-01,TAI-Client-01,Technology and Innovation,Stakeholder Engagement,2024-12-18,2025-05-18,2025-05-19,Completed,Medium,8,2,6,189000.0,189800.0,1.0,0.004,4.4,Too Recent,Repeat Client
P1190,C-PS-Client-06,PS-Client-06,Public Sector,Data Visualization & Analytics,2024-12-19,2025-03-19,2025-03-19,Completed,Medium,8,2,6,114100.0,114100.0,0.0,0.0,4.6,Too Recent,Referral
P1011,C-FAI-Client-06,FAI-Client-06,Finance and Insurance,Data Visualization & Analytics,2024-12-19,2025-01-19,2025-03-02,Completed,Low,4,2,2,22900.0,32900.0,42.0,0.438,3.3,Too Recent,Repeat Client
P0468,C-CACM-Client-06,CACM-Client-06,Climate and Carbon Markets,Market & Social Research,2024-12-22,2025-05-22,2025-06-24,Completed,Medium,7,2,5,222200.0,259500.0,33.0,0.168,3.1,Too Recent,Repeat Client
P1687,C-TAI-Client-07,TAI-Client-07,Technology and Innovation,Market & Social Research,2024-12-22,2025-03-22,2025-03-24,Completed,Low,2,1,1,29700.0,30500.0,2.0,0.028,4.2,Too Recent,Repeat Client
P0466,C-CACM-Client-08,CACM-Client-08,Climate and Carbon Markets,Data Visualization & Analytics,2024-12-23,2025-05-23,2025-05-24,Completed,Medium,6,3,3,149700.0,151000.0,1.0,0.009,4.7,Too Recent,Repeat Client
P0792,C-E-Client-03,E-Client-03,Energy,Stakeholder Engagement,2024-12-23,2025-02-23,2025-02-26,Completed,Medium,7,3,4,74000.0,77700.0,3.0,0.05,4.1,Too Recent,Repeat Client
P0460,C-CACM-Client-03,CACM-Client-03,Climate and Carbon Markets,Stakeholder Engagement,2024-12-24,2025-01-24,2025-01-27,Completed,Low,4,1,3,20900.0,23200.0,3.0,0.112,3.8,Too Recent,Repeat Client
P1191,C-PS-Client-09,PS-Client-09,Public Sector,Market & Social Research,2024-12-24,2025-02-24,2025-02-25,Completed,Low,3,1,2,20400.0,20800.0,1.0,0.02,3.8,Too Recent,Repeat Client
P1680,C-TAI-Client-03,TAI-Client-03,Technology and Innovation,Stakeholder Engagement,2024-12-25,2025-03-25,2025-03-27,Completed,Medium,4,2,2,64200.0,65900.0,2.0,0.026,3.8,Too Recent,Competitive Tender
P1354,C-CEAT-Client-02,CEAT-Client-02,Creative Economy and Tourism,Political Risk Management,2024-12-26,2025-02-26,2025-02-26,Completed,Medium,5,2,3,32500.0,32500.0,0.0,0.0,4.1,Too Recent,Competitive Tender
P1678,C-TAI-Client-06,TAI-Client-06,Technology and Innovation,Market & Social Research,2024-12-26,2025-04-26,2025-04-28,Completed,Medium,7,3,4,138000.0,139700.0,2.0,0.012,4.0,Too Recent,Repeat Client
P0182,C-A-Client-02,A-Client-02,Agriculture,Stakeholder Engagement,2024-12-26,2025-03-26,2025-03-26,Completed,Medium,7,2,5,85600.0,85600.0,0.0,0.0,4.1,Too Recent,Competitive Tender
P1689,C-TAI-Client-08,TAI-Client-08,Technology and Innovation,Stakeholder Engagement,2024-12-26,2025-02-26,,Cancelled,Low,3,1,2,25400.0,27200.0,,,,N/A,Repeat Client
P0181,C-A-Client-04,A-Client-04,Agriculture,Data Visualization & Analytics,2024-12-28,2025-05-28,2025-05-30,Completed,Medium,4,1,3,93500.0,94600.0,2.0,0.012,4.3,Too Recent,Competitive Tender
P1685,C-TAI-Client-04,TAI-Client-04,Technology and Innovation,Political Risk Management,2024-12-28,2025-01-28,2025-01-29,Completed,Low,4,2,2,19100.0,19700.0,1.0,0.03,3.6,Too Recent,Repeat Client
P0798,C-E-Client-05,E-Client-05,Energy,Digital Transformation,2025-01-01,2025-08-01,2025-08-04,Completed,High,8,2,6,428500.0,434500.0,3.0,0.014,4.0,Too Recent,Repeat Client
P0473,C-CACM-Client-04,CACM-Client-04,Climate and Carbon Markets,Digital Transformation,2025-01-02,2025-04-02,2025-04-06,Completed,Low,4,2,2,57800.0,59800.0,4.0,0.035,4.6,Too Recent,Repeat Client
P0184,C-A-Client-05,A-Client-05,Agriculture,Stakeholder Engagement,2025-01-03,2025-03-03,2025-05-04,Completed,Medium,5,2,3,41100.0,65600.0,62.0,0.597,2.1,Too Recent,Repeat Client
P1697,C-TAI-Client-02,TAI-Client-02,Technology and Innovation,Data Visualization & Analytics,2025-01-03,2025-04-03,2025-04-03,Completed,Medium,8,3,5,141900.0,141900.0,0.0,0.0,4.0,Too Recent,Repeat Client
P0472,C-CACM-Client-04,CACM-Client-04,Climate and Carbon Markets,Market & Social Research,2025-01-04,2025-04-04,2025-04-06,Completed,Low,4,2,2,57200.0,58700.0,2.0,0.026,4.3,Too Recent,Repeat Client
P1696,C-TAI-Client-05,TAI-Client-05,Technology and Innovation,Political Risk Management,2025-01-04,2025-03-04,2025-03-24,Completed,Medium,8,3,5,98100.0,115100.0,20.0,0.173,4.1,Too Recent,Direct Outreach
P0796,C-E-Client-10,E-Client-10,Energy,Stakeholder Engagement,2025-01-04,2025-03-04,2025-03-05,Completed,Medium,7,3,4,101000.0,102400.0,1.0,0.014,4.4,Too Recent,Competitive Tender
P1699,C-TAI-Client-04,TAI-Client-04,Technology and Innovation,Data Visualization & Analytics,2025-01-05,2025-02-05,2025-02-06,Completed,Low,2,1,1,10200.0,10400.0,1.0,0.024,4.2,Too Recent,Repeat Client
P0471,C-CACM-Client-05,CACM-Client-05,Climate and Carbon Markets,Market & Social Research,2025-01-07,2025-05-07,2025-05-08,Completed,Medium,8,4,4,211000.0,213300.0,1.0,0.011,4.4,Too Recent,Repeat Client
P0474,C-CACM-Client-07,CACM-Client-07,Climate and Carbon Markets,Data Visualization & Analytics,2025-01-08,2025-02-08,2025-02-08,Completed,Low,2,1,1,10500.0,10500.0,0.0,0.0,3.8,Too Recent,Repeat Client
P1691,C-TAI-Client-05,TAI-Client-05,Technology and Innovation,Data Visualization & Analytics,2025-01-09,2025-04-09,2025-04-12,Completed,Medium,4,1,3,63800.0,65100.0,3.0,0.021,3.9,Too Recent,Repeat Client
P1698,C-TAI-Client-07,TAI-Client-07,Technology and Innovation,Market & Social Research,2025-01-11,2025-06-11,2025-06-14,Completed,Medium,5,2,3,154100.0,156700.0,3.0,0.017,4.0,Too Recent,Competitive Tender
P0186,C-A-Client-07,A-Client-07,Agriculture,Data Visualization & Analytics,2025-01-15,2025-04-15,2025-04-19,Completed,Low,3,1,2,32900.0,34000.0,4.0,0.034,4.1,Too Recent,Repeat Client
P0470,C-CACM-Client-08,CACM-Client-08,Climate and Carbon Markets,Market & Social Research,2025-01-15,2025-04-15,2025-04-19,Completed,Low,3,1,2,45600.0,47300.0,4.0,0.038,4.2,Too Recent,Repeat Client
P1693,C-TAI-Client-02,TAI-Client-02,Technology and Innovation,Data Visualization & Analytics,2025-01-16,2025-05-16,2025-07-26,Completed,High,7,3,4,161100.0,232300.0,71.0,0.442,2.0,Too Recent,Repeat Client
P0187,C-A-Client-08,A-Client-08,Agriculture,Strategic Planning,2025-01-17,2025-04-17,2025-04-20,Completed,Low,3,1,2,31500.0,32200.0,3.0,0.021,4.1,Too Recent,Repeat Client
P0476,C-CACM-Client-08,CACM-Client-08,Climate and Carbon Markets,Political Risk Management,2025-01-18,2025-02-18,2025-02-20,Completed,Low,3,1,2,12000.0,12800.0,2.0,0.064,4.1,Too Recent,Competitive Tender
P1694,C-TAI-Client-07,TAI-Client-07,Technology and Innovation,Data Visualization & Analytics,2025-01-20,2025-05-20,2025-07-17,Completed,Medium,4,2,2,88800.0,117800.0,58.0,0.327,2.9,Too Recent,Referral
P0478,C-CACM-Client-04,CACM-Client-04,Climate and Carbon Markets,Stakeholder Engagement,2025-01-21,2025-05-21,2025-05-21,Completed,High,8,3,5,226500.0,226500.0,0.0,0.0,4.1,Too Recent,Repeat Client
P0477,C-CACM-Client-06,CACM-Client-06,Climate and Carbon Markets,Data Visualization & Analytics,2025-01-21,2025-04-21,2025-04-22,Completed,Medium,6,2,4,101500.0,102600.0,1.0,0.011,4.6,Too Recent,Competitive Tender
P1695,C-TAI-Client-03,TAI-Client-03,Technology and Innovation,Market & Social Research,2025-01-22,2025-03-22,2025-03-26,Completed,Medium,7,2,5,70700.0,73800.0,4.0,0.044,4.7,Too Recent,Competitive Tender
P1692,C-TAI-Client-01,TAI-Client-01,Technology and Innovation,Digital Transformation,2025-01-22,2025-04-22,2025-04-22,Completed,Low,2,1,1,28000.0,28000.0,0.0,0.0,4.2,Too Recent,Repeat Client
P0475,C-CACM-Client-03,CACM-Client-03,Climate and Carbon Markets,Strategic Planning,2025-01-23,2025-08-23,2025-09-16,Completed,High,8,3,5,431800.0,480600.0,24.0,0.113,3.7,Too Recent,Direct Outreach
P0795,C-E-Client-05,E-Client-05,Energy,Market & Social Research,2025-01-24,2025-05-24,2025-05-28,Completed,Medium,6,2,4,129100.0,132100.0,4.0,0.023,4.5,Too Recent,Referral
P0479,C-CACM-Client-03,CACM-Client-03,Climate and Carbon Markets,Political Risk Management,2025-01-24,2025-10-24,2025-12-26,Completed,High,7,2,5,465500.0,549800.0,63.0,0.181,2.6,Too Recent,Repeat Client
P0185,C-A-Client-08,A-Client-08,Agriculture,Strategic Planning,2025-01-24,2025-04-24,2025-04-25,Completed,Low,3,1,2,30700.0,31100.0,1.0,0.014,3.7,Too Recent,Referral
P1357,C-CEAT-Client-02,CEAT-Client-02,Creative Economy and Tourism,Stakeholder Engagement,2025-01-25,2025-03-25,2025-03-28,Completed,Low,2,1,1,11400.0,12000.0,3.0,0.05,4.5,Too Recent,Repeat Client
P1013,C-FAI-Client-07,FAI-Client-07,Finance and Insurance,Data Visualization & Analytics,2025-01-26,2025-02-26,2025-02-27,Completed,Low,4,2,2,23400.0,24200.0,1.0,0.035,3.9,Too Recent,Repeat Client
P0797,C-E-Client-01,E-Client-01,Energy,Data Visualization & Analytics,2025-01-27,2025-03-27,2025-03-27,Completed,Low,2,1,1,23200.0,23200.0,0.0,0.0,4.6,Too Recent,Repeat Client
P1708,C-TAI-Client-05,TAI-Client-05,Technology and Innovation,Strategic Planning,2025-02-01,2025-07-01,2025-09-23,Completed,Medium,6,2,4,169700.0,228900.0,84.0,0.349,2.6,Too Recent,Competitive Tender
P0196,C-A-Client-06,A-Client-06,Agriculture,Data Visualization & Analytics,2025-02-02,2025-04-02,2025-04-03,Completed,Low,2,1,1,15200.0,15500.0,1.0,0.02,4.5,Too Recent,Repeat Client
P0191,C-A-Client-08,A-Client-08,Agriculture,Data Visualization & Analytics,2025-02-02,2025-05-02,2025-05-04,Completed,Medium,7,3,4,88800.0,91300.0,2.0,0.028,3.5,Too Recent,Repeat Client
P1361,C-CEAT-Client-05,CEAT-Client-05,Creative Economy and Tourism,Digital Transformation,2025-02-04,2025-06-04,2025-07-17,Completed,Medium,4,1,3,50300.0,61800.0,43.0,0.229,3.4,Too Recent,Repeat Client
P1707,C-TAI-Client-08,TAI-Client-08,Technology and Innovation,Political Risk Management,2025-02-04,2025-10-04,2025-11-24,Completed,High,10,2,8,442700.0,518800.0,51.0,0.172,3.6,Too Recent,Referral
P1364,C-CEAT-Client-02,CEAT-Client-02,Creative Economy and Tourism,Strategic Planning,2025-02-05,2025-03-05,2025-03-20,Completed,Low,3,1,2,7800.0,10700.0,15.0,0.367,3.3,Too Recent,Repeat Client
P1716,C-TAI-Client-04,TAI-Client-04,Technology and Innovation,Digital Transformation,2025-02-05,2025-04-05,2025-04-05,Completed,Medium,7,3,4,87300.0,87300.0,0.0,0.0,4.4,Too Recent,Referral
P0481,C-CACM-Client-01,CACM-Client-01,Climate and Carbon Markets,Strategic Planning,2025-02-06,2025-05-06,2025-05-07,Completed,Low,3,1,2,46000.0,46500.0,1.0,0.011,4.3,Too Recent,Referral
P0192,C-A-Client-08,A-Client-08,Agriculture,Strategic Planning,2025-02-06,2025-05-06,2025-05-20,Completed,Low,3,1,2,28100.0,32600.0,14.0,0.161,3.6,Too Recent,Referral
P0800,C-E-Client-02,E-Client-02,Energy,Political Risk Management,2025-02-07,2025-05-07,2025-05-11,Completed,Medium,6,2,4,119100.0,125700.0,4.0,0.055,3.7,Too Recent,Competitive Tender
P1362,C-CEAT-Client-04,CEAT-Client-04,Creative Economy and Tourism,Data Visualization & Analytics,2025-02-07,2025-04-07,2025-04-08,Completed,Low,2,1,1,12600.0,12800.0,1.0,0.016,4.7,Too Recent,Repeat Client
P1363,C-CEAT-Client-02,CEAT-Client-02,Creative Economy and Tourism,Data Visualization & Analytics,2025-02-09,2025-06-09,2025-06-13,Completed,Medium,7,3,4,98900.0,102400.0,4.0,0.035,3.7,Too Recent,Repeat Client
P0486,C-CACM-Client-06,CACM-Client-06,Climate and Carbon Markets,Data Visualization & Analytics,2025-02-09,2025-05-09,2025-05-09,Completed,Medium,4,2,2,72400.0,72400.0,0.0,0.0,4.2,Too Recent,Referral
P0189,C-A-Client-04,A-Client-04,Agriculture,Digital Transformation,2025-02-09,2025-04-09,2025-04-11,Completed,Medium,4,2,2,30400.0,31200.0,2.0,0.027,4.3,Too Recent,Repeat Client
P0482,C-CACM-Client-05,CACM-Client-05,Climate and Carbon Markets,Political Risk Management,2025-02-10,2025-04-10,2025-04-13,Completed,Medium,6,2,4,81800.0,84700.0,3.0,0.036,4.2,Too Recent,Competitive Tender
P1198,C-PS-Client-06,PS-Client-06,Public Sector,Strategic Planning,2025-02-10,2025-06-10,,Cancelled,Medium,7,3,4,129800.0,132900.0,,,,N/A,Competitive Tender
P0485,C-CACM-Client-08,CACM-Client-08,Climate and Carbon Markets,Digital Transformation,2025-02-11,2025-03-11,2025-03-13,Completed,Low,4,2,2,19300.0,20700.0,2.0,0.075,4.1,Too Recent,Repeat Client
P0197,C-A-Client-01,A-Client-01,Agriculture,Digital Transformation,2025-02-11,2025-03-11,,Cancelled,Low,3,1,2,8600.0,8600.0,,,,N/A,Referral
P1704,C-TAI-Client-01,TAI-Client-01,Technology and Innovation,Digital Transformation,2025-02-12,2025-06-12,2025-07-02,Completed,Medium,4,2,2,86800.0,100500.0,20.0,0.158,4.0,Too Recent,Repeat Client
P1706,C-TAI-Client-06,TAI-Client-06,Technology and Innovation,Digital Transformation,2025-02-13,2025-04-13,2025-04-13,Completed,Low,4,2,2,37500.0,37500.0,0.0,0.0,4.5,Too Recent,Referral
P1359,C-CEAT-Client-05,CEAT-Client-05,Creative Economy and Tourism,Strategic Planning,2025-02-13,2025-04-13,2025-04-13,Completed,Medium,4,1,3,32200.0,32200.0,0.0,0.0,5.0,Too Recent,Referral
P1702,C-TAI-Client-04,TAI-Client-04,Technology and Innovation,Data Visualization & Analytics,2025-02-14,2025-04-14,2025-04-15,Completed,Low,4,2,2,39700.0,40500.0,1.0,0.021,4.8,Too Recent,Repeat Client
P1712,C-TAI-Client-02,TAI-Client-02,Technology and Innovation,Market & Social Research,2025-02-14,2025-08-14,2025-08-18,Completed,High,13,6,7,571800.0,583800.0,4.0,0.021,3.8,Too Recent,Repeat Client
P1714,C-TAI-Client-01,TAI-Client-01,Technology and Innovation,Strategic Planning,2025-02-14,2025-06-14,2025-06-16,Completed,Medium,7,3,4,175400.0,178200.0,2.0,0.016,5.0,Too Recent,Repeat Client
P1710,C-TAI-Client-01,TAI-Client-01,Technology and Innovation,Data Visualization & Analytics,2025-02-15,2025-06-15,2025-06-15,Completed,Medium,7,2,5,150800.0,150800.0,0.0,0.0,4.4,Too Recent,Direct Outreach
P1700,C-TAI-Client-01,TAI-Client-01,Technology and Innovation,Political Risk Management,2025-02-15,2025-04-15,2025-04-15,Completed,Low,3,1,2,25000.0,25000.0,0.0,0.0,4.6,Too Recent,Referral
P1015,C-FAI-Client-05,FAI-Client-05,Finance and Insurance,Political Risk Management,2025-02-15,2025-04-15,2025-04-19,Completed,Low,3,1,2,35000.0,36700.0,4.0,0.048,4.0,Too Recent,Repeat Client
P0193,C-A-Client-06,A-Client-06,Agriculture,Data Visualization & Analytics,2025-02-16,2025-06-16,2025-06-28,Completed,Medium,7,3,4,114100.0,122500.0,12.0,0.074,4.2,Too Recent,Repeat Client
P0802,C-E-Client-02,E-Client-02,Energy,Digital Transformation,2025-02-16,2025-05-16,2025-05-19,Completed,Low,3,1,2,43000.0,44500.0,3.0,0.035,4.2,Too Recent,Competitive Tender
P1197,C-PS-Client-03,PS-Client-03,Public Sector,Stakeholder Engagement,2025-02-17,2025-07-17,2025-07-20,Completed,Medium,8,3,5,195100.0,199600.0,3.0,0.023,4.1,Too Recent,Repeat Client
P1016,C-FAI-Client-02,FAI-Client-02,Finance and Insurance,Data Visualization & Analytics,2025-02-18,2025-06-18,2025-06-20,Completed,High,9,4,5,294600.0,300500.0,2.0,0.02,4.8,Too Recent,Referral
P1701,C-TAI-Client-06,TAI-Client-06,Technology and Innovation,Stakeholder Engagement,2025-02-18,2025-08-18,2025-08-20,Completed,High,8,3,5,331400.0,334700.0,2.0,0.01,4.5,Too Recent,Repeat Client
P0803,C-E-Client-06,E-Client-06,Energy,Political Risk Management,2025-02-18,2025-04-18,2025-04-20,Completed,Low,2,1,1,19200.0,19800.0,2.0,0.033,4.1,Too Recent,Competitive Tender
P0487,C-CACM-Client-03,CACM-Client-03,Climate and Carbon Markets,Stakeholder Engagement,2025-02-19,2025-11-19,2025-11-23,Completed,High,10,5,5,591800.0,599500.0,4.0,0.013,4.4,Too Recent,Repeat Client
P0188,C-A-Client-06,A-Client-06,Agriculture,Stakeholder Engagement,2025-02-20,2025-03-20,2025-03-20,Completed,Low,3,1,2,10100.0,10100.0,0.0,0.0,4.4,Too Recent,Referral
P0483,C-CACM-Client-08,CACM-Client-08,Climate and Carbon Markets,Market & Social Research,2025-02-21,2025-10-21,2025-12-17,Completed,High,15,6,9,825400.0,959100.0,57.0,0.162,3.9,Too Recent,Competitive Tender
P0799,C-E-Client-02,E-Client-02,Energy,Strategic Planning,2025-02-21,2025-07-21,2025-07-24,Completed,Medium,5,2,3,159000.0,162800.0,3.0,0.024,3.4,Too Recent,Referral
P1715,C-TAI-Client-08,TAI-Client-08,Technology and Innovation,Digital Transformation,2025-02-21,2025-11-21,2025-11-23,Completed,High,9,4,5,623700.0,629300.0,2.0,0.009,4.5,Too Recent,Repeat Client
P1358,C-CEAT-Client-01,CEAT-Client-01,Creative Economy and Tourism,Political Risk Management,2025-02-22,2025-03-22,2025-03-25,Completed,Low,2,1,1,5400.0,5800.0,3.0,0.078,3.1,Too Recent,Referral
P1360,C-CEAT-Client-08,CEAT-Client-08,Creative Economy and Tourism,Strategic Planning,2025-02-22,2025-04-22,2025-06-26,Completed,Medium,6,3,3,40100.0,63300.0,65.0,0.578,2.1,Too Recent,Referral
P1705,C-TAI-Client-05,TAI-Client-05,Technology and Innovation,Stakeholder Engagement,2025-02-22,2025-04-22,2025-04-22,Completed,Medium,5,1,4,50700.0,50700.0,0.0,0.0,4.7,Too Recent,Repeat Client
P0194,C-A-Client-06,A-Client-06,Agriculture,Political Risk Management,2025-02-22,2025-06-22,2025-06-23,Completed,High,9,4,5,195600.0,197600.0,1.0,0.01,3.9,Too Recent,Competitive Tender
P1713,C-TAI-Client-02,TAI-Client-02,Technology and Innovation,Data Visualization & Analytics,2025-02-23,2025-06-23,2025-06-26,Completed,Medium,8,2,6,159000.0,163000.0,3.0,0.025,4.2,Too Recent,Direct Outreach
P0195,C-A-Client-07,A-Client-07,Agriculture,Stakeholder Engagement,2025-02-23,2025-07-23,2025-07-27,Completed,Medium,6,2,4,136900.0,139400.0,4.0,0.018,4.3,Too Recent,Repeat Client
P1196,C-PS-Client-07,PS-Client-07,Public Sector,Market & Social Research,2025-02-24,2025-04-24,2025-04-24,Completed,Medium,8,4,4,68900.0,68900.0,0.0,0.0,4.2,Too Recent,Repeat Client
P1703,C-TAI-Client-08,TAI-Client-08,Technology and Innovation,Digital Transformation,2025-02-26,2025-07-26,2025-08-24,Completed,High,12,5,7,418100.0,500500.0,29.0,0.197,3.8,Too Recent,Repeat Client
P1709,C-TAI-Client-04,TAI-Client-04,Technology and Innovation,Market & Social Research,2025-02-27,2025-05-27,2025-05-28,Completed,Medium,6,3,3,100900.0,101700.0,1.0,0.008,3.8,Too Recent,Repeat Client
P1014,C-FAI-Client-06,FAI-Client-06,Finance and Insurance,Political Risk Management,2025-02-27,2025-06-27,2025-06-28,Completed,Medium,5,2,3,126800.0,128100.0,1.0,0.01,4.5,Too Recent,Repeat Client
P0480,C-CACM-Client-07,CACM-Client-07,Climate and Carbon Markets,Political Risk Management,2025-02-27,2025-03-27,2025-03-31,Completed,Low,2,1,1,11100.0,11900.0,4.0,0.071,4.0,Too Recent,Repeat Client
P0190,C-A-Client-05,A-Client-05,Agriculture,Stakeholder Engagement,2025-02-27,2025-10-27,2025-10-27,Completed,High,7,2,5,247900.0,247900.0,0.0,0.0,4.1,Too Recent,Referral
P0801,C-E-Client-07,E-Client-07,Energy,Political Risk Management,2025-02-28,2025-03-28,2025-04-10,Completed,Low,3,1,2,17900.0,24900.0,13.0,0.392,3.6,Too Recent,Repeat Client
P1711,C-TAI-Client-08,TAI-Client-08,Technology and Innovation,Digital Transformation,2025-02-28,2025-03-28,2025-03-31,Completed,Low,3,1,2,14300.0,15500.0,3.0,0.085,4.1,Too Recent,Repeat Client
P1017,C-FAI-Client-04,FAI-Client-04,Finance and Insurance,Data Visualization & Analytics,2025-02-28,2025-03-28,2025-03-31,Completed,Low,4,1,3,18600.0,20400.0,3.0,0.097,4.0,Too Recent,Repeat Client
P1195,C-PS-Client-04,PS-Client-04,Public Sector,Data Visualization & Analytics,2025-02-28,2025-06-28,2025-07-16,Completed,Medium,8,2,6,164500.0,183100.0,18.0,0.113,3.3,Too Recent,Repeat Client
P0488,C-CACM-Client-06,CACM-Client-06,Climate and Carbon Markets,Strategic Planning,2025-02-28,2025-07-28,2025-08-10,Completed,Medium,7,3,4,189300.0,202400.0,13.0,0.069,3.9,Too Recent,Referral
P0484,C-CACM-Client-04,CACM-Client-04,Climate and Carbon Markets,Strategic Planning,2025-02-28,2025-07-28,2025-08-01,Completed,Medium,6,2,4,193500.0,197400.0,4.0,0.02,3.6,Too Recent,Referral
P0202,C-A-Client-04,A-Client-04,Agriculture,Digital Transformation,2025-03-01,2025-06-01,2025-06-04,Completed,Low,4,1,3,34500.0,35900.0,3.0,0.041,4.4,Too Recent,Repeat Client
P1727,C-TAI-Client-02,TAI-Client-02,Technology and Innovation,Strategic Planning,2025-03-03,2025-07-03,2025-07-05,Completed,Medium,5,1,4,124300.0,126700.0,2.0,0.019,4.3,Too Recent,Direct Outreach
P0494,C-CACM-Client-03,CACM-Client-03,Climate and Carbon Markets,Political Risk Management,2025-03-04,2025-10-04,,Cancelled,High,11,5,6,527500.0,577600.0,,,,N/A,Referral
P0497,C-CACM-Client-06,CACM-Client-06,Climate and Carbon Markets,Political Risk Management,2025-03-05,2025-05-05,2025-05-07,Completed,Low,4,1,3,36200.0,37400.0,2.0,0.034,3.5,Too Recent,Referral
P1367,C-CEAT-Client-04,CEAT-Client-04,Creative Economy and Tourism,Market & Social Research,2025-03-05,2025-06-05,2025-06-06,Completed,Low,3,1,2,23200.0,23400.0,1.0,0.007,4.5,Too Recent,Repeat Client
P0201,C-A-Client-08,A-Client-08,Agriculture,Strategic Planning,2025-03-05,2025-05-05,2025-05-07,Completed,Low,3,1,2,21800.0,22500.0,2.0,0.033,4.8,Too Recent,Referral
P1718,C-TAI-Client-03,TAI-Client-03,Technology and Innovation,Stakeholder Engagement,2025-03-06,2025-04-06,2025-04-07,Completed,Low,4,1,3,19200.0,19900.0,1.0,0.035,3.7,Too Recent,Repeat Client
P0203,C-A-Client-01,A-Client-01,Agriculture,Stakeholder Engagement,2025-03-06,2025-07-06,2025-08-13,Completed,Medium,8,3,5,135800.0,166200.0,38.0,0.224,3.1,Too Recent,Repeat Client
P1020,C-FAI-Client-05,FAI-Client-05,Finance and Insurance,Stakeholder Engagement,2025-03-07,2025-05-07,2025-05-09,Completed,Medium,8,2,6,123300.0,126100.0,2.0,0.023,4.2,Too Recent,Repeat Client
P0199,C-A-Client-08,A-Client-08,Agriculture,Digital Transformation,2025-03-07,2025-07-07,2025-07-09,Completed,Medium,8,2,6,133600.0,135100.0,2.0,0.011,3.9,Too Recent,Direct Outreach
P1022,C-FAI-Client-03,FAI-Client-03,Finance and Insurance,Political Risk Management,2025-03-08,2025-11-08,2025-11-11,Completed,High,11,5,6,749200.0,757400.0,3.0,0.011,4.5,Too Recent,Referral
P0808,C-E-Client-07,E-Client-07,Energy,Stakeholder Engagement,2025-03-08,2025-06-08,2025-06-23,Completed,Low,2,1,1,29000.0,32700.0,15.0,0.129,3.4,Too Recent,Repeat Client
P0492,C-CACM-Client-01,CACM-Client-01,Climate and Carbon Markets,Data Visualization & Analytics,2025-03-10,2025-06-10,2025-06-13,Completed,Low,4,1,3,52400.0,53700.0,3.0,0.024,4.3,Too Recent,Repeat Client
P1717,C-TAI-Client-02,TAI-Client-02,Technology and Innovation,Strategic Planning,2025-03-10,2025-05-10,2025-05-12,Completed,Low,4,1,3,37900.0,39000.0,2.0,0.028,4.0,Too Recent,Referral
P0804,C-E-Client-01,E-Client-01,Energy,Data Visualization & Analytics,2025-03-12,2025-06-12,2025-08-07,Completed,Medium,7,2,5,118900.0,158100.0,56.0,0.33,3.3,Too Recent,Repeat Client
P1726,C-TAI-Client-05,TAI-Client-05,Technology and Innovation,Market & Social Research,2025-03-13,2025-08-13,2025-08-15,Completed,Medium,8,2,6,237100.0,239500.0,2.0,0.01,4.4,Too Recent,Competitive Tender
P0491,C-CACM-Client-05,CACM-Client-05,Climate and Carbon Markets,Data Visualization & Analytics,2025-03-13,2025-04-13,2025-04-14,Completed,Low,3,1,2,16600.0,17100.0,1.0,0.033,4.6,Too Recent,Repeat Client
P0489,C-CACM-Client-03,CACM-Client-03,Climate and Carbon Markets,Market & Social Research,2025-03-13,2025-06-13,2025-06-17,Completed,Low,2,1,1,27900.0,28800.0,4.0,0.033,3.5,Too Recent,Repeat Client
P1722,C-TAI-Client-07,TAI-Client-07,Technology and Innovation,Political Risk Management,2025-03-14,2025-05-14,2025-05-17,Completed,Low,2,1,1,17000.0,18100.0,3.0,0.062,3.7,Too Recent,Repeat Client
P1725,C-TAI-Client-03,TAI-Client-03,Technology and Innovation,Strategic Planning,2025-03-15,2025-04-15,2025-04-18,Completed,Low,3,1,2,14800.0,16100.0,3.0,0.091,4.5,Too Recent,Referral
P0805,C-E-Client-04,E-Client-04,Energy,Data Visualization & Analytics,2025-03-15,2025-08-15,2025-08-17,Completed,Medium,6,2,4,167200.0,168500.0,2.0,0.008,5.0,Too Recent,Competitive Tender
P0200,C-A-Client-05,A-Client-05,Agriculture,Stakeholder Engagement,2025-03-15,2025-04-15,2025-04-17,Completed,Low,2,1,1,7000.0,7400.0,2.0,0.06,4.2,Too Recent,Competitive Tender
P0490,C-CACM-Client-01,CACM-Client-01,Climate and Carbon Markets,Data Visualization & Analytics,2025-03-16,2025-07-16,2025-09-11,Completed,Medium,5,2,3,100800.0,137100.0,57.0,0.36,2.7,Too Recent,Referral
P1023,C-FAI-Client-07,FAI-Client-07,Finance and Insurance,Data Visualization & Analytics,2025-03-17,2025-06-17,2025-06-29,Completed,Low,2,1,1,32100.0,36100.0,12.0,0.124,4.1,Too Recent,Repeat Client
P1024,C-FAI-Client-04,FAI-Client-04,Finance and Insurance,Stakeholder Engagement,2025-03-17,2025-04-17,2025-04-21,Completed,Low,4,2,2,24100.0,25900.0,4.0,0.073,4.1,Too Recent,Repeat Client
P1021,C-FAI-Client-06,FAI-Client-06,Finance and Insurance,Political Risk Management,2025-03-18,2025-10-18,2025-10-21,Completed,High,9,2,7,482500.0,490200.0,3.0,0.016,3.7,Too Recent,Repeat Client
P1366,C-CEAT-Client-06,CEAT-Client-06,Creative Economy and Tourism,Data Visualization & Analytics,2025-03-18,2025-07-18,2025-07-19,Completed,Medium,8,4,4,132100.0,133400.0,1.0,0.01,4.9,Too Recent,Repeat Client
P1721,C-TAI-Client-04,TAI-Client-04,Technology and Innovation,Strategic Planning,2025-03-19,2025-07-19,2025-07-21,Completed,Medium,6,3,3,145900.0,148800.0,2.0,0.02,4.2,Too Recent,Referral
P0806,C-E-Client-02,E-Client-02,Energy,Strategic Planning,2025-03-19,2025-05-19,2025-05-19,Completed,Medium,5,1,4,57800.0,57800.0,0.0,0.0,4.9,Too Recent,Competitive Tender
P0496,C-CACM-Client-03,CACM-Client-03,Climate and Carbon Markets,Political Risk Management,2025-03-20,2025-08-20,2025-08-20,Completed,High,10,3,7,379700.0,379700.0,0.0,0.0,4.7,Too Recent,Referral
P1365,C-CEAT-Client-02,CEAT-Client-02,Creative Economy and Tourism,Market & Social Research,2025-03-20,2025-06-20,2025-06-20,Completed,Low,4,1,3,38300.0,38300.0,0.0,0.0,4.3,Too Recent,Referral
P1724,C-TAI-Client-04,TAI-Client-04,Technology and Innovation,Strategic Planning,2025-03-21,2025-06-21,2025-06-23,Completed,Low,4,2,2,56000.0,57000.0,2.0,0.018,4.4,Too Recent,Repeat Client
P1019,C-FAI-Client-07,FAI-Client-07,Finance and Insurance,Stakeholder Engagement,2025-03-21,2025-05-21,2025-05-25,Completed,Medium,8,3,5,125300.0,133700.0,4.0,0.067,4.3,Too Recent,Repeat Client
P0493,C-CACM-Client-01,CACM-Client-01,Climate and Carbon Markets,Digital Transformation,2025-03-21,2025-09-21,2025-11-03,Completed,High,10,4,6,393600.0,466000.0,43.0,0.184,3.3,Too Recent,Repeat Client
P0807,C-E-Client-07,E-Client-07,Energy,Stakeholder Engagement,2025-03-22,2025-05-22,2025-05-22,Completed,Low,4,1,3,36300.0,36300.0,0.0,0.0,4.4,Too Recent,Referral
P1719,C-TAI-Client-08,TAI-Client-08,Technology and Innovation,Political Risk Management,2025-03-22,2025-10-22,2025-10-26,Completed,High,12,6,6,550500.0,562600.0,4.0,0.022,3.8,Too Recent,Competitive Tender
P0495,C-CACM-Client-05,CACM-Client-05,Climate and Carbon Markets,Data Visualization & Analytics,2025-03-22,2025-07-22,2025-10-04,Completed,Medium,4,1,3,100000.0,130700.0,74.0,0.307,3.0,Too Recent,Competitive Tender
P0498,C-CACM-Client-04,CACM-Client-04,Climate and Carbon Markets,Market & Social Research,2025-03-23,2025-06-23,2025-06-23,Completed,Low,3,1,2,40600.0,40600.0,0.0,0.0,4.3,Too Recent,Repeat Client
P1018,C-FAI-Client-01,FAI-Client-01,Finance and Insurance,Stakeholder Engagement,2025-03-24,2025-05-24,2025-05-28,Completed,Medium,4,1,3,45800.0,48900.0,4.0,0.067,4.5,Too Recent,Direct Outreach
P1723,C-TAI-Client-01,TAI-Client-01,Technology and Innovation,Stakeholder Engagement,2025-03-27,2025-06-27,2025-09-06,Completed,Medium,4,1,3,66100.0,88000.0,71.0,0.332,2.5,Too Recent,Repeat Client
P0198,C-A-Client-07,A-Client-07,Agriculture,Strategic Planning,2025-03-28,2025-11-28,2025-11-28,Completed,High,14,6,8,589900.0,589900.0,0.0,0.0,4.1,Too Recent,Referral
P1720,C-TAI-Client-03,TAI-Client-03,Technology and Innovation,Digital Transformation,2025-03-28,2025-06-28,2025-07-02,Completed,Medium,6,2,4,81300.0,85300.0,4.0,0.049,4.1,Too Recent,Repeat Client
P1370,C-CEAT-Client-01,CEAT-Client-01,Creative Economy and Tourism,Strategic Planning,2025-04-02,2025-05-02,2025-05-04,Completed,Low,3,1,2,9700.0,10300.0,2.0,0.064,4.2,Too Recent,Repeat Client
P1369,C-CEAT-Client-08,CEAT-Client-08,Creative Economy and Tourism,Digital Transformation,2025-04-02,2025-05-02,2025-05-05,Completed,Low,2,1,1,6300.0,6800.0,3.0,0.079,4.2,Too Recent,Competitive Tender
P1739,C-TAI-Client-04,TAI-Client-04,Technology and Innovation,Political Risk Management,2025-04-02,2025-06-02,2025-06-06,Completed,Medium,6,3,3,64500.0,69100.0,4.0,0.072,4.0,Too Recent,Repeat Client
P1368,C-CEAT-Client-09,CEAT-Client-09,Creative Economy and Tourism,Political Risk Management,2025-04-03,2025-10-03,2025-12-19,Completed,High,12,3,9,312400.0,378300.0,77.0,0.211,3.0,Too Recent,Repeat Client
P0205,C-A-Client-05,A-Client-05,Agriculture,Stakeholder Engagement,2025-04-04,2025-07-04,2025-07-04,Completed,Medium,7,2,5,79200.0,79200.0,0.0,0.0,4.3,Too Recent,Direct Outreach
P1755,C-TAI-Client-06,TAI-Client-06,Technology and Innovation,Strategic Planning,2025-04-04,2025-07-04,2025-07-06,Completed,Medium,4,1,3,56900.0,57900.0,2.0,0.018,4.0,Too Recent,Repeat Client
P1199,C-PS-Client-02,PS-Client-02,Public Sector,Strategic Planning,2025-04-04,2025-07-04,2025-07-12,Completed,Low,4,1,3,42200.0,45900.0,8.0,0.087,4.7,Too Recent,Repeat Client
P1753,C-TAI-Client-08,TAI-Client-08,Technology and Innovation,Data Visualization & Analytics,2025-04-04,2025-09-04,2025-11-27,Completed,Medium,4,1,3,112600.0,152600.0,84.0,0.355,2.6,Too Recent,Repeat Client
P1751,C-TAI-Client-03,TAI-Client-03,Technology and Innovation,Strategic Planning,2025-04-05,2025-06-05,,Cancelled,Medium,5,1,4,47500.0,48000.0,,,,N/A,Competitive Tender
P1026,C-FAI-Client-08,FAI-Client-08,Finance and Insurance,Data Visualization & Analytics,2025-04-06,2025-09-06,2025-09-09,Completed,High,9,4,5,351900.0,357900.0,3.0,0.017,4.1,Too Recent,Repeat Client
P1749,C-TAI-Client-08,TAI-Client-08,Technology and Innovation,Market & Social Research,2025-04-06,2025-06-06,2025-06-22,Completed,Low,4,2,2,35800.0,41700.0,16.0,0.165,3.4,Too Recent,Competitive Tender
P0812,C-E-Client-03,E-Client-03,Energy,Strategic Planning,2025-04-06,2025-07-06,2025-09-13,Completed,Medium,5,1,4,90100.0,120500.0,69.0,0.337,2.9,Too Recent,Repeat Client
P1743,C-TAI-Client-08,TAI-Client-08,Technology and Innovation,Data Visualization & Analytics,2025-04-06,2025-10-06,2025-12-04,Completed,High,9,2,7,352200.0,461700.0,59.0,0.311,3.2,Too Recent,Referral
P1756,C-TAI-Client-03,TAI-Client-03,Technology and Innovation,Digital Transformation,2025-04-07,2025-06-07,2025-06-10,Completed,Low,2,1,1,20400.0,21000.0,3.0,0.031,4.3,Too Recent,Repeat Client
P1737,C-TAI-Client-07,TAI-Client-07,Technology and Innovation,Digital Transformation,2025-04-07,2025-07-07,2025-07-11,Completed,Low,3,1,2,42800.0,44000.0,4.0,0.028,3.8,Too Recent,Repeat Client
P0503,C-CACM-Client-08,CACM-Client-08,Climate and Carbon Markets,Strategic Planning,2025-04-07,2025-07-07,2025-07-07,Completed,Low,4,2,2,59700.0,59700.0,0.0,0.0,3.8,Too Recent,Competitive Tender
P0208,C-A-Client-05,A-Client-05,Agriculture,Political Risk Management,2025-04-07,2025-07-07,2025-07-26,Completed,Medium,4,1,3,46800.0,54100.0,19.0,0.156,3.5,Too Recent,Repeat Client
P1729,C-TAI-Client-04,TAI-Client-04,Technology and Innovation,Data Visualization & Analytics,2025-04-08,2026-01-08,,Ongoing,High,10,5,5,548000.0,,,,,Too Recent,Repeat Client
P1734,C-TAI-Client-06,TAI-Client-06,Technology and Innovation,Stakeholder Engagement,2025-04-08,2025-09-08,2025-09-09,Completed,Medium,5,2,3,114900.0,115800.0,1.0,0.008,4.3,Too Recent,Repeat Client
P0207,C-A-Client-03,A-Client-03,Agriculture,Political Risk Management,2025-04-08,2025-09-08,2025-09-12,Completed,Medium,8,4,4,174200.0,179900.0,4.0,0.033,4.2,Too Recent,Referral
P0507,C-CACM-Client-02,CACM-Client-02,Climate and Carbon Markets,Strategic Planning,2025-04-09,2025-06-09,2025-06-10,Completed,Medium,5,1,4,59100.0,60000.0,1.0,0.015,4.6,Too Recent,Repeat Client
P1741,C-TAI-Client-05,TAI-Client-05,Technology and Innovation,Political Risk Management,2025-04-09,2025-12-09,2026-01-20,Completed,High,13,4,9,588900.0,663100.0,42.0,0.126,4.0,Too Recent,Referral
P0810,C-E-Client-01,E-Client-01,Energy,Stakeholder Engagement,2025-04-10,2025-05-10,2025-05-12,Completed,Low,3,1,2,17100.0,18400.0,2.0,0.076,4.7,Too Recent,Repeat Client
P1730,C-TAI-Client-07,TAI-Client-07,Technology and Innovation,Market & Social Research,2025-04-10,2025-07-10,2025-07-11,Completed,Low,3,1,2,34200.0,34400.0,1.0,0.007,4.1,Too Recent,Repeat Client
P1746,C-TAI-Client-08,TAI-Client-08,Technology and Innovation,Data Visualization & Analytics,2025-04-11,2025-05-11,2025-05-13,Completed,Low,2,1,1,7900.0,8400.0,2.0,0.059,4.4,Too Recent,Repeat Client
P0502,C-CACM-Client-02,CACM-Client-02,Climate and Carbon Markets,Digital Transformation,2025-04-11,2025-12-11,2026-01-22,Completed,High,14,5,9,689000.0,760700.0,42.0,0.104,3.7,Too Recent,Repeat Client
P0209,C-A-Client-01,A-Client-01,Agriculture,Data Visualization & Analytics,2025-04-11,2025-07-11,2025-07-14,Completed,Low,3,1,2,28400.0,29200.0,3.0,0.028,4.3,Too Recent,Direct Outreach
P1372,C-CEAT-Client-04,CEAT-Client-04,Creative Economy and Tourism,Digital Transformation,2025-04-12,2025-06-12,2025-06-15,Completed,Low,3,1,2,17000.0,17900.0,3.0,0.054,4.4,Too Recent,Competitive Tender
P1740,C-TAI-Client-01,TAI-Client-01,Technology and Innovation,Strategic Planning,2025-04-12,2025-07-12,2025-07-15,Completed,Low,4,1,3,54300.0,55900.0,3.0,0.03,4.2,Too Recent,Direct Outreach
P0511,C-CACM-Client-07,CACM-Client-07,Climate and Carbon Markets,Strategic Planning,2025-04-13,2025-06-13,2025-06-13,Completed,Low,3,1,2,24800.0,24800.0,0.0,0.0,4.3,Too Recent,Competitive Tender
P0508,C-CACM-Client-01,CACM-Client-01,Climate and Carbon Markets,Strategic Planning,2025-04-14,2025-08-14,2025-08-14,Completed,Medium,4,1,3,87900.0,87900.0,0.0,0.0,4.7,Too Recent,Repeat Client
P0809,C-E-Client-04,E-Client-04,Energy,Political Risk Management,2025-04-14,2025-09-14,2025-09-15,Completed,Medium,8,3,5,289500.0,290900.0,1.0,0.005,4.3,Too Recent,Competitive Tender
P1371,C-CEAT-Client-08,CEAT-Client-08,Creative Economy and Tourism,Stakeholder Engagement,2025-04-14,2025-09-14,2025-09-16,Completed,Medium,5,1,4,79800.0,80600.0,2.0,0.01,3.9,Too Recent,Repeat Client
P0813,C-E-Client-07,E-Client-07,Energy,Market & Social Research,2025-04-14,2025-05-14,2025-06-17,Completed,Low,4,2,2,19900.0,30700.0,34.0,0.542,2.3,Too Recent,Repeat Client
P0204,C-A-Client-02,A-Client-02,Agriculture,Political Risk Management,2025-04-14,2025-06-14,2025-07-02,Completed,Medium,5,1,4,33800.0,40300.0,18.0,0.193,3.4,Too Recent,Repeat Client
P1731,C-TAI-Client-04,TAI-Client-04,Technology and Innovation,Data Visualization & Analytics,2025-04-14,2025-05-14,2025-05-17,Completed,Low,4,1,3,20100.0,22300.0,3.0,0.107,4.3,Too Recent,Referral
P0506,C-CACM-Client-01,CACM-Client-01,Climate and Carbon Markets,Political Risk Management,2025-04-15,2025-07-15,2025-08-10,Completed,Low,3,1,2,46100.0,55700.0,26.0,0.208,3.5,Too Recent,Repeat Client
P1744,C-TAI-Client-06,TAI-Client-06,Technology and Innovation,Digital Transformation,2025-04-15,2025-09-15,2025-09-19,Completed,High,8,2,6,285400.0,290500.0,4.0,0.018,3.8,Too Recent,Referral
P1752,C-TAI-Client-08,TAI-Client-08,Technology and Innovation,Political Risk Management,2025-04-16,2025-06-16,2025-06-27,Completed,Low,2,1,1,16100.0,19200.0,11.0,0.19,3.6,Too Recent,Repeat Client
P0509,C-CACM-Client-07,CACM-Client-07,Climate and Carbon Markets,Market & Social Research,2025-04-16,2025-08-16,2025-08-20,Completed,High,11,4,7,312200.0,320000.0,4.0,0.025,4.3,Too Recent,Repeat Client
P1736,C-TAI-Client-07,TAI-Client-07,Technology and Innovation,Digital Transformation,2025-04-16,2025-05-16,2025-05-16,Completed,Low,3,1,2,14600.0,14600.0,0.0,0.0,4.9,Too Recent,Repeat Client
P0504,C-CACM-Client-08,CACM-Client-08,Climate and Carbon Markets,Market & Social Research,2025-04-17,2025-11-17,2026-02-17,Completed,High,7,2,5,326000.0,435900.0,92.0,0.337,2.8,Too Recent,Direct Outreach
P0505,C-CACM-Client-01,CACM-Client-01,Climate and Carbon Markets,Stakeholder Engagement,2025-04-17,2025-11-17,2025-11-20,Completed,High,14,7,7,600500.0,606500.0,3.0,0.01,4.1,Too Recent,Competitive Tender
P1745,C-TAI-Client-05,TAI-Client-05,Technology and Innovation,Strategic Planning,2025-04-17,2025-11-17,2025-11-20,Completed,High,9,3,6,463300.0,467900.0,3.0,0.01,4.5,Too Recent,Repeat Client
P1750,C-TAI-Client-01,TAI-Client-01,Technology and Innovation,Market & Social Research,2025-04-18,2026-01-18,,Ongoing,High,14,4,10,752500.0,,,,,Too Recent,Repeat Client
P0811,C-E-Client-08,E-Client-08,Energy,Market & Social Research,2025-04-19,2025-07-19,2025-09-27,Completed,Medium,4,2,2,85700.0,114000.0,70.0,0.33,2.8,Too Recent,Repeat Client
P1748,C-TAI-Client-06,TAI-Client-06,Technology and Innovation,Political Risk Management,2025-04-20,2025-10-20,2025-10-24,Completed,High,15,4,11,572100.0,580700.0,4.0,0.015,4.1,Too Recent,Referral
P1738,C-TAI-Client-02,TAI-Client-02,Technology and Innovation,Stakeholder Engagement,2025-04-20,2025-08-20,2025-08-23,Completed,Medium,4,1,3,87800.0,89900.0,3.0,0.024,3.4,Too Recent,Repeat Client
P1742,C-TAI-Client-01,TAI-Client-01,Technology and Innovation,Stakeholder Engagement,2025-04-22,2025-08-22,2025-08-24,Completed,Medium,5,1,4,112600.0,114600.0,2.0,0.018,4.5,Too Recent,Repeat Client
P1735,C-TAI-Client-02,TAI-Client-02,Technology and Innovation,Strategic Planning,2025-04-22,2026-01-22,,Ongoing,High,14,4,10,816600.0,,,,,Too Recent,Repeat Client
P1025,C-FAI-Client-03,FAI-Client-03,Finance and Insurance,Political Risk Management,2025-04-22,2025-07-22,2025-08-25,Completed,Medium,8,2,6,185200.0,234500.0,34.0,0.266,3.0,Too Recent,Repeat Client
P0499,C-CACM-Client-08,CACM-Client-08,Climate and Carbon Markets,Stakeholder Engagement,2025-04-22,2025-06-22,2025-06-26,Completed,Medium,8,4,4,102400.0,108900.0,4.0,0.063,4.7,Too Recent,Repeat Client
P0512,C-CACM-Client-03,CACM-Client-03,Climate and Carbon Markets,Digital Transformation,2025-04-22,2026-01-22,,Ongoing,High,15,3,12,821800.0,,,,,Too Recent,Referral
P1728,C-TAI-Client-08,TAI-Client-08,Technology and Innovation,Strategic Planning,2025-04-23,2025-09-23,2025-09-25,Completed,Medium,7,3,4,214700.0,218100.0,2.0,0.016,3.7,Too Recent,Competitive Tender
P1754,C-TAI-Client-08,TAI-Client-08,Technology and Innovation,Political Risk Management,2025-04-23,2025-07-23,2025-07-27,Completed,Low,3,1,2,38500.0,39500.0,4.0,0.026,3.8,Too Recent,Referral
P0206,C-A-Client-08,A-Client-08,Agriculture,Political Risk Management,2025-04-23,2025-10-23,2025-12-06,Completed,High,13,5,8,415400.0,486800.0,44.0,0.172,2.6,Too Recent,Direct Outreach
P0500,C-CACM-Client-02,CACM-Client-02,Climate and Carbon Markets,Strategic Planning,2025-04-23,2025-06-23,2025-06-25,Completed,Low,2,1,1,16400.0,16800.0,2.0,0.022,3.3,Too Recent,Repeat Client
P1732,C-TAI-Client-03,TAI-Client-03,Technology and Innovation,Political Risk Management,2025-04-24,2025-07-24,2025-07-24,Completed,Medium,7,2,5,128400.0,128400.0,0.0,0.0,4.4,Too Recent,Repeat Client
P1747,C-TAI-Client-05,TAI-Client-05,Technology and Innovation,Data Visualization & Analytics,2025-04-24,2025-08-24,2025-08-25,Completed,Medium,7,2,5,171300.0,172200.0,1.0,0.005,3.9,Too Recent,Referral
P0510,C-CACM-Client-07,CACM-Client-07,Climate and Carbon Markets,Data Visualization & Analytics,2025-04-25,2025-05-25,2025-05-25,Completed,Low,4,1,3,21900.0,21900.0,0.0,0.0,3.7,Too Recent,Competitive Tender
P1373,C-CEAT-Client-02,CEAT-Client-02,Creative Economy and Tourism,Political Risk Management,2025-04-25,2026-01-25,,Ongoing,High,15,7,8,614100.0,,,,,Too Recent,Repeat Client
P1733,C-TAI-Client-05,TAI-Client-05,Technology and Innovation,Data Visualization & Analytics,2025-04-26,2025-05-26,2025-05-29,Completed,Low,2,1,1,10200.0,11300.0,3.0,0.11,4.0,Too Recent,Competitive Tender
P0501,C-CACM-Client-03,CACM-Client-03,Climate and Carbon Markets,Market & Social Research,2025-04-27,2025-07-27,2025-07-29,Completed,Medium,8,2,6,121700.0,124100.0,2.0,0.02,4.5,Too Recent,Repeat Client
P0513,C-CACM-Client-03,CACM-Client-03,Climate and Carbon Markets,Stakeholder Engagement,2025-04-28,2025-06-28,2025-07-01,Completed,Low,2,1,1,20700.0,21800.0,3.0,0.051,3.9,Too Recent,Referral
P1758,C-TAI-Client-02,TAI-Client-02,Technology and Innovation,Market & Social Research,2025-05-01,2025-08-01,2025-08-18,Completed,Medium,7,2,5,119300.0,142000.0,17.0,0.19,3.4,Too Recent,Direct Outreach
P0522,C-CACM-Client-04,CACM-Client-04,Climate and Carbon Markets,Stakeholder Engagement,2025-05-02,2025-07-02,2025-07-05,Completed,Low,3,1,2,32900.0,34400.0,3.0,0.046,4.5,Too Recent,Competitive Tender
P1027,C-FAI-Client-04,FAI-Client-04,Finance and Insurance,Strategic Planning,2025-05-02,2025-06-02,2025-06-05,Completed,Low,3,1,2,15600.0,17400.0,3.0,0.118,4.1,Too Recent,Referral
P0520,C-CACM-Client-08,CACM-Client-08,Climate and Carbon Markets,Stakeholder Engagement,2025-05-03,2025-09-03,2025-09-06,Completed,High,7,2,5,233700.0,238400.0,3.0,0.02,4.0,Too Recent,Repeat Client
P1201,C-PS-Client-02,PS-Client-02,Public Sector,Strategic Planning,2025-05-04,2025-10-04,2025-12-18,Completed,Medium,5,1,4,116100.0,146800.0,75.0,0.264,2.5,Too Recent,Repeat Client
P1379,C-CEAT-Client-08,CEAT-Client-08,Creative Economy and Tourism,Market & Social Research,2025-05-04,2025-11-04,2025-11-07,Completed,High,14,6,8,319100.0,322600.0,3.0,0.011,3.5,Too Recent,Competitive Tender
P1761,C-TAI-Client-01,TAI-Client-01,Technology and Innovation,Strategic Planning,2025-05-04,2025-07-04,2025-07-05,Completed,Low,2,1,1,16800.0,17000.0,1.0,0.01,4.3,Too Recent,Repeat Client
P1768,C-TAI-Client-02,TAI-Client-02,Technology and Innovation,Strategic Planning,2025-05-06,2025-08-06,2025-08-09,Completed,Medium,7,1,6,109100.0,113500.0,3.0,0.04,3.7,Too Recent,Repeat Client
P0518,C-CACM-Client-01,CACM-Client-01,Climate and Carbon Markets,Digital Transformation,2025-05-07,2025-08-07,2025-08-09,Completed,Low,2,1,1,29700.0,30300.0,2.0,0.019,3.9,Too Recent,Competitive Tender
P1029,C-FAI-Client-07,FAI-Client-07,Finance and Insurance,Political Risk Management,2025-05-07,2025-08-07,2025-08-11,Completed,Low,3,1,2,48700.0,50700.0,4.0,0.041,4.7,Too Recent,Referral
P0523,C-CACM-Client-05,CACM-Client-05,Climate and Carbon Markets,Market & Social Research,2025-05-07,2025-06-07,2025-06-11,Completed,Low,2,1,1,9400.0,10800.0,4.0,0.152,4.4,Too Recent,Competitive Tender
P0517,C-CACM-Client-03,CACM-Client-03,Climate and Carbon Markets,Data Visualization & Analytics,2025-05-08,2025-07-08,2025-07-08,Completed,Low,3,1,2,31300.0,31300.0,0.0,0.0,4.3,Too Recent,Repeat Client
P1204,C-PS-Client-01,PS-Client-01,Public Sector,Market & Social Research,2025-05-08,2026-01-08,,Ongoing,High,8,2,6,314300.0,,,,,Too Recent,Repeat Client
P1376,C-CEAT-Client-05,CEAT-Client-05,Creative Economy and Tourism,Data Visualization & Analytics,2025-05-08,2025-06-08,2025-06-11,Completed,Low,4,2,2,10200.0,11100.0,3.0,0.086,4.2,Too Recent,Competitive Tender
P1028,C-FAI-Client-01,FAI-Client-01,Finance and Insurance,Digital Transformation,2025-05-09,2025-07-09,2025-07-10,Completed,Low,2,1,1,19100.0,19400.0,1.0,0.017,4.4,Too Recent,Competitive Tender
P1760,C-TAI-Client-06,TAI-Client-06,Technology and Innovation,Stakeholder Engagement,2025-05-10,2025-07-10,2025-07-13,Completed,Medium,7,2,5,68600.0,72000.0,3.0,0.049,4.4,Too Recent,Referral
P1770,C-TAI-Client-02,TAI-Client-02,Technology and Innovation,Data Visualization & Analytics,2025-05-10,2026-02-10,,Ongoing,High,9,4,5,589100.0,,,,,Too Recent,Competitive Tender
P0525,C-CACM-Client-04,CACM-Client-04,Climate and Carbon Markets,Political Risk Management,2025-05-10,2025-06-10,2025-06-13,Completed,Low,4,2,2,18700.0,20800.0,3.0,0.114,4.0,Too Recent,Repeat Client
P0815,C-E-Client-02,E-Client-02,Energy,Political Risk Management,2025-05-11,2025-08-11,2025-08-13,Completed,Low,2,1,1,30900.0,31700.0,2.0,0.027,4.4,Too Recent,Repeat Client
P0514,C-CACM-Client-04,CACM-Client-04,Climate and Carbon Markets,Strategic Planning,2025-05-13,2025-08-13,2025-08-13,Completed,Low,2,1,1,32300.0,32300.0,0.0,0.0,5.0,Too Recent,Direct Outreach
P1377,C-CEAT-Client-06,CEAT-Client-06,Creative Economy and Tourism,Data Visualization & Analytics,2025-05-13,2025-06-13,2025-06-15,Completed,Low,4,2,2,12200.0,13100.0,2.0,0.076,4.1,Too Recent,Competitive Tender
P0519,C-CACM-Client-04,CACM-Client-04,Climate and Carbon Markets,Market & Social Research,2025-05-14,2025-08-14,2025-08-18,Completed,Low,2,1,1,26300.0,27100.0,4.0,0.029,3.8,Too Recent,Direct Outreach
P1375,C-CEAT-Client-08,CEAT-Client-08,Creative Economy and Tourism,Market & Social Research,2025-05-15,2025-11-15,2026-02-14,Completed,High,14,6,8,373400.0,472700.0,91.0,0.266,2.7,Too Recent,Referral
P0211,C-A-Client-06,A-Client-06,Agriculture,Data Visualization & Analytics,2025-05-15,2025-08-15,2025-08-17,Completed,Low,3,1,2,31400.0,32100.0,2.0,0.023,4.6,Too Recent,Competitive Tender
P1378,C-CEAT-Client-02,CEAT-Client-02,Creative Economy and Tourism,Political Risk Management,2025-05-15,2025-10-15,2025-10-17,Completed,Medium,4,1,3,63700.0,64300.0,2.0,0.009,4.2,Too Recent,Referral
P1762,C-TAI-Client-05,TAI-Client-05,Technology and Innovation,Stakeholder Engagement,2025-05-15,2025-10-15,2025-10-16,Completed,Medium,7,2,5,181900.0,183000.0,1.0,0.006,4.4,Too Recent,Repeat Client
P1773,C-TAI-Client-05,TAI-Client-05,Technology and Innovation,Stakeholder Engagement,2025-05-15,2025-10-15,2026-01-02,Completed,Medium,7,3,4,173200.0,223900.0,79.0,0.293,2.5,Too Recent,Repeat Client
P1030,C-FAI-Client-06,FAI-Client-06,Finance and Insurance,Strategic Planning,2025-05-15,2025-06-15,2025-06-19,Completed,Low,2,1,1,11600.0,12800.0,4.0,0.103,3.9,Too Recent,Repeat Client
P0215,C-A-Client-03,A-Client-03,Agriculture,Political Risk Management,2025-05-16,2025-10-16,2025-10-18,Completed,Medium,7,3,4,135500.0,137400.0,2.0,0.014,4.1,Too Recent,Repeat Client
P1771,C-TAI-Client-03,TAI-Client-03,Technology and Innovation,Data Visualization & Analytics,2025-05-16,2025-12-16,2025-12-16,Completed,High,11,4,7,471500.0,471500.0,0.0,0.0,4.6,Too Recent,Referral
P0817,C-E-Client-10,E-Client-10,Energy,Stakeholder Engagement,2025-05-17,2025-07-17,2025-07-17,Completed,Low,2,1,1,18800.0,18800.0,0.0,0.0,4.6,Too Recent,Competitive Tender
P1757,C-TAI-Client-04,TAI-Client-04,Technology and Innovation,Stakeholder Engagement,2025-05-17,2025-07-17,2025-07-17,Completed,Low,4,1,3,31700.0,31700.0,0.0,0.0,4.5,Too Recent,Repeat Client
P0816,C-E-Client-06,E-Client-06,Energy,Data Visualization & Analytics,2025-05-18,2025-07-18,2025-07-20,Completed,Low,4,1,3,36700.0,37800.0,2.0,0.029,4.4,Too Recent,Repeat Client
P0212,C-A-Client-06,A-Client-06,Agriculture,Market & Social Research,2025-05-18,2025-10-18,2025-10-20,Completed,Medium,7,3,4,157700.0,159400.0,2.0,0.011,4.0,Too Recent,Competitive Tender
P1202,C-PS-Client-08,PS-Client-08,Public Sector,Stakeholder Engagement,2025-05-19,2026-02-19,,Ongoing,High,13,4,9,670000.0,,,,,Too Recent,Referral
P1374,C-CEAT-Client-08,CEAT-Client-08,Creative Economy and Tourism,Strategic Planning,2025-05-19,2025-06-19,2025-06-20,Completed,Low,2,1,1,5400.0,5500.0,1.0,0.021,4.2,Too Recent,Referral
P1767,C-TAI-Client-07,TAI-Client-07,Technology and Innovation,Data Visualization & Analytics,2025-05-20,2025-07-20,2025-07-22,Completed,Low,2,1,1,16100.0,16500.0,2.0,0.022,3.9,Too Recent,Referral
P1764,C-TAI-Client-03,TAI-Client-03,Technology and Innovation,Market & Social Research,2025-05-20,2025-10-20,2025-10-21,Completed,Medium,6,3,3,151100.0,152200.0,1.0,0.007,3.8,Too Recent,Repeat Client
P1203,C-PS-Client-01,PS-Client-01,Public Sector,Data Visualization & Analytics,2025-05-20,2026-02-20,,Ongoing,High,11,3,8,556200.0,,,,,Too Recent,Direct Outreach
P1763,C-TAI-Client-01,TAI-Client-01,Technology and Innovation,Digital Transformation,2025-05-22,2025-09-22,2025-09-26,Completed,High,12,3,9,267900.0,276700.0,4.0,0.033,3.7,Too Recent,Repeat Client
P0521,C-CACM-Client-04,CACM-Client-04,Climate and Carbon Markets,Digital Transformation,2025-05-22,2025-08-22,2025-09-03,Completed,Low,2,1,1,28000.0,31500.0,12.0,0.124,3.8,Too Recent,Competitive Tender
P1772,C-TAI-Client-04,TAI-Client-04,Technology and Innovation,Political Risk Management,2025-05-22,2025-06-22,2025-06-24,Completed,Low,3,1,2,14500.0,15600.0,2.0,0.079,3.9,Too Recent,Direct Outreach
P1031,C-FAI-Client-05,FAI-Client-05,Finance and Insurance,Stakeholder Engagement,2025-05-23,2026-01-23,,Ongoing,High,11,5,6,677800.0,,,,,Too Recent,Repeat Client
P0213,C-A-Client-07,A-Client-07,Agriculture,Market & Social Research,2025-05-23,2025-06-23,2025-06-23,Completed,Low,4,2,2,14200.0,14200.0,0.0,0.0,4.2,Too Recent,Referral
P0516,C-CACM-Client-07,CACM-Client-07,Climate and Carbon Markets,Market & Social Research,2025-05-24,2025-08-24,2025-08-27,Completed,Low,3,1,2,36300.0,37100.0,3.0,0.023,4.5,Too Recent,Referral
P0210,C-A-Client-08,A-Client-08,Agriculture,Market & Social Research,2025-05-24,2025-07-24,2025-07-24,Completed,Low,4,1,3,24700.0,24700.0,0.0,0.0,4.6,Too Recent,Repeat Client
P0515,C-CACM-Client-08,CACM-Client-08,Climate and Carbon Markets,Digital Transformation,2025-05-25,2025-07-25,2025-07-29,Completed,Medium,6,2,4,78400.0,82300.0,4.0,0.05,4.6,Too Recent,Repeat Client
P1759,C-TAI-Client-06,TAI-Client-06,Technology and Innovation,Strategic Planning,2025-05-25,2025-12-25,2025-12-28,Completed,High,8,4,4,389200.0,395400.0,3.0,0.016,4.5,Too Recent,Repeat Client
P1766,C-TAI-Client-02,TAI-Client-02,Technology and Innovation,Stakeholder Engagement,2025-05-26,2025-06-26,2025-06-28,Completed,Low,4,1,3,20100.0,21500.0,2.0,0.069,3.8,Too Recent,Repeat Client
P0814,C-E-Client-10,E-Client-10,Energy,Data Visualization & Analytics,2025-05-27,2025-08-27,2025-10-17,Completed,Low,2,1,1,27800.0,39800.0,51.0,0.433,2.6,Too Recent,Repeat Client
P0524,C-CACM-Client-06,CACM-Client-06,Climate and Carbon Markets,Market & Social Research,2025-05-27,2025-09-27,2025-09-28,Completed,Medium,8,3,5,218400.0,220600.0,1.0,0.01,4.3,Too Recent,Direct Outreach
P1200,C-PS-Client-01,PS-Client-01,Public Sector,Market & Social Research,2025-05-27,2025-08-27,2025-08-31,Completed,Medium,5,1,4,69000.0,71600.0,4.0,0.038,3.9,Too Recent,Direct Outreach
P1765,C-TAI-Client-05,TAI-Client-05,Technology and Innovation,Data Visualization & Analytics,2025-05-28,2025-06-28,2025-07-01,Completed,Low,4,2,2,20000.0,21800.0,3.0,0.09,4.3,Too Recent,Direct Outreach
P0214,C-A-Client-06,A-Client-06,Agriculture,Digital Transformation,2025-05-28,2025-07-28,2025-07-28,Completed,Low,2,1,1,13900.0,13900.0,0.0,0.0,4.6,Too Recent,Referral
P1769,C-TAI-Client-07,TAI-Client-07,Technology and Innovation,Political Risk Management,2025-05-28,2025-06-28,2025-07-02,Completed,Low,2,1,1,7500.0,8200.0,4.0,0.093,4.0,Too Recent,Referral
P1036,C-FAI-Client-08,FAI-Client-08,Finance and Insurance,Market & Social Research,2025-06-01,2026-02-01,,Ongoing,High,9,4,5,614900.0,,,,,Too Recent,Referral
P1791,C-TAI-Client-08,TAI-Client-08,Technology and Innovation,Digital Transformation,2025-06-01,2025-09-01,2025-11-22,Completed,Medium,7,2,5,122700.0,180100.0,82.0,0.468,2.2,Too Recent,Referral
P0216,C-A-Client-06,A-Client-06,Agriculture,Strategic Planning,2025-06-02,2025-07-02,2025-07-03,Completed,Low,4,1,3,11100.0,11500.0,1.0,0.04,4.2,Too Recent,Competitive Tender
P1786,C-TAI-Client-05,TAI-Client-05,Technology and Innovation,Data Visualization & Analytics,2025-06-02,2025-10-02,2025-10-04,Completed,High,13,5,8,392800.0,399500.0,2.0,0.017,4.7,Too Recent,Referral
P1776,C-TAI-Client-04,TAI-Client-04,Technology and Innovation,Digital Transformation,2025-06-02,2025-10-02,2025-12-27,Completed,Medium,7,3,4,177200.0,253400.0,86.0,0.43,2.1,Too Recent,Competitive Tender
P1206,C-PS-Client-07,PS-Client-07,Public Sector,Data Visualization & Analytics,2025-06-02,2025-10-02,2025-10-05,Completed,Medium,8,2,6,134500.0,137900.0,3.0,0.025,4.0,Too Recent,Repeat Client
P0534,C-CACM-Client-02,CACM-Client-02,Climate and Carbon Markets,Stakeholder Engagement,2025-06-03,2025-11-03,2025-11-20,Completed,Medium,6,2,4,183700.0,195100.0,17.0,0.062,4.0,Too Recent,Repeat Client
P1781,C-TAI-Client-02,TAI-Client-02,Technology and Innovation,Stakeholder Engagement,2025-06-03,2025-07-03,2025-07-07,Completed,Low,4,2,2,19100.0,21800.0,4.0,0.139,4.4,Too Recent,Referral
P1784,C-TAI-Client-02,TAI-Client-02,Technology and Innovation,Digital Transformation,2025-06-03,2025-09-03,2025-09-07,Completed,Low,2,1,1,30900.0,32600.0,4.0,0.055,4.1,Too Recent,Repeat Client
P1381,C-CEAT-Client-02,CEAT-Client-02,Creative Economy and Tourism,Data Visualization & Analytics,2025-06-04,2025-08-04,2025-08-04,Completed,Low,4,2,2,23800.0,23800.0,0.0,0.0,3.8,Too Recent,Repeat Client
P0539,C-CACM-Client-04,CACM-Client-04,Climate and Carbon Markets,Political Risk Management,2025-06-04,2025-11-04,2025-11-06,Completed,Medium,5,2,3,171400.0,174100.0,2.0,0.016,4.2,Too Recent,Repeat Client
P1798,C-TAI-Client-01,TAI-Client-01,Technology and Innovation,Strategic Planning,2025-06-05,2025-11-05,2025-11-09,Completed,Medium,7,2,5,171400.0,175700.0,4.0,0.025,4.5,Too Recent,Repeat Client
P1779,C-TAI-Client-04,TAI-Client-04,Technology and Innovation,Stakeholder Engagement,2025-06-05,2025-09-05,2025-09-06,Completed,Medium,6,2,4,113800.0,114900.0,1.0,0.01,3.9,Too Recent,Repeat Client
P1038,C-FAI-Client-06,FAI-Client-06,Finance and Insurance,Stakeholder Engagement,2025-06-05,2025-11-05,2025-11-09,Completed,High,9,2,7,359500.0,371000.0,4.0,0.032,3.5,Too Recent,Referral
P0819,C-E-Client-10,E-Client-10,Energy,Strategic Planning,2025-06-05,2025-08-05,2025-08-09,Completed,Medium,4,1,3,50200.0,53000.0,4.0,0.056,4.0,Too Recent,Direct Outreach
P1794,C-TAI-Client-04,TAI-Client-04,Technology and Innovation,Strategic Planning,2025-06-05,2025-09-05,2025-10-25,Completed,Medium,4,2,2,59900.0,77900.0,50.0,0.3,3.0,Too Recent,Repeat Client
P1799,C-TAI-Client-08,TAI-Client-08,Technology and Innovation,Political Risk Management,2025-06-06,2025-07-06,2025-07-08,Completed,Low,4,1,3,18500.0,19400.0,2.0,0.048,4.1,Too Recent,Repeat Client
P0530,C-CACM-Client-04,CACM-Client-04,Climate and Carbon Markets,Market & Social Research,2025-06-06,2025-09-06,2025-09-28,Completed,Low,3,1,2,47800.0,59900.0,22.0,0.253,2.9,Too Recent,Repeat Client
P1796,C-TAI-Client-04,TAI-Client-04,Technology and Innovation,Political Risk Management,2025-06-07,2025-11-07,2025-11-07,Completed,Medium,5,2,3,118000.0,118000.0,0.0,0.0,4.4,Too Recent,Repeat Client
P0540,C-CACM-Client-07,CACM-Client-07,Climate and Carbon Markets,Political Risk Management,2025-06-08,2025-10-08,2025-11-24,Completed,Medium,6,2,4,144900.0,176300.0,47.0,0.217,3.3,Too Recent,Repeat Client
P1037,C-FAI-Client-05,FAI-Client-05,Finance and Insurance,Market & Social Research,2025-06-08,2025-08-08,2025-08-08,Completed,Medium,8,3,5,95400.0,95400.0,0.0,0.0,4.3,Too Recent,Repeat Client
P0533,C-CACM-Client-06,CACM-Client-06,Climate and Carbon Markets,Digital Transformation,2025-06-08,2025-08-08,2025-08-12,Completed,Low,2,1,1,19400.0,20500.0,4.0,0.056,4.4,Too Recent,Direct Outreach
P0821,C-E-Client-08,E-Client-08,Energy,Stakeholder Engagement,2025-06-09,2025-08-09,2025-08-10,Completed,Low,4,2,2,36100.0,36700.0,1.0,0.017,3.7,Too Recent,Repeat Client
P0531,C-CACM-Client-01,CACM-Client-01,Climate and Carbon Markets,Stakeholder Engagement,2025-06-10,2025-09-10,2025-09-10,Completed,Medium,7,2,5,143600.0,143600.0,0.0,0.0,4.6,Too Recent,Competitive Tender
P1380,C-CEAT-Client-03,CEAT-Client-03,Creative Economy and Tourism,Stakeholder Engagement,2025-06-10,2025-08-10,2025-08-10,Completed,Low,4,1,3,21500.0,21500.0,0.0,0.0,4.5,Too Recent,Repeat Client
P0526,C-CACM-Client-03,CACM-Client-03,Climate and Carbon Markets,Digital Transformation,2025-06-10,2025-08-10,2025-08-11,Completed,Low,2,1,1,21900.0,22300.0,1.0,0.018,4.8,Too Recent,Referral
P0538,C-CACM-Client-04,CACM-Client-04,Climate and Carbon Markets,Digital Transformation,2025-06-10,2025-07-10,2025-07-14,Completed,Low,2,1,1,10700.0,12000.0,4.0,0.126,3.4,Too Recent,Repeat Client
P1801,C-TAI-Client-06,TAI-Client-06,Technology and Innovation,Strategic Planning,2025-06-10,2025-11-10,2025-11-11,Completed,Medium,4,1,3,125800.0,126300.0,1.0,0.004,4.1,Too Recent,Repeat Client
P0528,C-CACM-Client-06,CACM-Client-06,Climate and Carbon Markets,Digital Transformation,2025-06-12,2026-03-12,,Ongoing,High,13,4,9,933800.0,,,,,Too Recent,Direct Outreach
P0823,C-E-Client-01,E-Client-01,Energy,Political Risk Management,2025-06-13,2025-11-13,2026-03-05,Completed,High,13,3,10,516300.0,651600.0,112.0,0.262,2.4,Too Recent,Competitive Tender
P1792,C-TAI-Client-05,TAI-Client-05,Technology and Innovation,Stakeholder Engagement,2025-06-13,2026-03-13,,Ongoing,High,14,5,9,839100.0,,,,,Too Recent,Repeat Client
P1034,C-FAI-Client-07,FAI-Client-07,Finance and Insurance,Data Visualization & Analytics,2025-06-13,2025-09-13,2025-10-31,Completed,Medium,8,2,6,164200.0,202000.0,48.0,0.23,3.2,Too Recent,Repeat Client
P1780,C-TAI-Client-01,TAI-Client-01,Technology and Innovation,Stakeholder Engagement,2025-06-14,2025-10-14,2025-10-16,Completed,Medium,8,2,6,167700.0,170600.0,2.0,0.017,4.5,Too Recent,Repeat Client
P0532,C-CACM-Client-03,CACM-Client-03,Climate and Carbon Markets,Political Risk Management,2025-06-14,2025-11-14,2025-11-14,Completed,Medium,8,4,4,230200.0,230200.0,0.0,0.0,4.3,Too Recent,Referral
P1782,C-TAI-Client-08,TAI-Client-08,Technology and Innovation,Digital Transformation,2025-06-14,2025-08-14,2025-08-17,Completed,Low,2,1,1,18200.0,19200.0,3.0,0.053,4.4,Too Recent,Repeat Client
P0529,C-CACM-Client-05,CACM-Client-05,Climate and Carbon Markets,Political Risk Management,2025-06-14,2026-01-14,,Ongoing,High,9,3,6,499000.0,,,,,Too Recent,Repeat Client
P1778,C-TAI-Client-08,TAI-Client-08,Technology and Innovation,Data Visualization & Analytics,2025-06-15,2026-01-15,,Ongoing,High,8,2,6,326900.0,,,,,Too Recent,Direct Outreach
P0219,C-A-Client-07,A-Client-07,Agriculture,Digital Transformation,2025-06-16,2025-08-16,2025-08-17,Completed,Low,3,1,2,17800.0,18200.0,1.0,0.021,4.7,Too Recent,Repeat Client
P1800,C-TAI-Client-04,TAI-Client-04,Technology and Innovation,Market & Social Research,2025-06-16,2025-08-16,2025-08-20,Completed,Medium,7,3,4,78600.0,82900.0,4.0,0.055,3.9,Too Recent,Competitive Tender
P0818,C-E-Client-07,E-Client-07,Energy,Market & Social Research,2025-06-17,2025-08-17,2025-09-16,Completed,Low,2,1,1,20200.0,24800.0,30.0,0.23,4.0,Too Recent,Repeat Client
P1032,C-FAI-Client-07,FAI-Client-07,Finance and Insurance,Data Visualization & Analytics,2025-06-18,2025-09-18,2025-09-18,Completed,Medium,7,2,5,134600.0,134600.0,0.0,0.0,4.7,Too Recent,Competitive Tender
P1790,C-TAI-Client-07,TAI-Client-07,Technology and Innovation,Strategic Planning,2025-06-18,2025-07-18,2025-07-19,Completed,Low,2,1,1,8300.0,8600.0,1.0,0.036,4.7,Too Recent,Repeat Client
P0541,C-CACM-Client-05,CACM-Client-05,Climate and Carbon Markets,Data Visualization & Analytics,2025-06-18,2025-10-18,2025-10-18,Completed,Medium,6,2,4,142800.0,142800.0,0.0,0.0,4.3,Too Recent,Repeat Client
P1787,C-TAI-Client-05,TAI-Client-05,Technology and Innovation,Data Visualization & Analytics,2025-06-19,2025-11-19,2025-11-19,Completed,Medium,7,3,4,207900.0,207900.0,0.0,0.0,4.3,Too Recent,Repeat Client
P1033,C-FAI-Client-09,FAI-Client-09,Finance and Insurance,Data Visualization & Analytics,2025-06-19,2025-09-19,2025-09-20,Completed,Low,2,1,1,29600.0,29900.0,1.0,0.009,4.2,Too Recent,Referral
P0822,C-E-Client-03,E-Client-03,Energy,Data Visualization & Analytics,2025-06-20,2025-08-20,2025-08-20,Completed,Low,2,1,1,22200.0,22200.0,0.0,0.0,4.1,Too Recent,Repeat Client
P1774,C-TAI-Client-07,TAI-Client-07,Technology and Innovation,Data Visualization & Analytics,2025-06-20,2025-08-20,2025-08-21,Completed,Low,2,1,1,17700.0,17900.0,1.0,0.012,4.1,Too Recent,Repeat Client
P1775,C-TAI-Client-07,TAI-Client-07,Technology and Innovation,Strategic Planning,2025-06-20,2025-09-20,2025-12-12,Completed,Medium,7,3,4,112900.0,180600.0,83.0,0.6,1.8,Too Recent,Repeat Client
P1205,C-PS-Client-08,PS-Client-08,Public Sector,Digital Transformation,2025-06-21,2025-08-21,2025-08-21,Completed,Low,2,1,1,12800.0,12800.0,0.0,0.0,4.1,Too Recent,Direct Outreach
P1785,C-TAI-Client-03,TAI-Client-03,Technology and Innovation,Political Risk Management,2025-06-22,2025-08-22,2025-08-22,Completed,Low,2,1,1,20400.0,20400.0,0.0,0.0,4.5,Too Recent,Repeat Client
P0536,C-CACM-Client-04,CACM-Client-04,Climate and Carbon Markets,Stakeholder Engagement,2025-06-22,2025-08-22,,Cancelled,Medium,4,1,3,39000.0,40200.0,,,,N/A,Repeat Client
P0527,C-CACM-Client-08,CACM-Client-08,Climate and Carbon Markets,Strategic Planning,2025-06-22,2025-08-22,,Cancelled,Low,4,2,2,34900.0,35700.0,,,,N/A,Referral
P1777,C-TAI-Client-02,TAI-Client-02,Technology and Innovation,Data Visualization & Analytics,2025-06-22,2025-09-22,2025-09-26,Completed,Medium,7,2,5,112200.0,115200.0,4.0,0.027,4.1,Too Recent,Repeat Client
P1783,C-TAI-Client-05,TAI-Client-05,Technology and Innovation,Stakeholder Engagement,2025-06-24,2025-10-24,2025-10-28,Completed,Medium,6,2,4,114800.0,118500.0,4.0,0.032,3.9,Too Recent,Competitive Tender
P0218,C-A-Client-03,A-Client-03,Agriculture,Strategic Planning,2025-06-24,2025-07-24,2025-07-26,Completed,Low,3,1,2,9400.0,10000.0,2.0,0.061,4.0,Too Recent,Repeat Client
P0535,C-CACM-Client-05,CACM-Client-05,Climate and Carbon Markets,Political Risk Management,2025-06-24,2025-07-24,2025-07-24,Completed,Low,2,1,1,10400.0,10400.0,0.0,0.0,4.2,Too Recent,Repeat Client
P0537,C-CACM-Client-04,CACM-Client-04,Climate and Carbon Markets,Data Visualization & Analytics,2025-06-24,2025-09-24,2025-12-08,Completed,Medium,7,3,4,120700.0,176200.0,75.0,0.46,2.6,Too Recent,Referral
P1789,C-TAI-Client-02,TAI-Client-02,Technology and Innovation,Political Risk Management,2025-06-24,2025-09-24,2025-09-25,Completed,Low,3,1,2,44600.0,45000.0,1.0,0.01,4.5,Too Recent,Referral
P0820,C-E-Client-06,E-Client-06,Energy,Political Risk Management,2025-06-26,2025-12-26,2025-12-27,Completed,High,15,5,10,734200.0,738600.0,1.0,0.006,3.8,Too Recent,Referral
P1207,C-PS-Client-05,PS-Client-05,Public Sector,Stakeholder Engagement,2025-06-26,2025-08-26,2025-08-27,Completed,Medium,8,2,6,70600.0,71700.0,1.0,0.016,4.0,Too Recent,Referral
P1035,C-FAI-Client-08,FAI-Client-08,Finance and Insurance,Stakeholder Engagement,2025-06-27,2025-10-27,2025-10-30,Completed,Medium,7,3,4,192900.0,195800.0,3.0,0.015,4.3,Too Recent,Referral
P1795,C-TAI-Client-04,TAI-Client-04,Technology and Innovation,Strategic Planning,2025-06-27,2025-07-27,2025-07-28,Completed,Low,4,1,3,16900.0,17600.0,1.0,0.04,4.4,Too Recent,Repeat Client
P1793,C-TAI-Client-05,TAI-Client-05,Technology and Innovation,Strategic Planning,2025-06-27,2025-10-27,2025-10-28,Completed,Medium,7,3,4,156500.0,157600.0,1.0,0.007,5.0,Too Recent,Competitive Tender
P1797,C-TAI-Client-05,TAI-Client-05,Technology and Innovation,Political Risk Management,2025-06-27,2025-09-27,2025-09-29,Completed,Medium,4,2,2,55800.0,57200.0,2.0,0.025,4.2,Too Recent,Repeat Client
P0217,C-A-Client-08,A-Client-08,Agriculture,Strategic Planning,2025-06-28,2026-01-28,,Ongoing,High,8,2,6,316000.0,,,,,Too Recent,Referral
P1788,C-TAI-Client-03,TAI-Client-03,Technology and Innovation,Strategic Planning,2025-06-28,2025-11-28,2025-12-02,Completed,High,10,2,8,285700.0,294600.0,4.0,0.031,4.1,Too Recent,Repeat Client
P1208,C-PS-Client-05,PS-Client-05,Public Sector,Strategic Planning,2025-07-02,2025-10-02,2025-11-04,Completed,Low,2,1,1,19200.0,24800.0,33.0,0.293,2.8,Too Recent,Repeat Client
P0551,C-CACM-Client-01,CACM-Client-01,Climate and Carbon Markets,Political Risk Management,2025-07-02,2025-11-02,2025-11-24,Completed,High,7,1,6,204400.0,238500.0,22.0,0.167,3.6,Too Recent,Repeat Client
P0554,C-CACM-Client-01,CACM-Client-01,Climate and Carbon Markets,Strategic Planning,2025-07-02,2025-12-02,2025-12-06,Completed,Medium,7,3,4,176400.0,179400.0,4.0,0.017,4.3,Too Recent,Repeat Client
P0223,C-A-Client-02,A-Client-02,Agriculture,Political Risk Management,2025-07-03,2026-02-03,,Ongoing,High,8,3,5,267100.0,,,,,Too Recent,Repeat Client
P0222,C-A-Client-04,A-Client-04,Agriculture,Digital Transformation,2025-07-03,2025-10-03,2025-10-07,Completed,Medium,6,1,5,80400.0,82800.0,4.0,0.03,4.2,Too Recent,Repeat Client
P0220,C-A-Client-07,A-Client-07,Agriculture,Data Visualization & Analytics,2025-07-03,2025-11-03,2025-11-06,Completed,Medium,8,4,4,146800.0,149400.0,3.0,0.018,4.2,Too Recent,Referral
P1802,C-TAI-Client-07,TAI-Client-07,Technology and Innovation,Political Risk Management,2025-07-04,2026-04-04,,Ongoing,High,13,4,9,718600.0,,,,,Too Recent,Direct Outreach
P0558,C-CACM-Client-03,CACM-Client-03,Climate and Carbon Markets,Market & Social Research,2025-07-04,2025-08-04,2025-08-08,Completed,Low,4,2,2,19100.0,21800.0,4.0,0.139,4.1,Too Recent,Repeat Client
P0553,C-CACM-Client-08,CACM-Client-08,Climate and Carbon Markets,Data Visualization & Analytics,2025-07-05,2025-08-05,2025-08-09,Completed,Low,2,1,1,8800.0,9800.0,4.0,0.112,3.8,Too Recent,Competitive Tender
P0545,C-CACM-Client-07,CACM-Client-07,Climate and Carbon Markets,Data Visualization & Analytics,2025-07-05,2025-08-05,2025-08-05,Completed,Low,3,1,2,13300.0,13300.0,0.0,0.0,4.7,Too Recent,Repeat Client
P0552,C-CACM-Client-02,CACM-Client-02,Climate and Carbon Markets,Digital Transformation,2025-07-05,2025-10-05,2025-10-05,Completed,Low,2,1,1,25600.0,25600.0,0.0,0.0,4.9,Too Recent,Competitive Tender
P0546,C-CACM-Client-04,CACM-Client-04,Climate and Carbon Markets,Political Risk Management,2025-07-05,2025-08-05,2025-08-05,Completed,Low,3,1,2,12000.0,12000.0,0.0,0.0,4.1,Too Recent,Referral
P0827,C-E-Client-08,E-Client-08,Energy,Data Visualization & Analytics,2025-07-05,2025-09-05,2025-09-09,Completed,Low,4,2,2,40500.0,43300.0,4.0,0.068,3.7,Too Recent,Repeat Client
P1809,C-TAI-Client-04,TAI-Client-04,Technology and Innovation,Political Risk Management,2025-07-06,2025-09-06,2025-09-08,Completed,Low,4,2,2,34500.0,35200.0,2.0,0.02,4.5,Too Recent,Competitive Tender
P0224,C-A-Client-01,A-Client-01,Agriculture,Data Visualization & Analytics,2025-07-06,2025-11-06,2025-11-10,Completed,Medium,4,1,3,73100.0,75800.0,4.0,0.037,4.3,Too Recent,Direct Outreach
P1209,C-PS-Client-04,PS-Client-04,Public Sector,Stakeholder Engagement,2025-07-07,2025-09-07,2025-09-07,Completed,Medium,4,1,3,38000.0,38000.0,0.0,0.0,4.5,Too Recent,Direct Outreach
P0826,C-E-Client-02,E-Client-02,Energy,Market & Social Research,2025-07-09,2025-09-09,2025-09-19,Completed,Low,4,2,2,34300.0,38400.0,10.0,0.119,3.8,Too Recent,Direct Outreach
P1812,C-TAI-Client-07,TAI-Client-07,Technology and Innovation,Political Risk Management,2025-07-10,2025-10-10,2025-10-13,Completed,Low,4,1,3,45400.0,46800.0,3.0,0.03,4.1,Too Recent,Repeat Client
P0824,C-E-Client-08,E-Client-08,Energy,Data Visualization & Analytics,2025-07-11,2025-10-11,2025-12-05,Completed,Medium,4,1,3,66000.0,91900.0,55.0,0.393,2.9,Too Recent,Repeat Client
P1810,C-TAI-Client-04,TAI-Client-04,Technology and Innovation,Stakeholder Engagement,2025-07-12,2025-12-12,2025-12-13,Completed,Medium,5,2,3,115400.0,116000.0,1.0,0.005,4.2,Too Recent,Referral
P0825,C-E-Client-05,E-Client-05,Energy,Data Visualization & Analytics,2025-07-12,2025-11-12,2025-11-14,Completed,High,12,5,7,386600.0,392800.0,2.0,0.016,4.5,Too Recent,Repeat Client
P0544,C-CACM-Client-04,CACM-Client-04,Climate and Carbon Markets,Digital Transformation,2025-07-14,2025-09-14,2025-09-15,Completed,Medium,8,3,5,106400.0,108600.0,1.0,0.021,4.5,Too Recent,Repeat Client
P1383,C-CEAT-Client-07,CEAT-Client-07,Creative Economy and Tourism,Market & Social Research,2025-07-15,2025-12-15,2026-01-31,Completed,Medium,8,2,6,147200.0,169700.0,47.0,0.153,2.8,Too Recent,Referral
P0543,C-CACM-Client-06,CACM-Client-06,Climate and Carbon Markets,Data Visualization & Analytics,2025-07-16,2025-11-16,2025-11-17,Completed,Medium,5,1,4,135900.0,137100.0,1.0,0.009,4.6,Too Recent,Repeat Client
P1804,C-TAI-Client-08,TAI-Client-08,Technology and Innovation,Market & Social Research,2025-07-16,2025-12-16,2025-12-17,Completed,Medium,7,2,5,185200.0,185900.0,1.0,0.004,4.6,Too Recent,Referral
P0556,C-CACM-Client-05,CACM-Client-05,Climate and Carbon Markets,Strategic Planning,2025-07-17,2025-10-17,2025-10-19,Completed,Low,3,1,2,48700.0,49400.0,2.0,0.015,3.8,Too Recent,Repeat Client
P0542,C-CACM-Client-02,CACM-Client-02,Climate and Carbon Markets,Digital Transformation,2025-07-17,2025-09-17,2025-09-19,Completed,Low,3,1,2,33000.0,33700.0,2.0,0.021,3.8,Too Recent,Referral
P0557,C-CACM-Client-07,CACM-Client-07,Climate and Carbon Markets,Market & Social Research,2025-07-17,2025-10-17,2025-10-21,Completed,Low,4,2,2,62700.0,66000.0,4.0,0.053,4.1,Too Recent,Repeat Client
P0555,C-CACM-Client-01,CACM-Client-01,Climate and Carbon Markets,Strategic Planning,2025-07-18,2025-10-18,2025-10-21,Completed,Low,3,1,2,37700.0,38700.0,3.0,0.027,4.4,Too Recent,Referral
P1382,C-CEAT-Client-05,CEAT-Client-05,Creative Economy and Tourism,Stakeholder Engagement,2025-07-18,2025-10-18,2025-10-19,Completed,Low,2,1,1,15500.0,15700.0,1.0,0.012,4.8,Too Recent,Referral
P0550,C-CACM-Client-01,CACM-Client-01,Climate and Carbon Markets,Stakeholder Engagement,2025-07-18,2025-09-18,2025-10-21,Completed,Low,2,1,1,16200.0,23400.0,33.0,0.444,2.6,Too Recent,Repeat Client
P1806,C-TAI-Client-02,TAI-Client-02,Technology and Innovation,Data Visualization & Analytics,2025-07-19,2025-09-19,2025-09-21,Completed,Low,4,1,3,37400.0,38400.0,2.0,0.028,4.4,Too Recent,Competitive Tender
P0547,C-CACM-Client-06,CACM-Client-06,Climate and Carbon Markets,Data Visualization & Analytics,2025-07-19,2025-10-19,2025-10-21,Completed,Medium,7,2,5,117600.0,120800.0,2.0,0.027,4.3,Too Recent,Competitive Tender
P1384,C-CEAT-Client-03,CEAT-Client-03,Creative Economy and Tourism,Political Risk Management,2025-07-20,2025-10-20,2025-10-22,Completed,Medium,8,4,4,97900.0,99400.0,2.0,0.015,4.4,Too Recent,Repeat Client
P1808,C-TAI-Client-07,TAI-Client-07,Technology and Innovation,Strategic Planning,2025-07-20,2025-11-20,2025-11-20,Completed,Medium,7,2,5,137000.0,137000.0,0.0,0.0,5.0,Too Recent,Direct Outreach
P0221,C-A-Client-01,A-Client-01,Agriculture,Stakeholder Engagement,2025-07-21,2025-12-21,2025-12-23,Completed,Medium,8,2,6,188100.0,191100.0,2.0,0.016,4.0,Too Recent,Direct Outreach
P1807,C-TAI-Client-02,TAI-Client-02,Technology and Innovation,Political Risk Management,2025-07-21,2025-12-21,2025-12-24,Completed,Medium,7,3,4,175900.0,178500.0,3.0,0.015,3.2,Too Recent,Direct Outreach
P1811,C-TAI-Client-08,TAI-Client-08,Technology and Innovation,Market & Social Research,2025-07-22,2025-09-22,2025-09-22,Completed,Low,4,1,3,40200.0,40200.0,0.0,0.0,4.8,Too Recent,Repeat Client
P1039,C-FAI-Client-04,FAI-Client-04,Finance and Insurance,Political Risk Management,2025-07-23,2025-08-23,2025-10-08,Completed,Low,4,1,3,23700.0,34800.0,46.0,0.469,2.3,Too Recent,Referral
P1805,C-TAI-Client-01,TAI-Client-01,Technology and Innovation,Political Risk Management,2025-07-23,2025-11-23,2026-03-28,Completed,High,15,7,8,428400.0,649900.0,125.0,0.517,1.9,Too Recent,Repeat Client
P0549,C-CACM-Client-03,CACM-Client-03,Climate and Carbon Markets,Digital Transformation,2025-07-24,2026-01-24,,Ongoing,High,9,3,6,448600.0,,,,,Too Recent,Repeat Client
P1803,C-TAI-Client-05,TAI-Client-05,Technology and Innovation,Strategic Planning,2025-07-24,2026-03-24,,Ongoing,High,15,7,8,746600.0,,,,,Too Recent,Repeat Client
P0548,C-CACM-Client-08,CACM-Client-08,Climate and Carbon Markets,Market & Social Research,2025-07-25,2025-12-25,2026-03-19,Completed,Medium,7,2,5,233100.0,331700.0,84.0,0.423,2.5,Too Recent,Direct Outreach
P0566,C-CACM-Client-08,CACM-Client-08,Climate and Carbon Markets,Data Visualization & Analytics,2025-08-02,2026-01-02,,Ongoing,High,10,4,6,395000.0,,,,,Too Recent,Repeat Client
P0567,C-CACM-Client-01,CACM-Client-01,Climate and Carbon Markets,Market & Social Research,2025-08-02,2025-10-02,2025-11-13,Completed,Medium,6,2,4,60200.0,91300.0,42.0,0.516,2.5,Too Recent,Repeat Client
P1825,C-TAI-Client-03,TAI-Client-03,Technology and Innovation,Digital Transformation,2025-08-02,2025-11-02,2025-11-05,Completed,Low,2,1,1,28300.0,29100.0,3.0,0.03,4.0,Too Recent,Repeat Client
P0829,C-E-Client-04,E-Client-04,Energy,Political Risk Management,2025-08-03,2025-11-03,2025-11-05,Completed,Medium,7,3,4,138300.0,142200.0,2.0,0.028,4.4,Too Recent,Referral
P0560,C-CACM-Client-08,CACM-Client-08,Climate and Carbon Markets,Stakeholder Engagement,2025-08-03,2025-12-03,2025-12-05,Completed,Medium,7,2,5,138100.0,140000.0,2.0,0.014,4.1,Too Recent,Repeat Client
P1826,C-TAI-Client-03,TAI-Client-03,Technology and Innovation,Digital Transformation,2025-08-04,2025-11-04,2025-11-04,Completed,Medium,6,3,3,95000.0,95000.0,0.0,0.0,4.3,Too Recent,Repeat Client
P0569,C-CACM-Client-02,CACM-Client-02,Climate and Carbon Markets,Data Visualization & Analytics,2025-08-05,2026-05-05,,Ongoing,High,13,5,8,853400.0,,,,,Too Recent,Repeat Client
P1815,C-TAI-Client-08,TAI-Client-08,Technology and Innovation,Strategic Planning,2025-08-06,2025-11-06,2025-11-09,Completed,Medium,5,2,3,77300.0,79900.0,3.0,0.033,4.7,Too Recent,Competitive Tender
P1817,C-TAI-Client-01,TAI-Client-01,Technology and Innovation,Data Visualization & Analytics,2025-08-07,2026-04-07,,Ongoing,High,7,2,5,345200.0,,,,,Too Recent,Repeat Client
P0559,C-CACM-Client-05,CACM-Client-05,Climate and Carbon Markets,Political Risk Management,2025-08-07,2025-12-07,2025-12-07,Completed,Medium,6,2,4,154800.0,154800.0,0.0,0.0,4.0,Too Recent,Repeat Client
P1814,C-TAI-Client-08,TAI-Client-08,Technology and Innovation,Market & Social Research,2025-08-07,2025-12-07,2025-12-08,Completed,Medium,4,2,2,84600.0,85000.0,1.0,0.005,4.1,Too Recent,Referral
P1211,C-PS-Client-03,PS-Client-03,Public Sector,Stakeholder Engagement,2025-08-08,2025-11-08,2025-12-09,Completed,Low,4,1,3,38600.0,48600.0,31.0,0.26,3.0,Too Recent,Direct Outreach
P0561,C-CACM-Client-05,CACM-Client-05,Climate and Carbon Markets,Digital Transformation,2025-08-08,2026-05-08,,Ongoing,High,10,3,7,594100.0,,,,,Too Recent,Repeat Client
P1818,C-TAI-Client-03,TAI-Client-03,Technology and Innovation,Market & Social Research,2025-08-09,2025-10-09,2025-10-09,Completed,Low,4,2,2,35500.0,35500.0,0.0,0.0,4.0,Too Recent,Repeat Client
P0828,C-E-Client-10,E-Client-10,Energy,Digital Transformation,2025-08-09,2025-11-09,2025-11-10,Completed,Low,3,1,2,47700.0,48400.0,1.0,0.014,4.6,Too Recent,Repeat Client
P1827,C-TAI-Client-08,TAI-Client-08,Technology and Innovation,Digital Transformation,2025-08-10,2025-11-10,2025-11-14,Completed,Low,3,1,2,34500.0,35600.0,4.0,0.032,3.8,Too Recent,Repeat Client
P0563,C-CACM-Client-08,CACM-Client-08,Climate and Carbon Markets,Strategic Planning,2025-08-13,2026-03-13,,Ongoing,High,13,4,9,704600.0,,,,,Too Recent,Repeat Client
P1210,C-PS-Client-09,PS-Client-09,Public Sector,Digital Transformation,2025-08-13,2025-09-13,2025-09-16,Completed,Low,2,1,1,8000.0,8800.0,3.0,0.103,3.6,Too Recent,Direct Outreach
P0226,C-A-Client-07,A-Client-07,Agriculture,Stakeholder Engagement,2025-08-14,2025-11-14,2025-11-15,Completed,Medium,5,2,3,64900.0,65700.0,1.0,0.013,4.1,Too Recent,Repeat Client
P1820,C-TAI-Client-04,TAI-Client-04,Technology and Innovation,Strategic Planning,2025-08-14,2025-09-14,2025-09-16,Completed,Low,4,1,3,17600.0,18800.0,2.0,0.067,3.8,Too Recent,Referral
P1041,C-FAI-Client-03,FAI-Client-03,Finance and Insurance,Digital Transformation,2025-08-16,2026-01-16,,Ongoing,Medium,5,2,3,146600.0,,,,,Too Recent,Referral
P0565,C-CACM-Client-02,CACM-Client-02,Climate and Carbon Markets,Stakeholder Engagement,2025-08-16,2026-01-16,,Cancelled,Medium,6,2,4,205300.0,205300.0,,,,N/A,Repeat Client
P0831,C-E-Client-05,E-Client-05,Energy,Digital Transformation,2025-08-17,2025-09-17,2025-09-19,Completed,Low,2,1,1,11500.0,12000.0,2.0,0.045,4.1,Too Recent,Repeat Client
P0832,C-E-Client-09,E-Client-09,Energy,Stakeholder Engagement,2025-08-17,2025-10-17,2025-10-17,Completed,Low,2,1,1,21800.0,21800.0,0.0,0.0,4.4,Too Recent,Referral
P1821,C-TAI-Client-05,TAI-Client-05,Technology and Innovation,Data Visualization & Analytics,2025-08-18,2026-01-18,,Ongoing,High,14,6,8,460300.0,,,,,Too Recent,Direct Outreach
P0228,C-A-Client-04,A-Client-04,Agriculture,Political Risk Management,2025-08-20,2026-01-20,,Ongoing,Medium,8,4,4,175700.0,,,,,Too Recent,Repeat Client
P0564,C-CACM-Client-03,CACM-Client-03,Climate and Carbon Markets,Strategic Planning,2025-08-21,2025-09-21,2025-09-25,Completed,Low,4,1,3,22100.0,24600.0,4.0,0.115,4.1,Too Recent,Direct Outreach
P0227,C-A-Client-03,A-Client-03,Agriculture,Strategic Planning,2025-08-22,2025-09-22,,Cancelled,Low,2,1,1,5500.0,6000.0,,,,N/A,Direct Outreach
P0830,C-E-Client-06,E-Client-06,Energy,Strategic Planning,2025-08-24,2025-10-24,2025-10-26,Completed,Low,4,1,3,41100.0,42400.0,2.0,0.032,4.3,Too Recent,Repeat Client
P1816,C-TAI-Client-05,TAI-Client-05,Technology and Innovation,Market & Social Research,2025-08-26,2025-10-26,2025-10-29,Completed,Low,3,1,2,24700.0,25800.0,3.0,0.046,3.9,Too Recent,Competitive Tender
P1822,C-TAI-Client-05,TAI-Client-05,Technology and Innovation,Market & Social Research,2025-08-26,2025-12-26,2025-12-30,Completed,Medium,4,1,3,75500.0,78100.0,4.0,0.035,3.7,Too Recent,Repeat Client
P1040,C-FAI-Client-08,FAI-Client-08,Finance and Insurance,Digital Transformation,2025-08-26,2025-12-26,2025-12-30,Completed,Medium,4,2,2,105000.0,107600.0,4.0,0.025,4.8,Too Recent,Repeat Client
P0225,C-A-Client-06,A-Client-06,Agriculture,Data Visualization & Analytics,2025-08-26,2025-12-26,2025-12-28,Completed,High,11,5,6,186400.0,189600.0,2.0,0.017,4.2,Too Recent,Competitive Tender
P1824,C-TAI-Client-02,TAI-Client-02,Technology and Innovation,Stakeholder Engagement,2025-08-27,2025-12-27,2026-04-13,Completed,High,8,2,6,212800.0,299600.0,107.0,0.408,2.6,Too Recent,Repeat Client
P1819,C-TAI-Client-02,TAI-Client-02,Technology and Innovation,Data Visualization & Analytics,2025-08-27,2026-04-27,,Ongoing,High,7,3,4,369900.0,,,,,Too Recent,Referral
P1813,C-TAI-Client-03,TAI-Client-03,Technology and Innovation,Stakeholder Engagement,2025-08-27,2025-12-27,2025-12-30,Completed,Medium,7,3,4,172400.0,175300.0,3.0,0.017,4.1,Too Recent,Referral
P1829,C-TAI-Client-04,TAI-Client-04,Technology and Innovation,Political Risk Management,2025-08-27,2025-11-27,2025-11-29,Completed,Medium,4,1,3,63500.0,65000.0,2.0,0.024,5.0,Too Recent,Repeat Client
P0562,C-CACM-Client-01,CACM-Client-01,Climate and Carbon Markets,Strategic Planning,2025-08-27,2025-09-27,2025-09-28,Completed,Low,4,1,3,21000.0,21800.0,1.0,0.036,4.1,Too Recent,Repeat Client
P0568,C-CACM-Client-04,CACM-Client-04,Climate and Carbon Markets,Stakeholder Engagement,2025-08-28,2025-10-28,2025-11-27,Completed,Low,2,1,1,21700.0,28500.0,30.0,0.314,3.7,Too Recent,Competitive Tender
P1823,C-TAI-Client-08,TAI-Client-08,Technology and Innovation,Political Risk Management,2025-08-28,2025-10-28,2025-11-01,Completed,Medium,4,2,2,43800.0,45900.0,4.0,0.049,4.3,Too Recent,Repeat Client
P1828,C-TAI-Client-06,TAI-Client-06,Technology and Innovation,Data Visualization & Analytics,2025-08-28,2025-09-28,2025-09-28,Completed,Low,2,1,1,8700.0,8700.0,0.0,0.0,4.3,Too Recent,Repeat Client
P0840,C-E-Client-03,E-Client-03,Energy,Stakeholder Engagement,2025-09-01,2025-11-01,2025-12-16,Completed,Low,2,1,1,18900.0,24000.0,45.0,0.269,3.3,Too Recent,Repeat Client
P0833,C-E-Client-04,E-Client-04,Energy,Strategic Planning,2025-09-01,2025-10-01,2025-10-02,Completed,Low,2,1,1,8600.0,8900.0,1.0,0.034,4.6,Too Recent,Referral
P0575,C-CACM-Client-08,CACM-Client-08,Climate and Carbon Markets,Political Risk Management,2025-09-01,2026-06-01,,Ongoing,High,11,3,8,672800.0,,,,,Too Recent,Repeat Client
P1839,C-TAI-Client-05,TAI-Client-05,Technology and Innovation,Political Risk Management,2025-09-02,2026-06-02,,Ongoing,High,15,5,10,865000.0,,,,,Too Recent,Direct Outreach
P1838,C-TAI-Client-03,TAI-Client-03,Technology and Innovation,Stakeholder Engagement,2025-09-02,2026-04-02,,Ongoing,High,7,3,4,302400.0,,,,,Too Recent,Repeat Client
P0584,C-CACM-Client-02,CACM-Client-02,Climate and Carbon Markets,Stakeholder Engagement,2025-09-03,2025-11-03,2025-11-04,Completed,Low,4,2,2,39200.0,39800.0,1.0,0.016,4.4,Too Recent,Competitive Tender
P0582,C-CACM-Client-08,CACM-Client-08,Climate and Carbon Markets,Stakeholder Engagement,2025-09-03,2026-02-03,,Ongoing,High,13,6,7,467800.0,,,,,Too Recent,Direct Outreach
P0573,C-CACM-Client-02,CACM-Client-02,Climate and Carbon Markets,Data Visualization & Analytics,2025-09-04,2025-11-04,2025-11-07,Completed,Low,2,1,1,16900.0,17900.0,3.0,0.06,4.3,Too Recent,Referral
P1043,C-FAI-Client-09,FAI-Client-09,Finance and Insurance,Strategic Planning,2025-09-05,2025-12-05,2025-12-05,Completed,Medium,5,2,3,115400.0,115400.0,0.0,0.0,4.0,Too Recent,Repeat Client
P1834,C-TAI-Client-07,TAI-Client-07,Technology and Innovation,Political Risk Management,2025-09-05,2026-02-05,,Ongoing,Medium,7,2,5,197400.0,,,,,Too Recent,Repeat Client
P1045,C-FAI-Client-01,FAI-Client-01,Finance and Insurance,Digital Transformation,2025-09-06,2025-12-06,2025-12-06,Completed,Low,3,1,2,42800.0,42800.0,0.0,0.0,4.7,Too Recent,Referral
P0570,C-CACM-Client-07,CACM-Client-07,Climate and Carbon Markets,Digital Transformation,2025-09-06,2026-05-06,,Ongoing,High,10,2,8,536600.0,,,,,Too Recent,Repeat Client
P0577,C-CACM-Client-05,CACM-Client-05,Climate and Carbon Markets,Market & Social Research,2025-09-06,2026-02-06,,Ongoing,Medium,4,1,3,111900.0,,,,,Too Recent,Repeat Client
P0842,C-E-Client-07,E-Client-07,Energy,Stakeholder Engagement,2025-09-07,2025-11-07,2025-11-10,Completed,Low,4,2,2,39400.0,40700.0,3.0,0.032,3.9,Too Recent,Competitive Tender
P0834,C-E-Client-01,E-Client-01,Energy,Data Visualization & Analytics,2025-09-08,2025-10-08,2025-10-11,Completed,Low,3,1,2,15200.0,16600.0,3.0,0.092,4.1,Too Recent,Repeat Client
P0576,C-CACM-Client-07,CACM-Client-07,Climate and Carbon Markets,Political Risk Management,2025-09-08,2025-11-08,2025-11-09,Completed,Low,4,2,2,42300.0,42800.0,1.0,0.012,4.3,Too Recent,Repeat Client
P0230,C-A-Client-01,A-Client-01,Agriculture,Political Risk Management,2025-09-09,2025-11-09,2025-11-09,Completed,Low,3,1,2,19900.0,19900.0,0.0,0.0,4.5,Too Recent,Competitive Tender
P1831,C-TAI-Client-02,TAI-Client-02,Technology and Innovation,Data Visualization & Analytics,2025-09-10,2025-12-10,2025-12-11,Completed,Low,2,1,1,27300.0,27600.0,1.0,0.011,4.3,Too Recent,Direct Outreach
P0231,C-A-Client-03,A-Client-03,Agriculture,Strategic Planning,2025-09-10,2025-12-10,2025-12-12,Completed,Low,4,1,3,36900.0,37900.0,2.0,0.027,3.7,Too Recent,Competitive Tender
P1837,C-TAI-Client-03,TAI-Client-03,Technology and Innovation,Political Risk Management,2025-09-11,2026-01-11,,Ongoing,Medium,7,2,5,165600.0,,,,,Too Recent,Referral
P1844,C-TAI-Client-05,TAI-Client-05,Technology and Innovation,Strategic Planning,2025-09-12,2026-02-12,,Ongoing,Medium,5,2,3,140900.0,,,,,Too Recent,Referral
P0580,C-CACM-Client-01,CACM-Client-01,Climate and Carbon Markets,Data Visualization & Analytics,2025-09-12,2025-11-12,2025-12-18,Completed,Medium,4,2,2,40300.0,49600.0,36.0,0.23,3.4,Too Recent,Repeat Client
P0839,C-E-Client-02,E-Client-02,Energy,Data Visualization & Analytics,2025-09-12,2025-12-12,2025-12-14,Completed,Medium,6,2,4,105900.0,107700.0,2.0,0.017,4.8,Too Recent,Referral
P0837,C-E-Client-08,E-Client-08,Energy,Market & Social Research,2025-09-12,2025-11-12,2025-11-13,Completed,Low,4,2,2,45800.0,46400.0,1.0,0.014,3.9,Too Recent,Referral
P1832,C-TAI-Client-06,TAI-Client-06,Technology and Innovation,Digital Transformation,2025-09-12,2025-12-12,2025-12-13,Completed,Low,3,1,2,46300.0,46700.0,1.0,0.009,4.3,Too Recent,Competitive Tender
P1840,C-TAI-Client-05,TAI-Client-05,Technology and Innovation,Digital Transformation,2025-09-13,2025-12-13,2025-12-15,Completed,Low,4,2,2,56400.0,58000.0,2.0,0.028,3.9,Too Recent,Competitive Tender
P0579,C-CACM-Client-07,CACM-Client-07,Climate and Carbon Markets,Data Visualization & Analytics,2025-09-13,2026-06-13,,Ongoing,High,9,4,5,502200.0,,,,,Too Recent,Repeat Client
P1385,C-CEAT-Client-04,CEAT-Client-04,Creative Economy and Tourism,Digital Transformation,2025-09-13,2025-11-13,2025-11-13,Completed,Medium,6,2,4,36400.0,36400.0,0.0,0.0,4.4,Too Recent,Repeat Client
P1830,C-TAI-Client-08,TAI-Client-08,Technology and Innovation,Data Visualization & Analytics,2025-09-14,2025-10-14,2025-10-18,Completed,Low,2,1,1,8700.0,9800.0,4.0,0.129,4.1,Too Recent,Competitive Tender
P0232,C-A-Client-05,A-Client-05,Agriculture,Digital Transformation,2025-09-15,2026-01-15,,Ongoing,Medium,8,4,4,134500.0,,,,,Too Recent,Repeat Client
P0581,C-CACM-Client-02,CACM-Client-02,Climate and Carbon Markets,Market & Social Research,2025-09-15,2026-01-15,,Ongoing,Medium,6,2,4,148600.0,,,,,Too Recent,Competitive Tender
P0836,C-E-Client-01,E-Client-01,Energy,Market & Social Research,2025-09-17,2026-02-17,,Ongoing,Medium,4,1,3,137300.0,,,,,Too Recent,Referral
P1842,C-TAI-Client-07,TAI-Client-07,Technology and Innovation,Political Risk Management,2025-09-17,2025-12-17,2025-12-18,Completed,Low,2,1,1,22700.0,22900.0,1.0,0.008,4.5,Too Recent,Repeat Client
P0583,C-CACM-Client-02,CACM-Client-02,Climate and Carbon Markets,Strategic Planning,2025-09-18,2026-05-18,,Ongoing,High,13,3,10,761000.0,,,,,Too Recent,Referral
P0571,C-CACM-Client-03,CACM-Client-03,Climate and Carbon Markets,Digital Transformation,2025-09-18,2026-03-18,,Ongoing,High,13,3,10,492700.0,,,,,Too Recent,Repeat Client
P1386,C-CEAT-Client-06,CEAT-Client-06,Creative Economy and Tourism,Stakeholder Engagement,2025-09-19,2026-02-19,,Ongoing,Medium,7,3,4,119500.0,,,,,Too Recent,Repeat Client
P0229,C-A-Client-08,A-Client-08,Agriculture,Digital Transformation,2025-09-19,2025-12-19,2026-03-03,Completed,Medium,5,2,3,51900.0,81500.0,74.0,0.57,2.0,Too Recent,Repeat Client
P1044,C-FAI-Client-03,FAI-Client-03,Finance and Insurance,Data Visualization & Analytics,2025-09-19,2025-10-19,2025-10-22,Completed,Low,2,1,1,10800.0,11500.0,3.0,0.068,3.8,Too Recent,Referral
P0574,C-CACM-Client-07,CACM-Client-07,Climate and Carbon Markets,Data Visualization & Analytics,2025-09-20,2025-12-20,2026-01-28,Completed,Low,4,1,3,64300.0,81500.0,39.0,0.267,2.9,Too Recent,Repeat Client
P0585,C-CACM-Client-01,CACM-Client-01,Climate and Carbon Markets,Data Visualization & Analytics,2025-09-20,2026-01-20,,Ongoing,Medium,7,2,5,158000.0,,,,,Too Recent,Direct Outreach
P1843,C-TAI-Client-08,TAI-Client-08,Technology and Innovation,Digital Transformation,2025-09-21,2025-12-21,2025-12-25,Completed,Medium,8,2,6,143000.0,149700.0,4.0,0.047,3.8,Too Recent,Repeat Client
P1833,C-TAI-Client-07,TAI-Client-07,Technology and Innovation,Market & Social Research,2025-09-22,2025-10-22,2025-10-25,Completed,Low,2,1,1,10100.0,11000.0,3.0,0.088,3.9,Too Recent,Repeat Client
P1388,C-CEAT-Client-02,CEAT-Client-02,Creative Economy and Tourism,Stakeholder Engagement,2025-09-23,2026-05-23,,Ongoing,High,14,6,8,540300.0,,,,,Too Recent,Direct Outreach
P0835,C-E-Client-06,E-Client-06,Energy,Political Risk Management,2025-09-23,2025-12-23,2026-01-08,Completed,Medium,6,1,5,98800.0,112200.0,16.0,0.136,4.2,Too Recent,Referral
P0578,C-CACM-Client-05,CACM-Client-05,Climate and Carbon Markets,Market & Social Research,2025-09-23,2025-10-23,2025-11-16,Completed,Low,2,1,1,10900.0,16700.0,24.0,0.529,3.0,Too Recent,Referral
P1387,C-CEAT-Client-02,CEAT-Client-02,Creative Economy and Tourism,Digital Transformation,2025-09-23,2025-10-23,2025-10-26,Completed,Low,2,1,1,5400.0,6000.0,3.0,0.117,4.6,Too Recent,Repeat Client
P1841,C-TAI-Client-01,TAI-Client-01,Technology and Innovation,Data Visualization & Analytics,2025-09-24,2025-11-24,2025-11-28,Completed,Low,3,1,2,25600.0,27200.0,4.0,0.062,4.2,Too Recent,Repeat Client
P0572,C-CACM-Client-06,CACM-Client-06,Climate and Carbon Markets,Strategic Planning,2025-09-24,2025-11-24,2025-11-26,Completed,Medium,8,3,5,83300.0,85300.0,2.0,0.024,4.4,Too Recent,Repeat Client
P1836,C-TAI-Client-02,TAI-Client-02,Technology and Innovation,Strategic Planning,2025-09-25,2025-10-25,2025-10-29,Completed,Low,4,2,2,19600.0,21500.0,4.0,0.099,4.0,Too Recent,Referral
P0841,C-E-Client-04,E-Client-04,Energy,Digital Transformation,2025-09-25,2025-12-25,2025-12-25,Completed,Medium,5,1,4,95300.0,95300.0,0.0,0.0,4.2,Too Recent,Repeat Client
P1042,C-FAI-Client-04,FAI-Client-04,Finance and Insurance,Strategic Planning,2025-09-27,2026-02-27,,Ongoing,Medium,4,1,3,147900.0,,,,,Too Recent,Repeat Client
P0838,C-E-Client-09,E-Client-09,Energy,Data Visualization & Analytics,2025-09-28,2025-11-28,2026-01-17,Completed,Low,4,1,3,36600.0,57200.0,50.0,0.563,2.1,Too Recent,Direct Outreach
P1835,C-TAI-Client-08,TAI-Client-08,Technology and Innovation,Market & Social Research,2025-09-28,2026-01-28,,Ongoing,Medium,4,1,3,73900.0,,,,,Too Recent,Competitive Tender
P0843,C-E-Client-08,E-Client-08,Energy,Market & Social Research,2025-10-01,2026-01-01,,Ongoing,Low,2,1,1,35800.0,,,,,Too Recent,Repeat Client
P1845,C-TAI-Client-07,TAI-Client-07,Technology and Innovation,Digital Transformation,2025-10-02,2026-01-02,,Ongoing,Low,3,1,2,33900.0,,,,,Too Recent,Direct Outreach
P1847,C-TAI-Client-05,TAI-Client-05,Technology and Innovation,Stakeholder Engagement,2025-10-03,2026-01-03,,Ongoing,Low,4,1,3,57600.0,,,,,Too Recent,Repeat Client
P0589,C-CACM-Client-05,CACM-Client-05,Climate and Carbon Markets,Political Risk Management,2025-10-03,2025-11-03,2025-11-10,Completed,Low,3,1,2,13900.0,16800.0,7.0,0.208,3.7,Too Recent,Repeat Client
P1391,C-CEAT-Client-07,CEAT-Client-07,Creative Economy and Tourism,Data Visualization & Analytics,2025-10-03,2026-01-03,,Ongoing,Low,2,1,1,19000.0,,,,,Too Recent,Repeat Client
P1852,C-TAI-Client-01,TAI-Client-01,Technology and Innovation,Political Risk Management,2025-10-04,2026-03-04,,Ongoing,Medium,6,3,3,148300.0,,,,,Too Recent,Referral
P0592,C-CACM-Client-01,CACM-Client-01,Climate and Carbon Markets,Political Risk Management,2025-10-04,2026-01-04,,Ongoing,Medium,6,1,5,106200.0,,,,,Too Recent,Repeat Client
P1857,C-TAI-Client-07,TAI-Client-07,Technology and Innovation,Strategic Planning,2025-10-04,2026-03-04,,Ongoing,High,13,6,7,486100.0,,,,,Too Recent,Repeat Client
P0591,C-CACM-Client-04,CACM-Client-04,Climate and Carbon Markets,Political Risk Management,2025-10-08,2026-03-08,,Ongoing,Medium,8,3,5,260500.0,,,,,Too Recent,Repeat Client
P0845,C-E-Client-07,E-Client-07,Energy,Political Risk Management,2025-10-09,2026-02-09,,Ongoing,Medium,6,2,4,151800.0,,,,,Too Recent,Repeat Client
P0588,C-CACM-Client-08,CACM-Client-08,Climate and Carbon Markets,Market & Social Research,2025-10-09,2026-02-09,,Ongoing,Medium,6,2,4,118100.0,,,,,Too Recent,Referral
P1851,C-TAI-Client-01,TAI-Client-01,Technology and Innovation,Digital Transformation,2025-10-09,2026-02-09,,Ongoing,Medium,4,2,2,79600.0,,,,,Too Recent,Direct Outreach
P1854,C-TAI-Client-03,TAI-Client-03,Technology and Innovation,Digital Transformation,2025-10-10,2026-02-10,,Ongoing,Medium,8,3,5,200000.0,,,,,Too Recent,Referral
P0590,C-CACM-Client-06,CACM-Client-06,Climate and Carbon Markets,Data Visualization & Analytics,2025-10-10,2026-03-10,,Ongoing,Medium,4,1,3,127100.0,,,,,Too Recent,Repeat Client
P1853,C-TAI-Client-04,TAI-Client-04,Technology and Innovation,Data Visualization & Analytics,2025-10-11,2026-01-11,,Ongoing,Medium,8,4,4,144200.0,,,,,Too Recent,Repeat Client
P1848,C-TAI-Client-01,TAI-Client-01,Technology and Innovation,Strategic Planning,2025-10-11,2026-01-11,,Ongoing,Low,2,1,1,22600.0,,,,,Too Recent,Repeat Client
P0593,C-CACM-Client-08,CACM-Client-08,Climate and Carbon Markets,Data Visualization & Analytics,2025-10-11,2026-03-11,,Ongoing,Medium,6,3,3,186300.0,,,,,Too Recent,Repeat Client
P0596,C-CACM-Client-08,CACM-Client-08,Climate and Carbon Markets,Stakeholder Engagement,2025-10-13,2026-02-13,,Ongoing,Medium,6,1,5,128500.0,,,,,Too Recent,Repeat Client
P1855,C-TAI-Client-02,TAI-Client-02,Technology and Innovation,Data Visualization & Analytics,2025-10-13,2026-06-13,,Ongoing,High,10,3,7,531700.0,,,,,Too Recent,Repeat Client
P0234,C-A-Client-04,A-Client-04,Agriculture,Political Risk Management,2025-10-13,2026-03-13,,Ongoing,Medium,4,1,3,81100.0,,,,,Too Recent,Repeat Client
P0594,C-CACM-Client-06,CACM-Client-06,Climate and Carbon Markets,Stakeholder Engagement,2025-10-14,2026-01-14,,Ongoing,Medium,6,2,4,93400.0,,,,,Too Recent,Repeat Client
P1850,C-TAI-Client-01,TAI-Client-01,Technology and Innovation,Data Visualization & Analytics,2025-10-14,2026-01-14,,Ongoing,Low,2,1,1,30200.0,,,,,Too Recent,Repeat Client
P0586,C-CACM-Client-04,CACM-Client-04,Climate and Carbon Markets,Stakeholder Engagement,2025-10-14,2026-03-14,,Ongoing,Medium,4,1,3,128400.0,,,,,Too Recent,Repeat Client
P0233,C-A-Client-05,A-Client-05,Agriculture,Market & Social Research,2025-10-14,2026-02-14,,Ongoing,Medium,7,2,5,122000.0,,,,,Too Recent,Competitive Tender
P0847,C-E-Client-10,E-Client-10,Energy,Political Risk Management,2025-10-15,2026-02-15,,Ongoing,Medium,8,2,6,190900.0,,,,,Too Recent,Repeat Client
P1047,C-FAI-Client-03,FAI-Client-03,Finance and Insurance,Market & Social Research,2025-10-15,2026-03-15,,Ongoing,Medium,7,3,4,199800.0,,,,,Too Recent,Repeat Client
P0587,C-CACM-Client-03,CACM-Client-03,Climate and Carbon Markets,Market & Social Research,2025-10-17,2026-03-17,,Ongoing,High,13,4,9,471600.0,,,,,Too Recent,Referral
P1856,C-TAI-Client-06,TAI-Client-06,Technology and Innovation,Political Risk Management,2025-10-17,2026-01-17,,Ongoing,Low,2,1,1,24500.0,,,,,Too Recent,Referral
P0235,C-A-Client-05,A-Client-05,Agriculture,Digital Transformation,2025-10-19,2025-12-19,2025-12-22,Completed,Low,4,1,3,26700.0,27500.0,3.0,0.031,4.1,Too Recent,Repeat Client
P1389,C-CEAT-Client-09,CEAT-Client-09,Creative Economy and Tourism,Strategic Planning,2025-10-20,2026-03-20,,Ongoing,Medium,6,2,4,102100.0,,,,,Too Recent,Repeat Client
P0844,C-E-Client-01,E-Client-01,Energy,Market & Social Research,2025-10-21,2026-01-21,,Ongoing,Medium,8,4,4,170100.0,,,,,Too Recent,Repeat Client
P0595,C-CACM-Client-06,CACM-Client-06,Climate and Carbon Markets,Market & Social Research,2025-10-23,2026-03-23,,Ongoing,High,14,4,10,424500.0,,,,,Too Recent,Referral
P1846,C-TAI-Client-05,TAI-Client-05,Technology and Innovation,Market & Social Research,2025-10-24,2026-01-24,,Ongoing,Medium,8,4,4,140900.0,,,,,Too Recent,Referral
P1046,C-FAI-Client-02,FAI-Client-02,Finance and Insurance,Market & Social Research,2025-10-24,2026-07-24,,Ongoing,High,11,3,8,947500.0,,,,,Too Recent,Repeat Client
P1212,C-PS-Client-02,PS-Client-02,Public Sector,Digital Transformation,2025-10-24,2026-01-24,,Ongoing,Low,3,1,2,33900.0,,,,,Too Recent,Referral
P1849,C-TAI-Client-05,TAI-Client-05,Technology and Innovation,Digital Transformation,2025-10-26,2026-02-26,,Ongoing,Medium,5,2,3,93500.0,,,,,Too Recent,Referral
P1390,C-CEAT-Client-05,CEAT-Client-05,Creative Economy and Tourism,Political Risk Management,2025-10-27,2025-12-27,2025-12-27,Completed,Low,2,1,1,10600.0,10600.0,0.0,0.0,4.1,Too Recent,Referral
P1048,C-FAI-Client-03,FAI-Client-03,Finance and Insurance,Stakeholder Engagement,2025-10-27,2026-03-27,,Ongoing,Medium,8,2,6,275100.0,,,,,Too Recent,Repeat Client
P1049,C-FAI-Client-09,FAI-Client-09,Finance and Insurance,Data Visualization & Analytics,2025-10-27,2026-01-27,,Ongoing,Medium,8,2,6,140600.0,,,,,Too Recent,Repeat Client
P0846,C-E-Client-05,E-Client-05,Energy,Market & Social Research,2025-10-28,2026-04-28,,Ongoing,High,14,6,8,633800.0,,,,,Too Recent,Repeat Client
P1858,C-TAI-Client-03,TAI-Client-03,Technology and Innovation,Political Risk Management,2025-11-03,2025-12-03,2025-12-04,Completed,Low,3,1,2,15100.0,15700.0,1.0,0.041,4.7,Too Recent,Repeat Client
P1394,C-CEAT-Client-05,CEAT-Client-05,Creative Economy and Tourism,Political Risk Management,2025-11-05,2026-04-05,,Ongoing,Medium,8,3,5,129100.0,,,,,Too Recent,Repeat Client
P1866,C-TAI-Client-02,TAI-Client-02,Technology and Innovation,Stakeholder Engagement,2025-11-06,2026-02-06,,Ongoing,Low,3,1,2,45400.0,,,,,Too Recent,Repeat Client
P1050,C-FAI-Client-06,FAI-Client-06,Finance and Insurance,Political Risk Management,2025-11-06,2026-02-06,,Ongoing,Low,4,2,2,62200.0,,,,,Too Recent,Repeat Client
P1872,C-TAI-Client-02,TAI-Client-02,Technology and Innovation,Stakeholder Engagement,2025-11-06,2026-04-06,,Ongoing,Medium,4,2,2,96900.0,,,,,Too Recent,Direct Outreach
P1865,C-TAI-Client-01,TAI-Client-01,Technology and Innovation,Digital Transformation,2025-11-07,2026-01-07,,Ongoing,Low,3,1,2,28900.0,,,,,Too Recent,Referral
P1859,C-TAI-Client-06,TAI-Client-06,Technology and Innovation,Digital Transformation,2025-11-07,2026-04-07,,Ongoing,Medium,4,1,3,108000.0,,,,,Too Recent,Direct Outreach
P0599,C-CACM-Client-03,CACM-Client-03,Climate and Carbon Markets,Digital Transformation,2025-11-07,2026-02-07,,Ongoing,Low,4,1,3,66200.0,,,,,Too Recent,Repeat Client
P0610,C-CACM-Client-04,CACM-Client-04,Climate and Carbon Markets,Political Risk Management,2025-11-09,2025-12-09,2026-01-06,Completed,Low,4,1,3,21000.0,27200.0,28.0,0.293,2.6,Too Recent,Repeat Client
P0603,C-CACM-Client-07,CACM-Client-07,Climate and Carbon Markets,Strategic Planning,2025-11-09,2026-02-09,,Ongoing,Medium,7,2,5,103000.0,,,,,Too Recent,Referral
P0850,C-E-Client-08,E-Client-08,Energy,Strategic Planning,2025-11-10,2026-03-10,,Ongoing,Medium,4,2,2,102000.0,,,,,Too Recent,Repeat Client
P0851,C-E-Client-05,E-Client-05,Energy,Data Visualization & Analytics,2025-11-11,2026-05-11,,Ongoing,High,12,6,6,626900.0,,,,,Too Recent,Competitive Tender
P1869,C-TAI-Client-05,TAI-Client-05,Technology and Innovation,Data Visualization & Analytics,2025-11-12,2026-01-12,,Ongoing,Low,3,1,2,28300.0,,,,,Too Recent,Competitive Tender
P1873,C-TAI-Client-07,TAI-Client-07,Technology and Innovation,Political Risk Management,2025-11-12,2025-12-12,2025-12-16,Completed,Low,2,1,1,9800.0,11200.0,4.0,0.139,4.5,Too Recent,Referral
P0611,C-CACM-Client-03,CACM-Client-03,Climate and Carbon Markets,Data Visualization & Analytics,2025-11-12,2026-06-12,,Ongoing,High,14,6,8,805100.0,,,,,Too Recent,Competitive Tender
P1052,C-FAI-Client-01,FAI-Client-01,Finance and Insurance,Market & Social Research,2025-11-13,2026-02-13,,Ongoing,Medium,4,1,3,72000.0,,,,,Too Recent,Repeat Client
P1871,C-TAI-Client-05,TAI-Client-05,Technology and Innovation,Market & Social Research,2025-11-14,2025-12-14,2025-12-17,Completed,Low,3,1,2,13300.0,14400.0,3.0,0.081,3.4,Too Recent,Referral
P0604,C-CACM-Client-07,CACM-Client-07,Climate and Carbon Markets,Stakeholder Engagement,2025-11-15,2026-04-15,,Ongoing,Medium,8,2,6,238700.0,,,,,Too Recent,Competitive Tender
P1870,C-TAI-Client-03,TAI-Client-03,Technology and Innovation,Stakeholder Engagement,2025-11-16,2026-01-16,,Ongoing,Medium,5,2,3,54300.0,,,,,Too Recent,Repeat Client
P1392,C-CEAT-Client-04,CEAT-Client-04,Creative Economy and Tourism,Market & Social Research,2025-11-16,2026-01-16,,Ongoing,Medium,4,1,3,29000.0,,,,,Too Recent,Repeat Client
P0605,C-CACM-Client-01,CACM-Client-01,Climate and Carbon Markets,Data Visualization & Analytics,2025-11-17,2026-02-17,,Ongoing,Low,3,1,2,41800.0,,,,,Too Recent,Repeat Client
P1863,C-TAI-Client-08,TAI-Client-08,Technology and Innovation,Market & Social Research,2025-11-17,2026-02-17,,Ongoing,Medium,7,3,4,109200.0,,,,,Too Recent,Repeat Client
P1053,C-FAI-Client-07,FAI-Client-07,Finance and Insurance,Market & Social Research,2025-11-17,2026-02-17,,Ongoing,Low,4,1,3,74600.0,,,,,Too Recent,Repeat Client
P1860,C-TAI-Client-07,TAI-Client-07,Technology and Innovation,Data Visualization & Analytics,2025-11-17,2026-01-17,,Ongoing,Low,4,2,2,31600.0,,,,,Too Recent,Repeat Client
P0853,C-E-Client-10,E-Client-10,Energy,Political Risk Management,2025-11-17,2025-12-17,2025-12-19,Completed,Low,2,1,1,10500.0,11200.0,2.0,0.065,4.4,Too Recent,Referral
P0848,C-E-Client-09,E-Client-09,Energy,Digital Transformation,2025-11-19,2026-01-19,,Ongoing,Medium,4,1,3,56900.0,,,,,Too Recent,Repeat Client
P1393,C-CEAT-Client-03,CEAT-Client-03,Creative Economy and Tourism,Digital Transformation,2025-11-19,2026-02-19,,Ongoing,Low,2,1,1,17000.0,,,,,Too Recent,Competitive Tender
P1868,C-TAI-Client-03,TAI-Client-03,Technology and Innovation,Strategic Planning,2025-11-19,2026-03-19,,Ongoing,Medium,4,2,2,84400.0,,,,,Too Recent,Repeat Client
P1874,C-TAI-Client-08,TAI-Client-08,Technology and Innovation,Data Visualization & Analytics,2025-11-19,2026-03-19,,Ongoing,Medium,8,3,5,178400.0,,,,,Too Recent,Repeat Client
P1213,C-PS-Client-07,PS-Client-07,Public Sector,Strategic Planning,2025-11-19,2026-03-19,,Ongoing,Medium,7,2,5,117500.0,,,,,Too Recent,Repeat Client
P1861,C-TAI-Client-07,TAI-Client-07,Technology and Innovation,Political Risk Management,2025-11-19,2026-01-19,,Ongoing,Low,4,2,2,32200.0,,,,,Too Recent,Repeat Client
P1051,C-FAI-Client-04,FAI-Client-04,Finance and Insurance,Political Risk Management,2025-11-20,2026-02-20,,Ongoing,Low,2,1,1,35800.0,,,,,Too Recent,Repeat Client
P0608,C-CACM-Client-07,CACM-Client-07,Climate and Carbon Markets,Data Visualization & Analytics,2025-11-20,2025-12-20,2026-01-04,Completed,Low,4,2,2,19100.0,25100.0,15.0,0.315,2.9,Too Recent,Referral
P1055,C-FAI-Client-09,FAI-Client-09,Finance and Insurance,Strategic Planning,2025-11-20,2025-12-20,2025-12-21,Completed,Low,4,1,3,23900.0,24900.0,1.0,0.04,4.4,Too Recent,Repeat Client
P1054,C-FAI-Client-08,FAI-Client-08,Finance and Insurance,Stakeholder Engagement,2025-11-20,2025-12-20,2025-12-23,Completed,Low,2,1,1,12700.0,13700.0,3.0,0.082,4.2,Too Recent,Competitive Tender
P0852,C-E-Client-04,E-Client-04,Energy,Market & Social Research,2025-11-21,2026-08-21,,Ongoing,High,11,4,7,793600.0,,,,,Too Recent,Referral
P0602,C-CACM-Client-05,CACM-Client-05,Climate and Carbon Markets,Market & Social Research,2025-11-22,2026-06-22,,Ongoing,High,9,4,5,455700.0,,,,,Too Recent,Competitive Tender
P1864,C-TAI-Client-02,TAI-Client-02,Technology and Innovation,Digital Transformation,2025-11-23,2026-02-23,,Ongoing,Low,4,2,2,51100.0,,,,,Too Recent,Repeat Client
P0606,C-CACM-Client-02,CACM-Client-02,Climate and Carbon Markets,Strategic Planning,2025-11-23,2026-02-23,,Ongoing,Low,4,2,2,48800.0,,,,,Too Recent,Repeat Client
P1862,C-TAI-Client-03,TAI-Client-03,Technology and Innovation,Market & Social Research,2025-11-23,2026-06-23,,Ongoing,High,13,5,8,701900.0,,,,,Too Recent,Referral
P0607,C-CACM-Client-03,CACM-Client-03,Climate and Carbon Markets,Digital Transformation,2025-11-25,2026-04-25,,Ongoing,High,12,5,7,500900.0,,,,,Too Recent,Referral
P0600,C-CACM-Client-04,CACM-Client-04,Climate and Carbon Markets,Political Risk Management,2025-11-25,2026-01-25,,Ongoing,Medium,7,2,5,93700.0,,,,,Too Recent,Competitive Tender
P1875,C-TAI-Client-03,TAI-Client-03,Technology and Innovation,Market & Social Research,2025-11-26,2026-06-26,,Ongoing,High,14,7,7,663300.0,,,,,Too Recent,Referral
P0609,C-CACM-Client-01,CACM-Client-01,Climate and Carbon Markets,Strategic Planning,2025-11-26,2026-04-26,,Ongoing,Medium,4,2,2,109200.0,,,,,Too Recent,Repeat Client
P0597,C-CACM-Client-07,CACM-Client-07,Climate and Carbon Markets,Data Visualization & Analytics,2025-11-26,2026-02-26,,Ongoing,Medium,6,3,3,112500.0,,,,,Too Recent,Direct Outreach
P0601,C-CACM-Client-02,CACM-Client-02,Climate and Carbon Markets,Political Risk Management,2025-11-26,2026-01-26,,Ongoing,Low,4,1,3,33900.0,,,,,Too Recent,Direct Outreach
P0598,C-CACM-Client-02,CACM-Client-02,Climate and Carbon Markets,Stakeholder Engagement,2025-11-27,2026-06-27,,Ongoing,High,12,5,7,683400.0,,,,,Too Recent,Repeat Client
P0849,C-E-Client-10,E-Client-10,Energy,Stakeholder Engagement,2025-11-27,2026-03-27,,Ongoing,Medium,8,2,6,217000.0,,,,,Too Recent,Repeat Client
P1867,C-TAI-Client-02,TAI-Client-02,Technology and Innovation,Data Visualization & Analytics,2025-11-28,2026-06-28,,Ongoing,High,8,2,6,326700.0,,,,,Too Recent,Direct Outreach
P0612,C-CACM-Client-05,CACM-Client-05,Climate and Carbon Markets,Political Risk Management,2025-12-01,2026-02-01,,Ongoing,Low,2,1,1,20700.0,,,,,Too Recent,Direct Outreach
P0623,C-CACM-Client-04,CACM-Client-04,Climate and Carbon Markets,Data Visualization & Analytics,2025-12-01,2026-09-01,,Ongoing,High,10,4,6,562800.0,,,,,Too Recent,Repeat Client
P0237,C-A-Client-01,A-Client-01,Agriculture,Stakeholder Engagement,2025-12-01,2026-03-01,,Ongoing,Low,4,2,2,34300.0,,,,,Too Recent,Referral
P1881,C-TAI-Client-05,TAI-Client-05,Technology and Innovation,Stakeholder Engagement,2025-12-01,2026-03-01,,Ongoing,Low,4,1,3,46800.0,,,,,Too Recent,Repeat Client
P1894,C-TAI-Client-05,TAI-Client-05,Technology and Innovation,Political Risk Management,2025-12-01,2026-03-01,,Ongoing,Low,2,1,1,25100.0,,,,,Too Recent,Competitive Tender
P1888,C-TAI-Client-06,TAI-Client-06,Technology and Innovation,Political Risk Management,2025-12-02,2026-02-02,,Ongoing,Low,2,1,1,20700.0,,,,,Too Recent,Referral
P0617,C-CACM-Client-06,CACM-Client-06,Climate and Carbon Markets,Digital Transformation,2025-12-02,2026-02-02,,Ongoing,Medium,4,1,3,39700.0,,,,,Too Recent,Competitive Tender
P0613,C-CACM-Client-03,CACM-Client-03,Climate and Carbon Markets,Data Visualization & Analytics,2025-12-03,2026-01-03,,Ongoing,Low,4,1,3,22500.0,,,,,Too Recent,Repeat Client
P1056,C-FAI-Client-03,FAI-Client-03,Finance and Insurance,Stakeholder Engagement,2025-12-03,2026-02-03,,Ongoing,Low,4,1,3,48100.0,,,,,Too Recent,Referral
P1895,C-TAI-Client-07,TAI-Client-07,Technology and Innovation,Data Visualization & Analytics,2025-12-04,2026-02-04,,Ongoing,Low,2,1,1,19900.0,,,,,Too Recent,Competitive Tender
P0618,C-CACM-Client-03,CACM-Client-03,Climate and Carbon Markets,Stakeholder Engagement,2025-12-04,2026-03-04,,Ongoing,Medium,5,1,4,83600.0,,,,,Too Recent,Referral
P0626,C-CACM-Client-06,CACM-Client-06,Climate and Carbon Markets,Stakeholder Engagement,2025-12-04,2026-04-04,,Ongoing,Medium,7,3,4,175300.0,,,,,Too Recent,Repeat Client
P1214,C-PS-Client-07,PS-Client-07,Public Sector,Stakeholder Engagement,2025-12-06,2026-05-06,,Ongoing,High,15,7,8,480200.0,,,,,Too Recent,Competitive Tender
P1889,C-TAI-Client-06,TAI-Client-06,Technology and Innovation,Political Risk Management,2025-12-06,2026-02-06,,Ongoing,Low,2,1,1,20000.0,,,,,Too Recent,Competitive Tender
P1891,C-TAI-Client-03,TAI-Client-03,Technology and Innovation,Data Visualization & Analytics,2025-12-06,2026-02-06,,Ongoing,Low,2,1,1,16700.0,,,,,Too Recent,Repeat Client
P0625,C-CACM-Client-04,CACM-Client-04,Climate and Carbon Markets,Political Risk Management,2025-12-06,2026-04-06,,Ongoing,Medium,6,1,5,136200.0,,,,,Too Recent,Repeat Client
P0619,C-CACM-Client-07,CACM-Client-07,Climate and Carbon Markets,Political Risk Management,2025-12-06,2026-02-06,,Ongoing,Low,4,1,3,43400.0,,,,,Too Recent,Repeat Client
P1879,C-TAI-Client-01,TAI-Client-01,Technology and Innovation,Digital Transformation,2025-12-08,2026-02-08,,Ongoing,Low,3,1,2,27600.0,,,,,Too Recent,Repeat Client
P1897,C-TAI-Client-04,TAI-Client-04,Technology and Innovation,Political Risk Management,2025-12-08,2026-03-08,,Ongoing,Low,4,2,2,49400.0,,,,,Too Recent,Referral
P0630,C-CACM-Client-03,CACM-Client-03,Climate and Carbon Markets,Data Visualization & Analytics,2025-12-08,2026-02-08,,Ongoing,Low,2,1,1,18800.0,,,,,Too Recent,Repeat Client
P1059,C-FAI-Client-06,FAI-Client-06,Finance and Insurance,Stakeholder Engagement,2025-12-08,2026-05-08,,Ongoing,Medium,7,3,4,244100.0,,,,,Too Recent,Repeat Client
P0620,C-CACM-Client-03,CACM-Client-03,Climate and Carbon Markets,Digital Transformation,2025-12-08,2026-05-08,,Ongoing,Medium,5,2,3,168700.0,,,,,Too Recent,Referral
P0861,C-E-Client-02,E-Client-02,Energy,Market & Social Research,2025-12-09,2026-03-09,,Cancelled,Medium,6,3,3,116900.0,116900.0,,,,N/A,Direct Outreach
P1890,C-TAI-Client-02,TAI-Client-02,Technology and Innovation,Stakeholder Engagement,2025-12-09,2026-02-09,,Ongoing,Medium,4,2,2,39500.0,,,,,Too Recent,Repeat Client
P1896,C-TAI-Client-01,TAI-Client-01,Technology and Innovation,Market & Social Research,2025-12-09,2026-07-09,,Ongoing,High,8,3,5,424200.0,,,,,Too Recent,Repeat Client
P0860,C-E-Client-03,E-Client-03,Energy,Digital Transformation,2025-12-10,2026-02-10,,Ongoing,Medium,7,3,4,86700.0,,,,,Too Recent,Referral
P0236,C-A-Client-07,A-Client-07,Agriculture,Data Visualization & Analytics,2025-12-10,2026-01-10,,Ongoing,Low,4,1,3,14800.0,,,,,Too Recent,Repeat Client
P0614,C-CACM-Client-04,CACM-Client-04,Climate and Carbon Markets,Stakeholder Engagement,2025-12-10,2026-06-10,,Ongoing,High,14,7,7,503100.0,,,,,Too Recent,Repeat Client
P1396,C-CEAT-Client-07,CEAT-Client-07,Creative Economy and Tourism,Digital Transformation,2025-12-11,2026-06-11,,Ongoing,High,11,5,6,242900.0,,,,,Too Recent,Repeat Client
P1215,C-PS-Client-09,PS-Client-09,Public Sector,Stakeholder Engagement,2025-12-11,2026-09-11,,Ongoing,High,9,4,5,449600.0,,,,,Too Recent,Repeat Client
P1397,C-CEAT-Client-01,CEAT-Client-01,Creative Economy and Tourism,Stakeholder Engagement,2025-12-12,2026-01-12,,Ongoing,Low,4,2,2,13500.0,,,,,Too Recent,Repeat Client
P1058,C-FAI-Client-09,FAI-Client-09,Finance and Insurance,Political Risk Management,2025-12-12,2026-01-12,,Ongoing,Low,4,2,2,23600.0,,,,,Too Recent,Repeat Client
P0628,C-CACM-Client-05,CACM-Client-05,Climate and Carbon Markets,Stakeholder Engagement,2025-12-12,2026-07-12,,Ongoing,High,9,3,6,439500.0,,,,,Too Recent,Competitive Tender
P0862,C-E-Client-05,E-Client-05,Energy,Political Risk Management,2025-12-12,2026-01-12,,Ongoing,Low,4,1,3,23600.0,,,,,Too Recent,Competitive Tender
P0627,C-CACM-Client-02,CACM-Client-02,Climate and Carbon Markets,Data Visualization & Analytics,2025-12-13,2026-03-13,,Ongoing,Low,3,1,2,44500.0,,,,,Too Recent,Repeat Client
P0856,C-E-Client-10,E-Client-10,Energy,Digital Transformation,2025-12-13,2026-03-13,,Ongoing,Low,2,1,1,28700.0,,,,,Too Recent,Repeat Client
P1880,C-TAI-Client-03,TAI-Client-03,Technology and Innovation,Digital Transformation,2025-12-15,2026-04-15,,Ongoing,Medium,4,1,3,79900.0,,,,,Too Recent,Repeat Client
P1877,C-TAI-Client-06,TAI-Client-06,Technology and Innovation,Strategic Planning,2025-12-15,2026-01-15,,Ongoing,Low,4,2,2,15700.0,,,,,Too Recent,Repeat Client
P0615,C-CACM-Client-02,CACM-Client-02,Climate and Carbon Markets,Political Risk Management,2025-12-16,2026-04-16,,Ongoing,Medium,7,2,5,181300.0,,,,,Too Recent,Direct Outreach
P0855,C-E-Client-07,E-Client-07,Energy,Political Risk Management,2025-12-16,2026-04-16,,Ongoing,Medium,6,3,3,158700.0,,,,,Too Recent,Competitive Tender
P1398,C-CEAT-Client-05,CEAT-Client-05,Creative Economy and Tourism,Strategic Planning,2025-12-17,2026-05-17,,Ongoing,Medium,5,1,4,105400.0,,,,,Too Recent,Repeat Client
P1876,C-TAI-Client-08,TAI-Client-08,Technology and Innovation,Digital Transformation,2025-12-17,2026-03-17,,Ongoing,Low,3,1,2,37300.0,,,,,Too Recent,Repeat Client
P1884,C-TAI-Client-01,TAI-Client-01,Technology and Innovation,Strategic Planning,2025-12-17,2026-05-17,,Ongoing,High,14,5,9,402300.0,,,,,Too Recent,Competitive Tender
P0858,C-E-Client-09,E-Client-09,Energy,Data Visualization & Analytics,2025-12-18,2026-05-18,,Ongoing,Medium,6,2,4,203700.0,,,,,Too Recent,Referral
P1057,C-FAI-Client-09,FAI-Client-09,Finance and Insurance,Political Risk Management,2025-12-18,2026-04-18,,Ongoing,High,13,6,7,418000.0,,,,,Too Recent,Repeat Client
P0629,C-CACM-Client-06,CACM-Client-06,Climate and Carbon Markets,Strategic Planning,2025-12-19,2026-04-19,,Ongoing,High,9,3,6,230600.0,,,,,Too Recent,Repeat Client
P0857,C-E-Client-04,E-Client-04,Energy,Digital Transformation,2025-12-19,2026-01-19,,Ongoing,Low,3,1,2,17100.0,,,,,Too Recent,Referral
P1395,C-CEAT-Client-04,CEAT-Client-04,Creative Economy and Tourism,Digital Transformation,2025-12-20,2026-05-20,,Ongoing,Medium,5,2,3,101300.0,,,,,Too Recent,Repeat Client
P0622,C-CACM-Client-07,CACM-Client-07,Climate and Carbon Markets,Political Risk Management,2025-12-20,2026-01-20,,Ongoing,Low,3,1,2,13200.0,,,,,Too Recent,Direct Outreach
P1883,C-TAI-Client-01,TAI-Client-01,Technology and Innovation,Stakeholder Engagement,2025-12-20,2026-03-20,,Ongoing,Low,4,2,2,44800.0,,,,,Too Recent,Repeat Client
P1882,C-TAI-Client-02,TAI-Client-02,Technology and Innovation,Market & Social Research,2025-12-21,2026-01-21,,Ongoing,Low,4,2,2,18700.0,,,,,Too Recent,Direct Outreach
P1893,C-TAI-Client-06,TAI-Client-06,Technology and Innovation,Market & Social Research,2025-12-22,2026-01-22,,Ongoing,Low,2,1,1,8300.0,,,,,Too Recent,Repeat Client
P0621,C-CACM-Client-01,CACM-Client-01,Climate and Carbon Markets,Digital Transformation,2025-12-22,2026-02-22,,Ongoing,Low,3,1,2,31600.0,,,,,Too Recent,Repeat Client
P0854,C-E-Client-01,E-Client-01,Energy,Digital Transformation,2025-12-22,2026-04-22,,Ongoing,Medium,5,1,4,126100.0,,,,,Too Recent,Repeat Client
P1885,C-TAI-Client-01,TAI-Client-01,Technology and Innovation,Data Visualization & Analytics,2025-12-22,2026-03-22,,Ongoing,Low,2,1,1,24600.0,,,,,Too Recent,Competitive Tender
P0616,C-CACM-Client-02,CACM-Client-02,Climate and Carbon Markets,Data Visualization & Analytics,2025-12-24,2026-05-24,,Ongoing,Medium,6,1,5,172400.0,,,,,Too Recent,Repeat Client
P0238,C-A-Client-04,A-Client-04,Agriculture,Stakeholder Engagement,2025-12-24,2026-02-24,,Ongoing,Low,3,1,2,21400.0,,,,,Too Recent,Referral
P0624,C-CACM-Client-02,CACM-Client-02,Climate and Carbon Markets,Stakeholder Engagement,2025-12-25,2026-02-25,,Ongoing,Medium,8,2,6,79000.0,,,,,Too Recent,Repeat Client
P1892,C-TAI-Client-05,TAI-Client-05,Technology and Innovation,Political Risk Management,2025-12-25,2026-02-25,,Ongoing,Medium,5,2,3,60900.0,,,,,Too Recent,Repeat Client
P1886,C-TAI-Client-08,TAI-Client-08,Technology and Innovation,Strategic Planning,2025-12-26,2026-01-26,,Ongoing,Low,2,1,1,8400.0,,,,,Too Recent,Competitive Tender
P1060,C-FAI-Client-03,FAI-Client-03,Finance and Insurance,Data Visualization & Analytics,2025-12-26,2026-02-26,,Ongoing,Medium,7,2,5,81700.0,,,,,Too Recent,Repeat Client
P1878,C-TAI-Client-07,TAI-Client-07,Technology and Innovation,Political Risk Management,2025-12-26,2026-03-26,,Ongoing,Low,4,1,3,60100.0,,,,,Too Recent,Repeat Client
P1887,C-TAI-Client-07,TAI-Client-07,Technology and Innovation,Stakeholder Engagement,2025-12-26,2026-08-26,,Ongoing,High,12,3,9,716500.0,,,,,Too Recent,Referral
P0859,C-E-Client-09,E-Client-09,Energy,Market & Social Research,2025-12-28,2026-01-28,,Ongoing,Low,4,2,2,22800.0,,,,,Too Recent,Competitive Tender
