project_id,client_id,sector,region,client_type,delivery_mode,start_date,end_date,duration_months,contract_value_usd,status,team_headcount,billable_hours,margin_pct
PRJ-00007,CLI-0285,Public Sector,EMEA,New,Remote,2021-01-01,2021-02-01,1,255500.0,Completed,2,277,0.2185
PRJ-00026,CLI-0127,Energy & Utilities,APAC,Existing,On-site,2021-01-01,2021-06-01,5,262100.0,Completed,1,787,0.2838
PRJ-00021,CLI-0040,Financial Services,APAC,New,Hybrid,2021-01-02,2021-05-02,4,159900.0,Completed,2,1068,0.3013
PRJ-00017,CLI-0059,Financial Services,North America,Existing,Hybrid,2021-01-02,2021-02-02,1,315900.0,Completed,5,645,0.3405
PRJ-00019,CLI-0122,Energy & Utilities,North America,Existing,Remote,2021-01-03,2021-08-03,7,386000.0,Completed,5,5293,0.2849
PRJ-00022,CLI-0392,Energy & Utilities,EMEA,New,Hybrid,2021-01-04,2021-06-04,5,148000.0,Completed,3,2132,0.3393
PRJ-00002,CLI-0119,Public Sector,North America,Existing,Hybrid,2021-01-04,2021-06-04,5,197100.0,Completed,2,1173,0.245
PRJ-00024,CLI-0233,Technology & Telecom,LATAM,New,On-site,2021-01-05,2021-05-05,4,616800.0,Completed,8,4142,0.373
PRJ-00003,CLI-0349,Manufacturing,LATAM,Existing,On-site,2021-01-09,2021-09-09,8,616000.0,Completed,8,8038,0.269
PRJ-00004,CLI-0183,Financial Services,North America,Existing,Remote,2021-01-09,2021-03-09,2,225300.0,Completed,4,1221,0.2717
PRJ-00011,CLI-0174,Public Sector,APAC,Existing,Remote,2021-01-09,2021-06-09,5,663400.0,Completed,5,3323,0.429
PRJ-00006,CLI-0252,Financial Services,North America,Existing,On-site,2021-01-11,2021-03-11,2,232700.0,Completed,3,937,0.2796
PRJ-00005,CLI-0157,Energy & Utilities,APAC,Existing,On-site,2021-01-12,2021-06-12,5,311400.0,Completed,3,2320,0.1842
PRJ-00013,CLI-0049,Technology & Telecom,North America,New,Hybrid,2021-01-13,2021-05-13,4,298200.0,Cancelled,3,1379,0.313
PRJ-00008,CLI-0052,Healthcare,North America,New,Remote,2021-01-13,2021-06-13,5,221600.0,Completed,2,1345,0.3177
PRJ-00020,CLI-0394,Retail & Consumer,LATAM,New,Hybrid,2021-01-15,2021-05-15,4,235500.0,Completed,2,1114,0.3246
PRJ-00009,CLI-0234,Financial Services,LATAM,Existing,Remote,2021-01-17,2021-06-17,5,250000.0,Completed,3,1970,0.4562
PRJ-00016,CLI-0270,Public Sector,North America,Existing,Hybrid,2021-01-18,2021-05-18,4,276200.0,Completed,3,1628,0.383
PRJ-00010,CLI-0330,Financial Services,EMEA,Existing,Remote,2021-01-18,2021-05-18,4,143100.0,Completed,1,593,0.1297
PRJ-00014,CLI-0368,Public Sector,North America,Existing,Hybrid,2021-01-21,2021-04-21,3,251200.0,Cancelled,3,1114,0.3901
PRJ-00018,CLI-0399,Technology & Telecom,APAC,New,Hybrid,2021-01-23,2021-07-23,6,272400.0,Completed,4,3278,0.4021
PRJ-00023,CLI-0321,Public Sector,EMEA,New,Hybrid,2021-01-23,2021-06-23,5,272400.0,Completed,3,1794,0.3068
PRJ-00012,CLI-0028,Financial Services,North America,New,Hybrid,2021-01-25,2021-08-25,7,1022000.0,Completed,13,11508,0.2628
PRJ-00025,CLI-0268,Public Sector,North America,New,Hybrid,2021-01-25,2021-03-25,2,699200.0,Completed,7,1583,0.3717
PRJ-00015,CLI-0043,Healthcare,LATAM,New,Remote,2021-01-26,2021-08-26,7,245800.0,Cancelled,3,2456,0.3449
PRJ-00001,CLI-0140,Public Sector,EMEA,Existing,On-site,2021-01-27,2021-05-27,4,276700.0,Completed,3,1796,0.291
PRJ-00028,CLI-0114,Manufacturing,APAC,Existing,Remote,2021-02-01,2021-07-01,5,167700.0,Completed,1,575,0.2072
PRJ-00048,CLI-0262,Technology & Telecom,APAC,Existing,Hybrid,2021-02-03,2021-05-03,3,255400.0,Cancelled,3,1287,0.313
PRJ-00045,CLI-0122,Retail & Consumer,EMEA,New,Remote,2021-02-05,2021-09-05,7,103600.0,Completed,1,827,0.1903
PRJ-00033,CLI-0331,Healthcare,APAC,New,Remote,2021-02-07,2021-09-07,7,306400.0,Completed,3,2703,0.2956
PRJ-00044,CLI-0405,Healthcare,EMEA,Existing,Remote,2021-02-08,2021-05-08,3,78400.0,Completed,2,873,0.1976
PRJ-00037,CLI-0005,Technology & Telecom,EMEA,New,Remote,2021-02-10,2021-08-10,6,352100.0,Completed,5,3599,0.3428
PRJ-00046,CLI-0411,Financial Services,APAC,New,On-site,2021-02-10,2021-08-10,6,326700.0,Completed,5,4125,0.2354
PRJ-00029,CLI-0039,Manufacturing,North America,Existing,Remote,2021-02-11,2021-06-11,4,379800.0,Completed,3,1773,0.2668
PRJ-00030,CLI-0243,Financial Services,EMEA,Existing,On-site,2021-02-12,2021-08-12,6,251100.0,Completed,4,2860,0.2708
PRJ-00049,CLI-0359,Manufacturing,APAC,Existing,On-site,2021-02-12,2021-09-12,7,156600.0,Completed,1,973,0.2583
PRJ-00027,CLI-0017,Technology & Telecom,North America,New,Remote,2021-02-13,2021-07-13,5,612000.0,Completed,6,4381,0.2864
PRJ-00040,CLI-0273,Financial Services,APAC,Existing,Hybrid,2021-02-16,2021-06-16,4,327500.0,Completed,4,2064,0.3295
PRJ-00035,CLI-0141,Manufacturing,North America,New,On-site,2021-02-16,2021-05-16,3,219900.0,Completed,1,339,0.1406
PRJ-00043,CLI-0004,Retail & Consumer,APAC,Existing,Remote,2021-02-16,2021-06-16,4,93500.0,Completed,1,627,0.3735
PRJ-00036,CLI-0051,Financial Services,EMEA,New,Hybrid,2021-02-19,2021-03-19,1,212000.0,Completed,5,736,0.2408
PRJ-00050,CLI-0144,Manufacturing,EMEA,Existing,Remote,2021-02-19,2021-04-19,2,324600.0,Completed,6,1510,0.2564
PRJ-00038,CLI-0060,Manufacturing,North America,Existing,On-site,2021-02-19,2021-10-19,8,456200.0,Completed,7,8203,0.2981
PRJ-00041,CLI-0358,Financial Services,EMEA,Existing,On-site,2021-02-20,2021-06-20,4,334800.0,Completed,3,1809,0.1929
PRJ-00034,CLI-0219,Financial Services,APAC,Existing,On-site,2021-02-21,2021-05-21,3,285600.0,Completed,2,808,0.3229
PRJ-00032,CLI-0016,Financial Services,EMEA,New,Hybrid,2021-02-26,2021-05-26,3,177200.0,Completed,3,1244,0.3043
PRJ-00039,CLI-0019,Financial Services,North America,Existing,Remote,2021-02-27,2021-03-27,1,239400.0,Completed,2,278,0.1124
PRJ-00047,CLI-0021,Retail & Consumer,APAC,New,On-site,2021-02-27,2021-03-27,1,84100.0,Completed,1,147,0.2235
PRJ-00031,CLI-0117,Retail & Consumer,North America,Existing,Hybrid,2021-02-27,2021-08-27,6,185200.0,Completed,2,1693,0.302
PRJ-00042,CLI-0386,Public Sector,EMEA,New,Hybrid,2021-02-28,2021-06-28,4,251000.0,Completed,4,1938,0.2688
PRJ-00064,CLI-0335,Energy & Utilities,North America,New,Remote,2021-03-01,2021-08-01,5,397800.0,Completed,3,2288,0.2519
PRJ-00070,CLI-0203,Healthcare,APAC,Existing,Remote,2021-03-01,2021-09-01,6,290100.0,Completed,1,705,0.2791
PRJ-00077,CLI-0136,Healthcare,APAC,New,Remote,2021-03-01,2021-08-01,5,281500.0,Completed,3,2047,0.3035
PRJ-00053,CLI-0022,Energy & Utilities,North America,Existing,Hybrid,2021-03-02,2021-08-02,5,718800.0,Completed,9,6476,0.2163
PRJ-00075,CLI-0395,Public Sector,EMEA,Existing,On-site,2021-03-02,2021-07-02,4,246700.0,Completed,2,1077,0.2681
PRJ-00071,CLI-0414,Healthcare,North America,Existing,Remote,2021-03-03,2021-05-03,2,283200.0,Completed,2,475,0.3671
PRJ-00057,CLI-0240,Energy & Utilities,APAC,Existing,Remote,2021-03-03,2021-07-03,4,683700.0,Completed,7,4225,0.4058
PRJ-00073,CLI-0320,Public Sector,North America,Existing,Remote,2021-03-04,2021-07-04,4,339200.0,Completed,3,1415,0.2642
PRJ-00069,CLI-0042,Retail & Consumer,EMEA,Existing,Hybrid,2021-03-06,2021-07-06,4,127100.0,Completed,1,486,0.186
PRJ-00063,CLI-0233,Healthcare,North America,New,Hybrid,2021-03-06,2021-08-06,5,174900.0,Completed,3,2070,0.2707
PRJ-00056,CLI-0064,Financial Services,North America,Existing,Hybrid,2021-03-06,2021-09-06,6,394900.0,Completed,4,2710,0.3344
PRJ-00079,CLI-0388,Healthcare,EMEA,Existing,On-site,2021-03-06,2021-07-06,4,529700.0,Completed,6,3773,0.2621
PRJ-00076,CLI-0400,Manufacturing,North America,Existing,On-site,2021-03-06,2021-10-06,7,275900.0,Completed,3,2886,0.1994
PRJ-00055,CLI-0136,Public Sector,North America,New,Hybrid,2021-03-07,2021-04-07,1,272600.0,Completed,2,246,0.2998
PRJ-00058,CLI-0386,Financial Services,APAC,Existing,Hybrid,2021-03-07,2021-06-07,3,324500.0,Completed,6,2318,0.2155
PRJ-00085,CLI-0120,Retail & Consumer,EMEA,New,Hybrid,2021-03-08,2021-08-08,5,169900.0,Completed,2,1369,0.1324
PRJ-00084,CLI-0009,Retail & Consumer,North America,New,Hybrid,2021-03-09,2021-05-09,2,277800.0,Completed,2,605,0.2068
PRJ-00054,CLI-0048,Technology & Telecom,APAC,Existing,Remote,2021-03-09,2021-06-09,3,370000.0,Cancelled,4,1614,0.1706
PRJ-00083,CLI-0177,Public Sector,EMEA,Existing,Hybrid,2021-03-10,2021-07-10,4,301900.0,Completed,3,1588,0.2802
PRJ-00072,CLI-0228,Technology & Telecom,North America,New,Hybrid,2021-03-12,2021-06-12,3,255900.0,Completed,2,905,0.2327
PRJ-00062,CLI-0250,Public Sector,APAC,Existing,Hybrid,2021-03-13,2021-08-13,5,203500.0,Completed,1,567,0.3497
PRJ-00081,CLI-0144,Retail & Consumer,APAC,New,Remote,2021-03-15,2021-08-15,5,243500.0,Completed,3,1715,0.1817
PRJ-00059,CLI-0174,Healthcare,EMEA,Existing,Remote,2021-03-15,2021-10-15,7,449000.0,Completed,5,4483,0.2859
PRJ-00068,CLI-0197,Healthcare,North America,New,Remote,2021-03-15,2021-09-15,6,217400.0,Completed,3,2131,0.3036
PRJ-00074,CLI-0174,Manufacturing,North America,Existing,Hybrid,2021-03-19,2021-08-19,5,196200.0,Completed,3,2262,0.3805
PRJ-00065,CLI-0084,Technology & Telecom,APAC,Existing,Remote,2021-03-20,2021-05-20,2,299800.0,Completed,1,304,0.2822
PRJ-00082,CLI-0278,Healthcare,EMEA,Existing,Hybrid,2021-03-22,2021-09-22,6,223300.0,Completed,5,4372,0.2723
PRJ-00080,CLI-0266,Financial Services,EMEA,New,Hybrid,2021-03-23,2021-08-23,5,284200.0,Completed,2,1452,0.3573
PRJ-00060,CLI-0134,Financial Services,EMEA,Existing,Remote,2021-03-24,2021-10-24,7,702900.0,Completed,7,5829,0.2035
PRJ-00078,CLI-0065,Healthcare,APAC,Existing,Remote,2021-03-24,2021-08-24,5,117800.0,Completed,1,640,0.2461
PRJ-00051,CLI-0201,Manufacturing,EMEA,Existing,Remote,2021-03-25,2021-10-25,7,397400.0,Completed,4,3383,0.3354
PRJ-00061,CLI-0007,Energy & Utilities,EMEA,Existing,Hybrid,2021-03-26,2021-12-26,9,425700.0,Completed,4,5504,0.2831
PRJ-00066,CLI-0240,Manufacturing,APAC,Existing,On-site,2021-03-27,2021-05-27,2,328800.0,Completed,3,890,0.2572
PRJ-00052,CLI-0182,Public Sector,EMEA,Existing,Hybrid,2021-03-27,2021-10-27,7,327900.0,Completed,2,1601,0.1176
PRJ-00067,CLI-0159,Public Sector,North America,Existing,Hybrid,2021-03-28,2022-01-28,10,670900.0,Completed,7,8880,0.5025
PRJ-00093,CLI-0062,Retail & Consumer,APAC,Existing,Hybrid,2021-04-01,2021-05-01,1,182300.0,Completed,2,299,0.3767
PRJ-00100,CLI-0090,Energy & Utilities,North America,New,Hybrid,2021-04-01,2021-06-01,2,276400.0,Completed,2,482,0.2728
PRJ-00103,CLI-0243,Healthcare,EMEA,Existing,On-site,2021-04-03,2021-09-03,5,190700.0,Completed,1,675,0.2861
PRJ-00090,CLI-0411,Manufacturing,APAC,Existing,Remote,2021-04-04,2021-11-04,7,331000.0,Completed,4,3215,0.3164
PRJ-00089,CLI-0178,Energy & Utilities,EMEA,New,On-site,2021-04-05,2021-09-05,5,562600.0,Completed,7,4965,0.2341
PRJ-00095,CLI-0074,Energy & Utilities,North America,Existing,Remote,2021-04-05,2021-11-05,7,352700.0,Completed,5,4154,0.2407
PRJ-00107,CLI-0251,Technology & Telecom,North America,Existing,On-site,2021-04-06,2021-11-06,7,485300.0,Cancelled,7,6378,0.3061
PRJ-00094,CLI-0212,Public Sector,North America,New,On-site,2021-04-06,2021-08-06,4,278400.0,Completed,1,489,0.242
PRJ-00104,CLI-0082,Technology & Telecom,EMEA,Existing,Remote,2021-04-07,2021-12-07,8,465800.0,Completed,4,4116,0.2428
PRJ-00087,CLI-0059,Healthcare,EMEA,Existing,Hybrid,2021-04-07,2021-09-07,5,473600.0,Completed,5,3936,0.2161
PRJ-00088,CLI-0412,Technology & Telecom,North America,New,Remote,2021-04-09,2021-09-09,5,276700.0,Completed,3,1870,0.2877
PRJ-00092,CLI-0225,Energy & Utilities,EMEA,Existing,Remote,2021-04-09,2021-07-09,3,356400.0,Cancelled,4,1586,0.2635
PRJ-00102,CLI-0052,Healthcare,North America,Existing,Hybrid,2021-04-12,2021-10-12,6,89800.0,Completed,2,1634,0.3348
PRJ-00097,CLI-0012,Retail & Consumer,APAC,New,Hybrid,2021-04-13,2021-08-13,4,428700.0,Completed,2,994,0.2102
PRJ-00113,CLI-0059,Healthcare,LATAM,New,On-site,2021-04-13,2021-09-13,5,120900.0,Completed,1,776,0.2989
PRJ-00086,CLI-0247,Public Sector,North America,Existing,Remote,2021-04-13,2021-08-13,4,288700.0,Completed,2,1210,0.2349
PRJ-00101,CLI-0151,Public Sector,North America,Existing,On-site,2021-04-15,2021-09-15,5,184300.0,Completed,1,762,0.2301
PRJ-00106,CLI-0040,Retail & Consumer,North America,New,Remote,2021-04-15,2021-07-15,3,187300.0,Completed,2,733,0.2487
PRJ-00112,CLI-0195,Energy & Utilities,EMEA,Existing,Hybrid,2021-04-15,2021-12-15,8,496600.0,Completed,5,5178,0.1706
PRJ-00115,CLI-0127,Healthcare,North America,New,Hybrid,2021-04-16,2021-08-16,4,177800.0,Cancelled,3,1802,0.3047
PRJ-00105,CLI-0165,Technology & Telecom,North America,Existing,Hybrid,2021-04-21,2021-05-21,1,159700.0,Completed,4,533,0.3011
PRJ-00099,CLI-0073,Public Sector,EMEA,Existing,On-site,2021-04-22,2021-08-22,4,322700.0,Completed,5,3092,0.3325
PRJ-00098,CLI-0114,Healthcare,North America,Existing,Remote,2021-04-22,2021-09-22,5,264300.0,Completed,4,2859,0.3243
PRJ-00110,CLI-0079,Manufacturing,LATAM,Existing,Hybrid,2021-04-24,2021-06-24,2,196800.0,Completed,1,298,0.3328
PRJ-00108,CLI-0237,Manufacturing,APAC,Existing,Hybrid,2021-04-26,2021-09-26,5,549300.0,Completed,3,2023,0.3357
PRJ-00111,CLI-0156,Energy & Utilities,APAC,Existing,On-site,2021-04-27,2021-10-27,6,730300.0,Completed,9,8111,0.3083
PRJ-00091,CLI-0175,Financial Services,APAC,Existing,On-site,2021-04-27,2021-10-27,6,217800.0,Completed,2,1615,0.2632
PRJ-00096,CLI-0367,Technology & Telecom,EMEA,Existing,Remote,2021-04-27,2021-08-27,4,699100.0,Completed,7,3514,0.1745
PRJ-00114,CLI-0366,Manufacturing,LATAM,New,On-site,2021-04-28,2021-08-28,4,356300.0,Completed,4,1826,0.2431
PRJ-00109,CLI-0157,Manufacturing,LATAM,Existing,Remote,2021-04-28,2021-10-28,6,262200.0,Completed,2,1768,0.131
PRJ-00130,CLI-0365,Technology & Telecom,North America,Existing,On-site,2021-05-01,2021-07-01,2,323100.0,Completed,3,920,0.2503
PRJ-00128,CLI-0189,Manufacturing,North America,Existing,Remote,2021-05-06,2021-09-06,4,375400.0,Completed,6,2890,0.2652
PRJ-00129,CLI-0115,Retail & Consumer,LATAM,New,Hybrid,2021-05-06,2021-11-06,6,481900.0,Completed,6,4648,0.1622
PRJ-00116,CLI-0409,Technology & Telecom,North America,Existing,On-site,2021-05-07,2022-01-07,8,424500.0,Completed,4,4156,0.1574
PRJ-00133,CLI-0072,Financial Services,North America,New,On-site,2021-05-07,2021-07-07,2,411000.0,Cancelled,4,1045,0.1837
PRJ-00126,CLI-0084,Financial Services,North America,Existing,Hybrid,2021-05-08,2021-10-08,5,269000.0,Completed,3,2201,0.3344
PRJ-00123,CLI-0200,Financial Services,APAC,New,Hybrid,2021-05-08,2021-09-08,4,279400.0,Completed,3,1772,0.3827
PRJ-00127,CLI-0115,Retail & Consumer,APAC,Existing,Remote,2021-05-11,2021-08-11,3,227400.0,Completed,2,865,0.2552
PRJ-00124,CLI-0279,Healthcare,APAC,Existing,Hybrid,2021-05-13,2022-01-13,8,569300.0,Completed,5,5265,0.3492
PRJ-00131,CLI-0208,Retail & Consumer,APAC,Existing,Remote,2021-05-14,2021-09-14,4,75100.0,Completed,2,1201,0.4206
PRJ-00122,CLI-0201,Healthcare,LATAM,Existing,Hybrid,2021-05-15,2021-07-15,2,145400.0,Completed,1,246,0.2699
PRJ-00125,CLI-0313,Technology & Telecom,North America,Existing,Remote,2021-05-17,2021-09-17,4,195900.0,Completed,2,1169,0.2666
PRJ-00132,CLI-0367,Technology & Telecom,North America,New,Hybrid,2021-05-19,2021-09-19,4,245000.0,Completed,3,1495,0.3755
PRJ-00117,CLI-0188,Public Sector,North America,New,Hybrid,2021-05-21,2021-08-21,3,327000.0,Completed,3,1076,0.149
PRJ-00119,CLI-0085,Energy & Utilities,North America,Existing,Hybrid,2021-05-23,2021-09-23,4,429300.0,Completed,3,1862,0.3758
PRJ-00120,CLI-0159,Financial Services,EMEA,New,On-site,2021-05-24,2021-10-24,5,496400.0,Completed,6,3808,0.2927
PRJ-00136,CLI-0017,Public Sector,North America,New,On-site,2021-05-25,2021-11-25,6,103800.0,Completed,2,1398,0.2716
PRJ-00118,CLI-0411,Energy & Utilities,APAC,Existing,Hybrid,2021-05-25,2022-01-25,8,558400.0,Cancelled,6,5537,0.2394
PRJ-00121,CLI-0071,Technology & Telecom,EMEA,Existing,Remote,2021-05-26,2021-10-26,5,499900.0,Completed,4,2698,0.2966
PRJ-00134,CLI-0112,Retail & Consumer,LATAM,Existing,Hybrid,2021-05-28,2021-09-28,4,282300.0,Completed,2,1193,0.2142
PRJ-00135,CLI-0182,Public Sector,North America,Existing,Hybrid,2021-05-28,2021-10-28,5,390400.0,Completed,5,3238,0.1782
PRJ-00138,CLI-0397,Energy & Utilities,EMEA,Existing,Remote,2021-06-01,2021-12-01,6,464000.0,Completed,3,2348,0.2268
PRJ-00147,CLI-0267,Healthcare,APAC,Existing,Remote,2021-06-04,2021-07-04,1,212900.0,Completed,5,664,0.2982
PRJ-00140,CLI-0328,Retail & Consumer,APAC,New,Remote,2021-06-04,2021-12-04,6,202600.0,Completed,3,2735,0.2657
PRJ-00137,CLI-0078,Financial Services,North America,Existing,Hybrid,2021-06-05,2022-01-05,7,176100.0,Completed,2,2147,0.2531
PRJ-00142,CLI-0285,Manufacturing,LATAM,New,Hybrid,2021-06-09,2021-10-09,4,360600.0,Completed,4,2492,0.3326
PRJ-00139,CLI-0386,Energy & Utilities,EMEA,Existing,Remote,2021-06-11,2022-03-11,9,760200.0,Completed,10,10330,0.3554
PRJ-00149,CLI-0030,Manufacturing,EMEA,New,Remote,2021-06-11,2022-02-11,8,151100.0,Completed,2,2396,0.243
PRJ-00141,CLI-0050,Manufacturing,APAC,New,Hybrid,2021-06-12,2021-07-12,1,230300.0,Completed,2,277,0.2675
PRJ-00150,CLI-0220,Financial Services,North America,New,On-site,2021-06-13,2021-08-13,2,329300.0,Completed,5,1335,0.2667
PRJ-00146,CLI-0364,Technology & Telecom,North America,Existing,Remote,2021-06-15,2021-10-15,4,362800.0,Completed,4,2361,0.4462
PRJ-00145,CLI-0209,Energy & Utilities,North America,New,Remote,2021-06-17,2021-09-17,3,351600.0,Completed,3,1025,0.2701
PRJ-00143,CLI-0200,Technology & Telecom,North America,New,Remote,2021-06-19,2022-01-19,7,371500.0,Completed,4,4253,0.2997
PRJ-00144,CLI-0127,Energy & Utilities,North America,Existing,Remote,2021-06-22,2021-11-22,5,476000.0,Completed,6,4264,0.2292
PRJ-00151,CLI-0354,Energy & Utilities,North America,Existing,Hybrid,2021-06-23,2021-11-23,5,870800.0,Completed,8,4640,0.302
PRJ-00148,CLI-0244,Manufacturing,North America,Existing,On-site,2021-06-28,2021-09-28,3,101700.0,Completed,1,462,0.243
PRJ-00170,CLI-0356,Manufacturing,APAC,Existing,Hybrid,2021-07-01,2021-11-01,4,111100.0,Completed,2,1243,0.26
PRJ-00166,CLI-0357,Energy & Utilities,North America,New,Remote,2021-07-02,2022-03-02,8,500300.0,Completed,5,5529,0.2578
PRJ-00162,CLI-0252,Manufacturing,North America,Existing,Hybrid,2021-07-06,2021-09-06,2,187200.0,Completed,3,804,0.3798
PRJ-00171,CLI-0065,Healthcare,EMEA,Existing,Hybrid,2021-07-08,2021-10-08,3,205800.0,Cancelled,2,713,0.2499
PRJ-00155,CLI-0174,Healthcare,LATAM,New,On-site,2021-07-09,2021-11-09,4,202700.0,Completed,3,1620,0.2828
PRJ-00156,CLI-0106,Public Sector,APAC,New,Remote,2021-07-10,2021-12-10,5,287300.0,Completed,4,3141,0.3139
PRJ-00163,CLI-0008,Manufacturing,North America,New,Hybrid,2021-07-11,2021-08-11,1,201100.0,Completed,1,147,0.1707
PRJ-00154,CLI-0324,Public Sector,EMEA,Existing,Hybrid,2021-07-11,2021-08-11,1,287300.0,Cancelled,3,358,0.2406
PRJ-00157,CLI-0222,Public Sector,APAC,New,Hybrid,2021-07-11,2021-10-11,3,440200.0,Completed,6,2823,0.2187
PRJ-00161,CLI-0338,Manufacturing,North America,Existing,Hybrid,2021-07-13,2022-01-13,6,466400.0,Cancelled,5,4595,0.254
PRJ-00165,CLI-0008,Energy & Utilities,LATAM,New,Hybrid,2021-07-15,2022-02-15,7,512000.0,Completed,5,5139,0.2471
PRJ-00153,CLI-0388,Healthcare,North America,Existing,On-site,2021-07-15,2021-12-15,5,77700.0,Completed,2,1328,0.3011
PRJ-00167,CLI-0199,Financial Services,North America,Existing,Hybrid,2021-07-15,2021-11-15,4,122800.0,Completed,1,582,0.3406
PRJ-00168,CLI-0309,Healthcare,LATAM,Existing,Hybrid,2021-07-15,2021-08-15,1,157600.0,Completed,2,302,0.2326
PRJ-00159,CLI-0358,Public Sector,North America,Existing,Hybrid,2021-07-15,2021-09-15,2,377300.0,Completed,4,1099,0.2531
PRJ-00152,CLI-0210,Technology & Telecom,North America,New,Hybrid,2021-07-16,2022-01-16,6,190300.0,Completed,1,818,0.2015
PRJ-00158,CLI-0230,Public Sector,North America,Existing,On-site,2021-07-18,2021-12-18,5,153600.0,Completed,2,1309,0.3835
PRJ-00169,CLI-0415,Energy & Utilities,APAC,Existing,Hybrid,2021-07-19,2021-10-19,3,224600.0,Completed,1,383,0.219
PRJ-00172,CLI-0259,Retail & Consumer,North America,Existing,Remote,2021-07-20,2021-08-20,1,186700.0,Completed,1,113,0.3903
PRJ-00160,CLI-0028,Financial Services,EMEA,Existing,Hybrid,2021-07-20,2021-12-20,5,254800.0,Completed,2,1507,0.3075
PRJ-00164,CLI-0104,Financial Services,LATAM,New,On-site,2021-07-20,2021-10-20,3,174800.0,Completed,1,393,0.2485
PRJ-00173,CLI-0223,Public Sector,APAC,Existing,Remote,2021-07-24,2021-10-24,3,257600.0,Cancelled,3,1152,0.2236
PRJ-00174,CLI-0253,Manufacturing,North America,New,Hybrid,2021-07-28,2021-12-28,5,274100.0,Completed,3,2114,0.2428
PRJ-00194,CLI-0039,Public Sector,EMEA,New,Hybrid,2021-08-01,2021-11-01,3,440400.0,Completed,5,2030,0.2346
PRJ-00183,CLI-0015,Energy & Utilities,North America,Existing,On-site,2021-08-04,2021-12-04,4,274700.0,Completed,5,3021,0.2241
PRJ-00179,CLI-0219,Financial Services,North America,Existing,On-site,2021-08-04,2021-12-04,4,320500.0,Completed,5,2263,0.3171
PRJ-00182,CLI-0183,Healthcare,APAC,New,On-site,2021-08-05,2021-12-05,4,240200.0,Completed,4,2469,0.1534
PRJ-00176,CLI-0014,Financial Services,North America,Existing,Hybrid,2021-08-06,2022-01-06,5,381400.0,Completed,3,1810,0.2104
PRJ-00189,CLI-0203,Healthcare,North America,Existing,Hybrid,2021-08-08,2022-02-08,6,406600.0,Completed,8,7408,0.2283
PRJ-00181,CLI-0318,Retail & Consumer,APAC,New,Remote,2021-08-09,2022-02-09,6,103000.0,Completed,1,819,0.2359
PRJ-00190,CLI-0080,Public Sector,North America,New,Hybrid,2021-08-09,2022-01-09,5,215200.0,Completed,3,1733,0.3222
PRJ-00193,CLI-0247,Technology & Telecom,EMEA,Existing,Remote,2021-08-09,2022-03-09,7,346500.0,Completed,3,3113,0.3228
PRJ-00180,CLI-0116,Energy & Utilities,North America,Existing,On-site,2021-08-10,2021-12-10,4,155500.0,Completed,2,1039,0.1291
PRJ-00187,CLI-0237,Financial Services,North America,Existing,Hybrid,2021-08-10,2022-02-10,6,957100.0,Cancelled,9,8058,0.2545
PRJ-00188,CLI-0394,Technology & Telecom,North America,Existing,On-site,2021-08-12,2022-01-12,5,227200.0,Completed,3,2084,0.3274
PRJ-00184,CLI-0112,Technology & Telecom,North America,Existing,Hybrid,2021-08-13,2022-02-13,6,501200.0,Completed,5,3740,0.2951
PRJ-00177,CLI-0196,Healthcare,North America,Existing,Hybrid,2021-08-13,2021-11-13,3,536300.0,Completed,6,2198,0.2872
PRJ-00185,CLI-0109,Energy & Utilities,North America,New,Remote,2021-08-14,2021-12-14,4,263200.0,Completed,5,2759,0.3096
PRJ-00186,CLI-0407,Financial Services,North America,Existing,Remote,2021-08-14,2021-11-14,3,239100.0,Completed,3,1081,0.3023
PRJ-00192,CLI-0107,Energy & Utilities,EMEA,Existing,Remote,2021-08-16,2022-01-16,5,241600.0,Completed,2,1407,0.2649
PRJ-00195,CLI-0354,Technology & Telecom,EMEA,New,On-site,2021-08-17,2021-11-17,3,345700.0,Cancelled,4,1467,0.433
PRJ-00191,CLI-0399,Financial Services,North America,Existing,On-site,2021-08-23,2021-09-23,1,122600.0,Completed,1,127,0.4208
PRJ-00175,CLI-0212,Public Sector,LATAM,Existing,On-site,2021-08-25,2021-10-25,2,261100.0,Completed,3,906,0.2944
PRJ-00178,CLI-0101,Technology & Telecom,LATAM,New,Hybrid,2021-08-27,2022-03-27,7,560300.0,Completed,5,4893,0.2378
PRJ-00196,CLI-0170,Healthcare,EMEA,Existing,Hybrid,2021-09-01,2022-03-01,6,164300.0,Completed,1,731,0.412
PRJ-00208,CLI-0086,Healthcare,EMEA,Existing,Hybrid,2021-09-01,2022-02-01,5,368700.0,Completed,2,1147,0.2672
PRJ-00211,CLI-0304,Financial Services,LATAM,Existing,Hybrid,2021-09-02,2021-12-02,3,117800.0,Completed,1,357,0.3594
PRJ-00224,CLI-0061,Technology & Telecom,EMEA,New,Remote,2021-09-03,2022-06-03,9,317300.0,Completed,4,4619,0.2724
PRJ-00225,CLI-0208,Financial Services,North America,New,Remote,2021-09-04,2022-03-04,6,282800.0,Completed,5,4593,0.2832
PRJ-00226,CLI-0178,Energy & Utilities,APAC,Existing,Hybrid,2021-09-05,2022-02-05,5,292900.0,Completed,4,2467,0.3248
PRJ-00213,CLI-0022,Manufacturing,EMEA,New,On-site,2021-09-06,2022-01-06,4,321000.0,Completed,4,2198,0.3318
PRJ-00227,CLI-0181,Financial Services,EMEA,New,Remote,2021-09-06,2021-12-06,3,398400.0,Completed,6,2186,0.3478
PRJ-00209,CLI-0270,Financial Services,EMEA,Existing,Remote,2021-09-06,2022-01-06,4,521600.0,Completed,6,3355,0.1647
PRJ-00231,CLI-0211,Manufacturing,North America,New,Hybrid,2021-09-07,2022-03-07,6,208800.0,Completed,4,3069,0.2322
PRJ-00234,CLI-0097,Financial Services,North America,New,Hybrid,2021-09-09,2022-01-09,4,312800.0,Completed,6,2967,0.1472
PRJ-00200,CLI-0201,Retail & Consumer,EMEA,Existing,Hybrid,2021-09-09,2022-01-09,4,232300.0,Completed,3,1492,0.3083
PRJ-00197,CLI-0348,Manufacturing,North America,Existing,On-site,2021-09-09,2022-02-09,5,285200.0,Completed,3,2274,0.4394
PRJ-00219,CLI-0120,Healthcare,EMEA,Existing,Remote,2021-09-10,2022-03-10,6,100100.0,Cancelled,1,800,0.3139
PRJ-00210,CLI-0038,Manufacturing,North America,Existing,Hybrid,2021-09-10,2022-04-10,7,222700.0,Completed,1,1048,0.375
PRJ-00222,CLI-0002,Public Sector,APAC,New,Hybrid,2021-09-10,2022-01-10,4,395100.0,Completed,4,2125,0.318
PRJ-00221,CLI-0229,Energy & Utilities,APAC,Existing,On-site,2021-09-11,2022-01-11,4,853900.0,Completed,11,5192,0.318
PRJ-00202,CLI-0064,Financial Services,North America,New,Hybrid,2021-09-13,2022-01-13,4,166900.0,Cancelled,2,1255,0.3384
PRJ-00205,CLI-0176,Manufacturing,LATAM,Existing,On-site,2021-09-14,2022-02-14,5,180900.0,Completed,4,2463,0.2529
PRJ-00217,CLI-0291,Energy & Utilities,EMEA,Existing,Hybrid,2021-09-15,2022-02-15,5,492200.0,Completed,4,2953,0.2775
PRJ-00218,CLI-0143,Energy & Utilities,EMEA,Existing,Hybrid,2021-09-15,2022-03-15,6,655300.0,Completed,6,4568,0.2267
PRJ-00198,CLI-0306,Healthcare,North America,Existing,On-site,2021-09-15,2022-01-15,4,448600.0,Completed,6,3632,0.2275
PRJ-00230,CLI-0339,Financial Services,North America,Existing,Hybrid,2021-09-16,2022-01-16,4,224100.0,Completed,1,534,0.3377
PRJ-00233,CLI-0014,Technology & Telecom,EMEA,New,Hybrid,2021-09-16,2022-03-16,6,680300.0,Completed,6,4913,0.2738
PRJ-00220,CLI-0254,Public Sector,EMEA,Existing,Remote,2021-09-19,2022-01-19,4,341600.0,Cancelled,6,3407,0.3363
PRJ-00201,CLI-0129,Manufacturing,EMEA,Existing,Remote,2021-09-20,2022-03-20,6,499200.0,Completed,6,5463,0.3829
PRJ-00204,CLI-0317,Technology & Telecom,LATAM,Existing,Hybrid,2021-09-20,2022-03-20,6,522600.0,Completed,3,2475,0.3027
PRJ-00223,CLI-0384,Retail & Consumer,EMEA,New,Remote,2021-09-21,2021-10-21,1,327900.0,Completed,4,621,0.3085
PRJ-00199,CLI-0099,Financial Services,North America,New,Remote,2021-09-21,2021-12-21,3,224800.0,Completed,2,807,0.2809
PRJ-00232,CLI-0311,Public Sector,APAC,Existing,Remote,2021-09-22,2022-04-22,7,271100.0,Completed,3,2846,0.211
PRJ-00214,CLI-0400,Technology & Telecom,EMEA,Existing,Hybrid,2021-09-22,2022-03-22,6,321500.0,Completed,3,2787,0.2221
PRJ-00206,CLI-0322,Public Sector,APAC,New,Remote,2021-09-22,2022-04-22,7,261100.0,Completed,1,809,0.2311
PRJ-00216,CLI-0155,Energy & Utilities,EMEA,New,Hybrid,2021-09-23,2022-04-23,7,811400.0,Completed,8,8602,0.3209
PRJ-00228,CLI-0371,Healthcare,APAC,Existing,Remote,2021-09-24,2022-05-24,8,419800.0,Completed,5,6023,0.4311
PRJ-00203,CLI-0151,Healthcare,EMEA,Existing,Hybrid,2021-09-24,2022-01-24,4,246400.0,Completed,1,496,0.2316
PRJ-00215,CLI-0051,Manufacturing,North America,Existing,On-site,2021-09-25,2021-10-25,1,215900.0,Completed,1,119,0.1968
PRJ-00207,CLI-0247,Healthcare,APAC,Existing,Remote,2021-09-25,2022-01-25,4,383000.0,Completed,3,1667,0.3268
PRJ-00229,CLI-0390,Healthcare,North America,Existing,Hybrid,2021-09-26,2022-02-26,5,185300.0,Completed,3,1840,0.3788
PRJ-00212,CLI-0045,Financial Services,EMEA,Existing,Remote,2021-09-27,2022-06-27,9,761800.0,Completed,8,10603,0.2129
PRJ-00235,CLI-0305,Technology & Telecom,EMEA,New,Hybrid,2021-10-01,2022-02-01,4,748500.0,Completed,8,4748,0.3779
PRJ-00265,CLI-0329,Financial Services,EMEA,Existing,Hybrid,2021-10-01,2021-12-01,2,325100.0,Completed,5,1193,0.391
PRJ-00240,CLI-0207,Healthcare,North America,New,On-site,2021-10-01,2022-04-01,6,859600.0,Completed,8,5929,0.3514
PRJ-00255,CLI-0327,Public Sector,North America,Existing,Remote,2021-10-03,2022-03-03,5,351400.0,Completed,3,1915,0.3095
PRJ-00266,CLI-0371,Public Sector,North America,Existing,Remote,2021-10-05,2022-09-05,11,637600.0,Completed,6,7965,0.4432
PRJ-00257,CLI-0274,Public Sector,EMEA,New,Remote,2021-10-06,2022-02-06,4,240700.0,Completed,3,1793,0.3181
PRJ-00248,CLI-0040,Financial Services,North America,New,On-site,2021-10-06,2022-04-06,6,279000.0,Completed,4,2940,0.3009
PRJ-00241,CLI-0367,Energy & Utilities,EMEA,Existing,Remote,2021-10-06,2022-01-06,3,438300.0,Cancelled,4,1652,0.288
PRJ-00264,CLI-0389,Healthcare,APAC,Existing,On-site,2021-10-07,2022-03-07,5,280400.0,Completed,2,1414,0.2373
PRJ-00245,CLI-0182,Financial Services,APAC,Existing,Hybrid,2021-10-08,2022-02-08,4,346100.0,Completed,4,2476,0.2439
PRJ-00261,CLI-0374,Manufacturing,North America,Existing,On-site,2021-10-09,2022-03-09,5,262400.0,Completed,3,2166,0.3618
PRJ-00237,CLI-0336,Public Sector,North America,Existing,On-site,2021-10-09,2022-03-09,5,351200.0,Cancelled,4,2569,0.2701
PRJ-00262,CLI-0312,Energy & Utilities,EMEA,New,Hybrid,2021-10-10,2021-11-10,1,407600.0,Completed,5,594,0.2929
PRJ-00244,CLI-0182,Retail & Consumer,APAC,Existing,Hybrid,2021-10-11,2021-12-11,2,175800.0,Completed,1,278,0.3546
PRJ-00263,CLI-0028,Retail & Consumer,North America,Existing,Hybrid,2021-10-11,2022-02-11,4,248400.0,Completed,4,2308,0.4222
PRJ-00250,CLI-0392,Public Sector,LATAM,Existing,Hybrid,2021-10-13,2022-03-13,5,292100.0,Completed,3,2125,0.3567
PRJ-00267,CLI-0304,Financial Services,North America,Existing,On-site,2021-10-16,2021-12-16,2,483800.0,Completed,5,1400,0.3542
PRJ-00252,CLI-0004,Healthcare,North America,Existing,Hybrid,2021-10-16,2022-04-16,6,577700.0,Completed,5,4171,0.3243
PRJ-00253,CLI-0088,Energy & Utilities,North America,Existing,On-site,2021-10-17,2022-05-17,7,268300.0,Completed,4,3744,0.2326
PRJ-00260,CLI-0250,Financial Services,North America,Existing,Remote,2021-10-18,2021-11-18,1,571100.0,Completed,8,1179,0.2274
PRJ-00256,CLI-0408,Manufacturing,EMEA,Existing,On-site,2021-10-19,2021-12-19,2,222200.0,Completed,2,548,0.3366
PRJ-00242,CLI-0286,Financial Services,APAC,Existing,Remote,2021-10-19,2022-05-19,7,412100.0,Completed,2,2041,0.3422
PRJ-00246,CLI-0221,Energy & Utilities,LATAM,Existing,On-site,2021-10-20,2022-05-20,7,607900.0,Completed,6,4959,0.3412
PRJ-00239,CLI-0032,Retail & Consumer,EMEA,Existing,Remote,2021-10-20,2022-01-20,3,496000.0,Completed,7,2910,0.2782
PRJ-00236,CLI-0387,Financial Services,APAC,New,Remote,2021-10-22,2022-05-22,7,423700.0,Completed,5,5426,0.2948
PRJ-00238,CLI-0044,Public Sector,LATAM,Existing,Hybrid,2021-10-23,2022-04-23,6,489400.0,Completed,3,2585,0.239
PRJ-00254,CLI-0094,Financial Services,LATAM,New,Remote,2021-10-24,2022-01-24,3,129400.0,Completed,2,788,0.3426
PRJ-00258,CLI-0117,Financial Services,North America,Existing,Hybrid,2021-10-24,2022-06-24,8,129800.0,Completed,4,3947,0.3439
PRJ-00247,CLI-0193,Retail & Consumer,EMEA,Existing,On-site,2021-10-25,2022-04-25,6,471000.0,Completed,4,2934,0.2545
PRJ-00243,CLI-0190,Manufacturing,North America,Existing,On-site,2021-10-25,2022-06-25,8,658900.0,Completed,8,9052,0.2685
PRJ-00251,CLI-0063,Healthcare,North America,New,Remote,2021-10-25,2022-01-25,3,177700.0,Completed,3,1075,0.3802
PRJ-00249,CLI-0413,Healthcare,EMEA,Existing,Hybrid,2021-10-25,2022-06-25,8,269900.0,Completed,6,5591,0.3486
PRJ-00259,CLI-0346,Retail & Consumer,LATAM,Existing,On-site,2021-10-26,2022-04-26,6,162100.0,Completed,2,1605,0.2582
PRJ-00283,CLI-0201,Energy & Utilities,LATAM,Existing,Hybrid,2021-11-01,2022-01-01,2,355600.0,Completed,3,881,0.1974
PRJ-00292,CLI-0139,Healthcare,North America,New,Hybrid,2021-11-01,2021-12-01,1,178700.0,Completed,1,134,0.3338
PRJ-00294,CLI-0069,Financial Services,North America,New,Remote,2021-11-01,2022-04-01,5,490100.0,Completed,5,3842,0.4243
PRJ-00285,CLI-0040,Financial Services,North America,Existing,Remote,2021-11-03,2022-03-03,4,428200.0,Completed,4,2103,0.2082
PRJ-00290,CLI-0102,Manufacturing,North America,Existing,Remote,2021-11-03,2022-07-03,8,364100.0,Completed,3,3654,0.2035
PRJ-00289,CLI-0337,Manufacturing,LATAM,Existing,Hybrid,2021-11-04,2022-01-04,2,363300.0,Completed,4,1206,0.2769
PRJ-00274,CLI-0299,Public Sector,EMEA,Existing,Remote,2021-11-05,2022-04-05,5,237500.0,Completed,2,1515,0.3537
PRJ-00291,CLI-0044,Manufacturing,North America,Existing,On-site,2021-11-06,2022-04-06,5,373000.0,Completed,3,2085,0.2572
PRJ-00276,CLI-0233,Retail & Consumer,LATAM,Existing,Remote,2021-11-07,2022-01-07,2,211000.0,Completed,2,550,0.3182
PRJ-00279,CLI-0293,Technology & Telecom,EMEA,Existing,On-site,2021-11-09,2022-05-09,6,417600.0,Completed,3,2183,0.2706
PRJ-00272,CLI-0149,Healthcare,North America,New,Remote,2021-11-09,2022-05-09,6,136800.0,Completed,1,694,0.2434
PRJ-00268,CLI-0299,Manufacturing,North America,Existing,On-site,2021-11-11,2022-03-11,4,299000.0,Completed,3,1436,0.2455
PRJ-00280,CLI-0042,Energy & Utilities,APAC,Existing,Hybrid,2021-11-11,2022-03-11,4,437300.0,Completed,5,2506,0.3274
PRJ-00271,CLI-0419,Healthcare,North America,New,On-site,2021-11-14,2022-02-14,3,361700.0,Completed,4,1747,0.3339
PRJ-00286,CLI-0207,Technology & Telecom,LATAM,Existing,Hybrid,2021-11-16,2022-08-16,9,757000.0,Completed,8,9710,0.1509
PRJ-00270,CLI-0042,Manufacturing,North America,New,Hybrid,2021-11-16,2022-03-16,4,252200.0,Completed,3,1805,0.2919
PRJ-00296,CLI-0012,Healthcare,North America,New,Remote,2021-11-19,2022-03-19,4,438500.0,Completed,6,2819,0.2581
PRJ-00295,CLI-0234,Technology & Telecom,North America,Existing,Hybrid,2021-11-19,2022-06-19,7,554400.0,Completed,5,5425,0.3253
PRJ-00284,CLI-0299,Healthcare,EMEA,Existing,On-site,2021-11-20,2022-03-20,4,271000.0,Completed,4,2184,0.3573
PRJ-00288,CLI-0259,Technology & Telecom,North America,Existing,Hybrid,2021-11-23,2022-06-23,7,561900.0,Completed,5,4098,0.2203
PRJ-00277,CLI-0386,Technology & Telecom,North America,Existing,Hybrid,2021-11-23,2022-05-23,6,529300.0,Completed,5,3380,0.2363
PRJ-00281,CLI-0126,Financial Services,LATAM,Existing,Hybrid,2021-11-23,2022-01-23,2,280500.0,Completed,4,1189,0.2828
PRJ-00275,CLI-0207,Technology & Telecom,North America,Existing,On-site,2021-11-23,2022-03-23,4,466400.0,Cancelled,6,3485,0.3346
PRJ-00269,CLI-0140,Retail & Consumer,LATAM,New,Hybrid,2021-11-23,2022-06-23,7,286000.0,Completed,2,1916,0.2747
PRJ-00293,CLI-0251,Manufacturing,APAC,Existing,On-site,2021-11-25,2022-07-25,8,491600.0,Completed,4,4532,0.2994
PRJ-00287,CLI-0420,Financial Services,LATAM,Existing,Remote,2021-11-25,2022-01-25,2,360400.0,Cancelled,2,455,0.3857
PRJ-00282,CLI-0206,Financial Services,North America,Existing,Hybrid,2021-11-27,2022-05-27,6,401500.0,Completed,2,1517,0.3195
PRJ-00273,CLI-0060,Energy & Utilities,EMEA,Existing,Remote,2021-11-27,2022-06-27,7,327600.0,Completed,3,2453,0.2251
PRJ-00278,CLI-0333,Retail & Consumer,North America,Existing,Remote,2021-11-28,2022-08-28,9,365200.0,Completed,7,7124,0.2979
PRJ-00314,CLI-0374,Retail & Consumer,EMEA,New,Hybrid,2021-12-01,2022-07-01,7,121400.0,Completed,3,2513,0.313
PRJ-00320,CLI-0146,Public Sector,APAC,Existing,On-site,2021-12-02,2022-04-02,4,442200.0,Completed,6,3317,0.3114
PRJ-00312,CLI-0138,Retail & Consumer,North America,Existing,On-site,2021-12-02,2022-06-02,6,310500.0,Completed,3,2833,0.305
PRJ-00328,CLI-0316,Healthcare,LATAM,Existing,Hybrid,2021-12-05,2022-02-05,2,157100.0,Completed,2,500,0.3169
PRJ-00325,CLI-0182,Public Sector,LATAM,New,Remote,2021-12-05,2022-07-05,7,225800.0,Completed,1,866,0.3965
PRJ-00315,CLI-0351,Retail & Consumer,North America,Existing,Remote,2021-12-05,2022-05-05,5,358100.0,Completed,4,2855,0.2614
PRJ-00334,CLI-0026,Public Sector,APAC,New,Hybrid,2021-12-07,2022-08-07,8,753300.0,Completed,8,8006,0.3291
PRJ-00319,CLI-0286,Financial Services,North America,Existing,Hybrid,2021-12-07,2022-02-07,2,433200.0,Completed,7,1656,0.2757
PRJ-00329,CLI-0105,Financial Services,LATAM,New,Remote,2021-12-09,2022-09-09,9,968400.0,Completed,10,11490,0.3193
PRJ-00301,CLI-0297,Public Sector,North America,New,Hybrid,2021-12-10,2022-01-10,1,292800.0,Completed,4,585,0.2543
PRJ-00331,CLI-0095,Healthcare,North America,New,Hybrid,2021-12-12,2022-04-12,4,224400.0,Completed,1,473,0.2176
PRJ-00299,CLI-0332,Retail & Consumer,North America,Existing,Remote,2021-12-14,2022-06-14,6,565500.0,Completed,6,5335,0.1716
PRJ-00333,CLI-0075,Financial Services,EMEA,New,On-site,2021-12-15,2022-05-15,5,270500.0,Completed,3,2112,0.3287
PRJ-00300,CLI-0188,Retail & Consumer,LATAM,New,Hybrid,2021-12-15,2022-05-15,5,169800.0,Completed,1,660,0.1499
PRJ-00318,CLI-0086,Energy & Utilities,North America,Existing,Remote,2021-12-16,2022-08-16,8,658600.0,Completed,7,7351,0.2768
PRJ-00309,CLI-0212,Healthcare,APAC,Existing,Hybrid,2021-12-17,2022-05-17,5,534200.0,Completed,7,5217,0.3412
PRJ-00324,CLI-0317,Retail & Consumer,EMEA,Existing,Hybrid,2021-12-17,2022-04-17,4,603300.0,Completed,7,4160,0.3633
PRJ-00304,CLI-0298,Financial Services,EMEA,Existing,Remote,2021-12-17,2022-04-17,4,927300.0,Completed,9,5274,0.1905
PRJ-00311,CLI-0333,Public Sector,APAC,Existing,Hybrid,2021-12-18,2022-04-18,4,363700.0,Completed,5,2971,0.2913
PRJ-00305,CLI-0365,Manufacturing,APAC,Existing,Hybrid,2021-12-18,2022-08-18,8,294800.0,Completed,3,3167,0.3574
PRJ-00308,CLI-0233,Financial Services,EMEA,New,Hybrid,2021-12-19,2022-04-19,4,755200.0,Completed,9,5345,0.1884
PRJ-00326,CLI-0244,Public Sector,North America,Existing,On-site,2021-12-19,2022-03-19,3,207600.0,Completed,2,871,0.298
PRJ-00330,CLI-0344,Public Sector,North America,New,Remote,2021-12-19,2022-06-19,6,455300.0,Completed,6,4177,0.274
PRJ-00317,CLI-0075,Manufacturing,North America,New,On-site,2021-12-19,2022-07-19,7,435200.0,Completed,3,2730,0.3767
PRJ-00321,CLI-0205,Financial Services,North America,Existing,Hybrid,2021-12-21,2022-07-21,7,308100.0,Completed,6,6525,0.3821
PRJ-00307,CLI-0229,Public Sector,North America,New,Remote,2021-12-21,2022-05-21,5,364300.0,Completed,2,1337,0.3144
PRJ-00297,CLI-0079,Public Sector,North America,New,Remote,2021-12-22,2022-06-22,6,444700.0,Completed,5,3830,0.3012
PRJ-00316,CLI-0175,Healthcare,North America,Existing,On-site,2021-12-22,2022-03-22,3,227300.0,Completed,4,1467,0.3449
PRJ-00322,CLI-0228,Retail & Consumer,APAC,Existing,Hybrid,2021-12-23,2022-05-23,5,470200.0,Completed,4,2293,0.2476
PRJ-00327,CLI-0215,Technology & Telecom,North America,Existing,Hybrid,2021-12-23,2022-10-23,10,554400.0,Completed,6,9116,0.3082
PRJ-00298,CLI-0235,Technology & Telecom,North America,New,Remote,2021-12-23,2022-04-23,4,243800.0,Cancelled,3,1772,0.2124
PRJ-00332,CLI-0065,Healthcare,North America,Existing,On-site,2021-12-24,2022-06-24,6,288300.0,Completed,3,2655,0.3268
PRJ-00310,CLI-0059,Healthcare,APAC,Existing,On-site,2021-12-28,2022-02-28,2,333200.0,Completed,3,779,0.3809
PRJ-00303,CLI-0240,Public Sector,EMEA,New,Hybrid,2021-12-28,2022-05-28,5,429200.0,Completed,6,4141,0.477
PRJ-00306,CLI-0007,Financial Services,North America,Existing,Hybrid,2021-12-28,2022-01-28,1,312700.0,Completed,6,890,0.3823
PRJ-00302,CLI-0002,Healthcare,North America,New,Remote,2021-12-28,2022-01-28,1,159700.0,Completed,2,298,0.2026
PRJ-00323,CLI-0288,Technology & Telecom,APAC,New,Remote,2021-12-28,2022-05-28,5,698600.0,Completed,7,4993,0.2361
PRJ-00313,CLI-0093,Financial Services,EMEA,Existing,Hybrid,2021-12-28,2022-04-28,4,400700.0,Cancelled,4,1977,0.2156
PRJ-00348,CLI-0157,Energy & Utilities,EMEA,New,On-site,2022-01-01,2022-03-01,2,206800.0,Completed,1,314,0.4054
PRJ-00349,CLI-0100,Manufacturing,North America,New,Remote,2022-01-01,2022-05-01,4,334100.0,Completed,6,3067,0.2067
PRJ-00336,CLI-0145,Financial Services,North America,Existing,On-site,2022-01-01,2022-04-01,3,377600.0,Completed,5,1861,0.148
PRJ-00342,CLI-0088,Public Sector,EMEA,Existing,Hybrid,2022-01-02,2022-08-02,7,233300.0,Completed,3,2494,0.2577
PRJ-00340,CLI-0158,Healthcare,EMEA,Existing,Remote,2022-01-03,2022-04-03,3,212800.0,Completed,2,823,0.3892
PRJ-00345,CLI-0029,Energy & Utilities,North America,Existing,Hybrid,2022-01-04,2022-02-04,1,229300.0,Completed,3,352,0.3021
PRJ-00356,CLI-0332,Public Sector,North America,New,On-site,2022-01-04,2022-05-04,4,125100.0,Completed,1,483,0.3019
PRJ-00359,CLI-0136,Manufacturing,EMEA,New,Hybrid,2022-01-06,2022-06-06,5,277900.0,Completed,5,3831,0.2577
PRJ-00361,CLI-0113,Healthcare,APAC,New,Hybrid,2022-01-09,2022-03-09,2,259500.0,Completed,2,537,0.2349
PRJ-00350,CLI-0227,Financial Services,North America,Existing,Remote,2022-01-09,2022-06-09,5,878500.0,Completed,9,5390,0.2344
PRJ-00355,CLI-0357,Manufacturing,North America,New,Hybrid,2022-01-09,2022-07-09,6,447000.0,Completed,4,3564,0.2104
PRJ-00363,CLI-0009,Energy & Utilities,North America,Existing,Hybrid,2022-01-10,2022-06-10,5,407200.0,Completed,3,2225,0.2684
PRJ-00364,CLI-0108,Healthcare,EMEA,Existing,On-site,2022-01-12,2022-07-12,6,354600.0,Completed,4,3149,0.3406
PRJ-00351,CLI-0238,Retail & Consumer,North America,Existing,Hybrid,2022-01-12,2022-06-12,5,156100.0,Completed,3,1747,0.1805
PRJ-00341,CLI-0167,Technology & Telecom,APAC,Existing,Hybrid,2022-01-16,2022-05-16,4,342600.0,Completed,5,2844,0.2965
PRJ-00343,CLI-0209,Energy & Utilities,North America,Existing,On-site,2022-01-17,2022-06-17,5,446400.0,Completed,5,3372,0.3406
PRJ-00347,CLI-0033,Healthcare,EMEA,Existing,Hybrid,2022-01-17,2022-09-17,8,447500.0,Cancelled,5,5388,0.251
PRJ-00362,CLI-0065,Healthcare,EMEA,Existing,Hybrid,2022-01-18,2022-06-18,5,137000.0,Completed,1,767,0.4339
PRJ-00360,CLI-0041,Manufacturing,APAC,New,Hybrid,2022-01-19,2022-07-19,6,291800.0,Completed,3,2445,0.3856
PRJ-00352,CLI-0335,Healthcare,North America,Existing,Hybrid,2022-01-21,2022-08-21,7,333800.0,Completed,4,3755,0.3129
PRJ-00354,CLI-0202,Manufacturing,EMEA,New,Hybrid,2022-01-22,2022-05-22,4,178800.0,Completed,2,1158,0.2268
PRJ-00337,CLI-0051,Manufacturing,EMEA,Existing,Remote,2022-01-23,2022-04-23,3,455600.0,Completed,5,2331,0.2455
PRJ-00353,CLI-0053,Manufacturing,APAC,Existing,On-site,2022-01-23,2022-05-23,4,216200.0,Completed,4,2073,0.3716
PRJ-00357,CLI-0171,Technology & Telecom,EMEA,Existing,Hybrid,2022-01-23,2022-05-23,4,408600.0,Completed,3,1593,0.2013
PRJ-00344,CLI-0075,Public Sector,LATAM,Existing,Remote,2022-01-24,2022-05-24,4,137400.0,Completed,1,608,0.2514
PRJ-00339,CLI-0389,Healthcare,APAC,Existing,Remote,2022-01-24,2022-02-24,1,272100.0,Completed,3,356,0.3082
PRJ-00335,CLI-0165,Public Sector,EMEA,Existing,On-site,2022-01-24,2022-08-24,7,329700.0,Completed,4,3701,0.3325
PRJ-00358,CLI-0388,Public Sector,APAC,New,On-site,2022-01-25,2022-05-25,4,287100.0,Completed,4,1928,0.3508
PRJ-00338,CLI-0195,Public Sector,EMEA,Existing,Hybrid,2022-01-25,2022-05-25,4,349800.0,Completed,2,1234,0.2765
PRJ-00346,CLI-0145,Energy & Utilities,North America,New,Hybrid,2022-01-27,2022-03-27,2,313400.0,Completed,3,792,0.3024
PRJ-00377,CLI-0264,Public Sector,LATAM,Existing,Remote,2022-02-01,2022-07-01,5,228800.0,Completed,2,1494,0.2836
PRJ-00383,CLI-0120,Retail & Consumer,North America,New,Remote,2022-02-02,2022-08-02,6,133000.0,Completed,1,834,0.3076
PRJ-00366,CLI-0372,Financial Services,APAC,Existing,Remote,2022-02-03,2022-05-03,3,403500.0,Completed,4,1785,0.1107
PRJ-00379,CLI-0387,Technology & Telecom,North America,Existing,On-site,2022-02-07,2022-09-07,7,277500.0,Completed,2,1874,0.3661
PRJ-00390,CLI-0133,Financial Services,EMEA,Existing,On-site,2022-02-08,2022-07-08,5,335000.0,Completed,1,666,0.2743
PRJ-00371,CLI-0009,Retail & Consumer,APAC,Existing,On-site,2022-02-09,2022-08-09,6,87400.0,Completed,1,715,0.2408
PRJ-00376,CLI-0289,Energy & Utilities,EMEA,Existing,Hybrid,2022-02-09,2022-03-09,1,476800.0,Completed,8,1026,0.262
PRJ-00368,CLI-0030,Healthcare,North America,Existing,Remote,2022-02-10,2022-04-10,2,188600.0,Completed,3,679,0.3507
PRJ-00381,CLI-0350,Technology & Telecom,LATAM,New,Hybrid,2022-02-13,2022-06-13,4,413100.0,Completed,4,1837,0.3138
PRJ-00387,CLI-0156,Manufacturing,North America,Existing,Hybrid,2022-02-14,2022-07-14,5,294900.0,Completed,3,1861,0.283
PRJ-00373,CLI-0343,Public Sector,North America,Existing,Remote,2022-02-14,2022-08-14,6,335000.0,Completed,3,2724,0.2442
PRJ-00391,CLI-0409,Manufacturing,North America,Existing,Remote,2022-02-16,2022-07-16,5,175500.0,Completed,2,1275,0.2862
PRJ-00372,CLI-0196,Energy & Utilities,EMEA,New,Hybrid,2022-02-16,2022-05-16,3,507300.0,Completed,4,1829,0.3013
PRJ-00385,CLI-0085,Public Sector,APAC,Existing,On-site,2022-02-16,2022-06-16,4,193600.0,Completed,2,1029,0.2194
PRJ-00374,CLI-0295,Healthcare,APAC,Existing,On-site,2022-02-17,2022-06-17,4,177100.0,Completed,5,2367,0.3069
PRJ-00380,CLI-0341,Manufacturing,APAC,New,Remote,2022-02-17,2022-06-17,4,253200.0,Completed,1,492,0.2066
PRJ-00382,CLI-0312,Healthcare,EMEA,Existing,On-site,2022-02-18,2022-09-18,7,115400.0,Completed,2,2192,0.2473
PRJ-00392,CLI-0175,Energy & Utilities,LATAM,New,On-site,2022-02-19,2022-07-19,5,604000.0,Completed,7,4176,0.2541
PRJ-00388,CLI-0076,Retail & Consumer,North America,Existing,On-site,2022-02-19,2022-04-19,2,251100.0,Completed,2,518,0.1753
PRJ-00386,CLI-0336,Technology & Telecom,North America,New,Remote,2022-02-20,2022-10-20,8,333300.0,Cancelled,3,3206,0.2294
PRJ-00367,CLI-0026,Energy & Utilities,EMEA,Existing,On-site,2022-02-20,2022-06-20,4,531300.0,Completed,5,2571,0.3589
PRJ-00378,CLI-0167,Energy & Utilities,North America,Existing,Remote,2022-02-22,2023-01-22,11,895500.0,Completed,13,16467,0.2317
PRJ-00389,CLI-0379,Manufacturing,North America,Existing,Hybrid,2022-02-23,2022-08-23,6,419900.0,Completed,7,5797,0.387
PRJ-00370,CLI-0365,Healthcare,EMEA,Existing,Hybrid,2022-02-23,2022-06-23,4,236100.0,Completed,2,1198,0.1511
PRJ-00369,CLI-0075,Public Sector,North America,New,On-site,2022-02-25,2022-08-25,6,422000.0,Completed,3,2052,0.3768
PRJ-00394,CLI-0268,Retail & Consumer,North America,Existing,Hybrid,2022-02-25,2022-05-25,3,96400.0,Completed,3,1126,0.3132
PRJ-00375,CLI-0254,Financial Services,EMEA,Existing,Hybrid,2022-02-26,2022-11-26,9,813000.0,Completed,7,8760,0.221
PRJ-00365,CLI-0057,Technology & Telecom,North America,New,Hybrid,2022-02-26,2022-09-26,7,1044400.0,Completed,12,12186,0.3185
PRJ-00393,CLI-0118,Technology & Telecom,APAC,Existing,Remote,2022-02-26,2022-07-26,5,458700.0,Cancelled,3,2129,0.2005
PRJ-00384,CLI-0220,Public Sector,North America,Existing,Remote,2022-02-27,2022-06-27,4,377000.0,Completed,6,3609,0.3359
PRJ-00402,CLI-0086,Public Sector,EMEA,Existing,Remote,2022-03-01,2022-06-01,3,182800.0,Completed,1,362,0.2121
PRJ-00419,CLI-0240,Financial Services,North America,Existing,On-site,2022-03-03,2022-10-03,7,310000.0,Completed,3,2738,0.2741
PRJ-00412,CLI-0201,Financial Services,North America,Existing,Hybrid,2022-03-05,2022-07-05,4,368700.0,Completed,4,2120,0.1605
PRJ-00409,CLI-0035,Financial Services,North America,Existing,Hybrid,2022-03-05,2022-11-05,8,768500.0,Completed,9,9203,0.3251
PRJ-00416,CLI-0021,Public Sector,North America,Existing,On-site,2022-03-06,2022-08-06,5,382700.0,Completed,5,3066,0.3072
PRJ-00415,CLI-0109,Public Sector,APAC,Existing,Remote,2022-03-08,2022-11-08,8,241500.0,Completed,2,2460,0.3961
PRJ-00411,CLI-0191,Energy & Utilities,North America,New,Hybrid,2022-03-08,2022-11-08,8,522600.0,Completed,4,3952,0.2466
PRJ-00403,CLI-0274,Retail & Consumer,APAC,New,Hybrid,2022-03-11,2022-05-11,2,79700.0,Completed,2,489,0.3358
PRJ-00414,CLI-0248,Healthcare,North America,Existing,Hybrid,2022-03-12,2022-09-12,6,651400.0,Completed,8,6573,0.2933
PRJ-00407,CLI-0017,Public Sector,APAC,Existing,Remote,2022-03-13,2022-08-13,5,345900.0,Completed,4,2444,0.2991
PRJ-00422,CLI-0202,Healthcare,APAC,Existing,Remote,2022-03-13,2022-10-13,7,182300.0,Completed,1,853,0.2346
PRJ-00398,CLI-0284,Financial Services,LATAM,New,Hybrid,2022-03-14,2022-08-14,5,347800.0,Completed,3,2176,0.3084
PRJ-00420,CLI-0035,Healthcare,LATAM,Existing,Remote,2022-03-14,2022-06-14,3,181900.0,Completed,1,472,0.342
PRJ-00406,CLI-0114,Energy & Utilities,North America,Existing,On-site,2022-03-15,2022-08-15,5,266200.0,Cancelled,5,3588,0.3003
PRJ-00413,CLI-0180,Manufacturing,EMEA,New,On-site,2022-03-15,2022-08-15,5,578700.0,Completed,7,4325,0.3408
PRJ-00417,CLI-0260,Retail & Consumer,LATAM,Existing,Hybrid,2022-03-17,2022-04-17,1,131800.0,Completed,1,136,0.196
PRJ-00396,CLI-0275,Retail & Consumer,North America,Existing,On-site,2022-03-18,2022-04-18,1,112200.0,Completed,1,142,0.3065
PRJ-00418,CLI-0416,Financial Services,EMEA,Existing,Hybrid,2022-03-18,2022-06-18,3,262600.0,Completed,3,1217,0.2215
PRJ-00410,CLI-0060,Energy & Utilities,APAC,Existing,Remote,2022-03-19,2022-04-19,1,569200.0,Completed,7,1063,0.2171
PRJ-00408,CLI-0053,Energy & Utilities,EMEA,Existing,Remote,2022-03-20,2022-08-20,5,458600.0,Completed,5,2933,0.3496
PRJ-00400,CLI-0153,Healthcare,EMEA,Existing,Remote,2022-03-20,2022-06-20,3,241500.0,Completed,2,696,0.3421
PRJ-00397,CLI-0208,Technology & Telecom,North America,Existing,Hybrid,2022-03-20,2022-07-20,4,599000.0,Completed,4,1982,0.2086
PRJ-00421,CLI-0315,Energy & Utilities,North America,New,On-site,2022-03-20,2022-07-20,4,318800.0,Completed,4,1812,0.2993
PRJ-00424,CLI-0211,Healthcare,North America,New,Hybrid,2022-03-21,2022-10-21,7,452200.0,Completed,3,2622,0.3308
PRJ-00423,CLI-0250,Manufacturing,EMEA,New,On-site,2022-03-21,2022-10-21,7,264400.0,Completed,3,3006,0.2715
PRJ-00404,CLI-0197,Manufacturing,North America,Existing,Remote,2022-03-21,2022-08-21,5,183400.0,Completed,2,1372,0.2276
PRJ-00401,CLI-0413,Energy & Utilities,North America,New,Hybrid,2022-03-21,2022-09-21,6,360100.0,Completed,4,3686,0.2961
PRJ-00399,CLI-0342,Healthcare,North America,Existing,Remote,2022-03-25,2022-08-25,5,246600.0,Completed,3,1713,0.2368
PRJ-00405,CLI-0378,Financial Services,North America,Existing,Hybrid,2022-03-26,2022-04-26,1,320900.0,Completed,4,510,0.3023
PRJ-00395,CLI-0325,Public Sector,EMEA,Existing,Remote,2022-03-27,2022-10-27,7,337500.0,Completed,4,4062,0.2313
PRJ-00425,CLI-0174,Financial Services,North America,New,Remote,2022-03-28,2022-08-28,5,239800.0,Completed,4,2519,0.2392
PRJ-00436,CLI-0152,Financial Services,North America,Existing,Hybrid,2022-04-03,2022-10-03,6,134300.0,Completed,2,1613,0.1725
PRJ-00429,CLI-0292,Financial Services,EMEA,Existing,Hybrid,2022-04-04,2022-08-04,4,169500.0,Completed,4,2002,0.3258
PRJ-00439,CLI-0387,Manufacturing,North America,Existing,On-site,2022-04-06,2022-12-06,8,185500.0,Cancelled,1,1153,0.1854
PRJ-00433,CLI-0301,Energy & Utilities,North America,New,Hybrid,2022-04-09,2022-11-09,7,1064500.0,Completed,11,11391,0.2788
PRJ-00427,CLI-0100,Financial Services,EMEA,Existing,Hybrid,2022-04-12,2022-10-12,6,207300.0,Completed,3,2223,0.4049
PRJ-00442,CLI-0253,Retail & Consumer,EMEA,New,Hybrid,2022-04-14,2022-09-14,5,266800.0,Completed,1,760,0.2818
PRJ-00431,CLI-0052,Energy & Utilities,North America,New,Remote,2022-04-15,2022-10-15,6,439600.0,Completed,1,801,0.2733
PRJ-00444,CLI-0372,Financial Services,LATAM,Existing,On-site,2022-04-16,2022-08-16,4,152700.0,Completed,1,507,0.2931
PRJ-00437,CLI-0014,Manufacturing,North America,Existing,Hybrid,2022-04-17,2022-08-17,4,417200.0,Completed,4,2028,0.4226
PRJ-00428,CLI-0286,Financial Services,APAC,Existing,Remote,2022-04-17,2022-08-17,4,213300.0,Completed,3,1672,0.3644
PRJ-00432,CLI-0387,Healthcare,North America,Existing,On-site,2022-04-17,2022-08-17,4,393300.0,Completed,5,2498,0.279
PRJ-00426,CLI-0265,Financial Services,EMEA,New,On-site,2022-04-20,2022-09-20,5,479500.0,Completed,5,3809,0.2668
PRJ-00443,CLI-0249,Financial Services,North America,Existing,Remote,2022-04-21,2022-08-21,4,473500.0,Cancelled,4,1833,0.305
PRJ-00438,CLI-0341,Financial Services,North America,Existing,Hybrid,2022-04-22,2022-07-22,3,171900.0,Completed,1,379,0.3266
PRJ-00435,CLI-0276,Healthcare,North America,Existing,Remote,2022-04-23,2022-11-23,7,219200.0,Completed,1,862,0.2039
PRJ-00441,CLI-0295,Manufacturing,North America,Existing,Hybrid,2022-04-24,2022-08-24,4,307700.0,Completed,4,1947,0.2029
PRJ-00445,CLI-0067,Technology & Telecom,North America,New,Hybrid,2022-04-28,2023-01-28,9,687200.0,Completed,8,9910,0.4012
PRJ-00434,CLI-0266,Energy & Utilities,APAC,Existing,Hybrid,2022-04-28,2023-01-28,9,1019400.0,Completed,10,12536,0.3829
PRJ-00430,CLI-0213,Retail & Consumer,EMEA,New,Hybrid,2022-04-28,2022-08-28,4,112400.0,Completed,3,1506,0.3019
PRJ-00440,CLI-0149,Healthcare,EMEA,Existing,Remote,2022-04-28,2022-10-28,6,409700.0,Completed,4,3528,0.236
PRJ-00447,CLI-0290,Public Sector,EMEA,Existing,Remote,2022-05-01,2022-09-01,4,236900.0,Completed,4,2206,0.3211
PRJ-00462,CLI-0214,Public Sector,APAC,Existing,Remote,2022-05-02,2022-08-02,3,249900.0,Completed,3,1207,0.2984
PRJ-00468,CLI-0420,Manufacturing,North America,New,Hybrid,2022-05-02,2022-10-02,5,278200.0,Completed,3,1975,0.2799
PRJ-00469,CLI-0386,Financial Services,North America,Existing,On-site,2022-05-03,2022-11-03,6,431100.0,Completed,6,5077,0.198
PRJ-00452,CLI-0377,Financial Services,North America,Existing,On-site,2022-05-03,2022-06-03,1,214200.0,Completed,2,284,0.148
PRJ-00466,CLI-0330,Financial Services,EMEA,New,Remote,2022-05-05,2022-10-05,5,708800.0,Completed,5,3186,0.3511
PRJ-00449,CLI-0253,Financial Services,EMEA,Existing,Hybrid,2022-05-06,2022-09-06,4,415400.0,Cancelled,4,2248,0.2619
PRJ-00455,CLI-0081,Public Sector,EMEA,Existing,On-site,2022-05-07,2022-10-07,5,474100.0,Completed,5,3553,0.2851
PRJ-00459,CLI-0158,Healthcare,North America,Existing,Hybrid,2022-05-07,2022-10-07,5,151700.0,Completed,3,1757,0.2137
PRJ-00467,CLI-0417,Healthcare,North America,New,On-site,2022-05-08,2023-01-08,8,228200.0,Completed,5,5497,0.1581
PRJ-00470,CLI-0387,Public Sector,North America,Existing,Remote,2022-05-08,2022-07-08,2,233600.0,Completed,2,584,0.21
PRJ-00456,CLI-0010,Healthcare,EMEA,Existing,Remote,2022-05-10,2022-08-10,3,178600.0,Completed,1,420,0.2326
PRJ-00473,CLI-0176,Technology & Telecom,APAC,New,Remote,2022-05-10,2023-01-10,8,203100.0,Completed,2,1856,0.3035
PRJ-00453,CLI-0137,Technology & Telecom,North America,Existing,Hybrid,2022-05-12,2022-07-12,2,404900.0,Completed,3,943,0.2013
PRJ-00451,CLI-0024,Healthcare,LATAM,Existing,Hybrid,2022-05-15,2022-09-15,4,277100.0,Completed,2,1124,0.3418
PRJ-00454,CLI-0154,Public Sector,North America,New,On-site,2022-05-15,2022-11-15,6,128400.0,Completed,1,868,0.2798
PRJ-00446,CLI-0330,Public Sector,North America,Existing,Remote,2022-05-15,2022-08-15,3,216200.0,Completed,2,786,0.2675
PRJ-00457,CLI-0187,Healthcare,EMEA,Existing,On-site,2022-05-19,2023-02-19,9,655900.0,Completed,7,7817,0.3393
PRJ-00450,CLI-0185,Financial Services,EMEA,Existing,Remote,2022-05-19,2022-07-19,2,380600.0,Completed,3,756,0.3347
PRJ-00461,CLI-0078,Energy & Utilities,North America,Existing,Hybrid,2022-05-21,2023-02-21,9,451600.0,Completed,6,6412,0.2305
PRJ-00464,CLI-0138,Healthcare,APAC,New,Hybrid,2022-05-21,2022-06-21,1,222900.0,Completed,4,622,0.2802
PRJ-00471,CLI-0280,Energy & Utilities,North America,Existing,On-site,2022-05-21,2022-10-21,5,627200.0,Completed,6,3432,0.3638
PRJ-00472,CLI-0315,Financial Services,APAC,New,Remote,2022-05-22,2022-09-22,4,140700.0,Completed,2,1171,0.2607
PRJ-00448,CLI-0070,Financial Services,LATAM,New,On-site,2022-05-25,2022-10-25,5,179300.0,Completed,1,601,0.1708
PRJ-00465,CLI-0243,Energy & Utilities,North America,New,On-site,2022-05-26,2022-12-26,7,459000.0,Completed,4,4357,0.2363
PRJ-00460,CLI-0058,Healthcare,North America,Existing,Remote,2022-05-27,2022-10-27,5,443100.0,Completed,6,4455,0.2618
PRJ-00458,CLI-0022,Public Sector,APAC,New,Hybrid,2022-05-28,2022-11-28,6,302900.0,Completed,2,1594,0.1795
PRJ-00463,CLI-0253,Technology & Telecom,APAC,Existing,Hybrid,2022-05-28,2022-09-28,4,417100.0,Completed,5,2836,0.2393
PRJ-00476,CLI-0149,Retail & Consumer,LATAM,New,Remote,2022-06-02,2022-10-02,4,252500.0,Completed,2,902,0.3234
PRJ-00474,CLI-0018,Energy & Utilities,North America,New,On-site,2022-06-03,2022-09-03,3,353500.0,Completed,4,1429,0.2492
PRJ-00498,CLI-0335,Public Sector,APAC,Existing,Hybrid,2022-06-04,2022-11-04,5,324800.0,Completed,2,1162,0.2515
PRJ-00500,CLI-0055,Technology & Telecom,EMEA,New,Remote,2022-06-04,2022-10-04,4,391100.0,Completed,4,2442,0.305
PRJ-00480,CLI-0027,Financial Services,APAC,New,On-site,2022-06-04,2023-01-04,7,408900.0,Completed,5,5103,0.302
PRJ-00477,CLI-0253,Healthcare,APAC,Existing,On-site,2022-06-05,2023-02-05,8,451000.0,Completed,5,5268,0.3746
PRJ-00499,CLI-0152,Energy & Utilities,North America,New,On-site,2022-06-06,2023-02-06,8,673200.0,Completed,6,7127,0.2688
PRJ-00496,CLI-0131,Energy & Utilities,North America,New,Hybrid,2022-06-08,2022-10-08,4,299700.0,Completed,3,1678,0.3349
PRJ-00490,CLI-0153,Retail & Consumer,North America,Existing,Remote,2022-06-08,2022-08-08,2,340900.0,Completed,2,494,0.2143
PRJ-00486,CLI-0105,Healthcare,LATAM,Existing,Remote,2022-06-09,2022-08-09,2,152400.0,Completed,2,615,0.3106
PRJ-00494,CLI-0029,Financial Services,EMEA,Existing,Remote,2022-06-12,2022-11-12,5,421600.0,Completed,5,3439,0.2988
PRJ-00495,CLI-0299,Financial Services,EMEA,New,On-site,2022-06-13,2023-01-13,7,531500.0,Completed,6,5154,0.3365
PRJ-00487,CLI-0354,Retail & Consumer,North America,Existing,On-site,2022-06-14,2022-09-14,3,98000.0,Completed,1,439,0.2965
PRJ-00475,CLI-0344,Retail & Consumer,North America,Existing,Remote,2022-06-15,2022-10-15,4,138500.0,Completed,1,484,0.3449
PRJ-00503,CLI-0360,Energy & Utilities,North America,New,On-site,2022-06-16,2023-02-16,8,359900.0,Completed,4,4830,0.2259
PRJ-00492,CLI-0162,Healthcare,EMEA,Existing,Hybrid,2022-06-16,2022-11-16,5,518000.0,Completed,8,6211,0.2292
PRJ-00484,CLI-0108,Healthcare,APAC,Existing,Hybrid,2022-06-16,2022-09-16,3,331900.0,Completed,5,2110,0.2578
PRJ-00505,CLI-0044,Healthcare,North America,New,On-site,2022-06-18,2022-11-18,5,197600.0,Completed,4,2339,0.2414
PRJ-00493,CLI-0333,Manufacturing,EMEA,Existing,Hybrid,2022-06-18,2022-12-18,6,393600.0,Cancelled,3,2538,0.2117
PRJ-00483,CLI-0314,Manufacturing,LATAM,Existing,Hybrid,2022-06-18,2022-10-18,4,316200.0,Completed,6,3049,0.407
PRJ-00501,CLI-0231,Energy & Utilities,APAC,Existing,Hybrid,2022-06-18,2022-12-18,6,602200.0,Completed,7,5818,0.2754
PRJ-00488,CLI-0231,Healthcare,EMEA,Existing,Hybrid,2022-06-19,2022-11-19,5,177400.0,Completed,1,628,0.3753
PRJ-00504,CLI-0226,Healthcare,EMEA,New,Remote,2022-06-19,2022-12-19,6,273400.0,Completed,1,691,0.3587
PRJ-00479,CLI-0188,Technology & Telecom,North America,Existing,Hybrid,2022-06-19,2022-11-19,5,322700.0,Completed,6,3611,0.3169
PRJ-00481,CLI-0041,Public Sector,North America,Existing,Hybrid,2022-06-19,2022-10-19,4,317600.0,Completed,2,975,0.3153
PRJ-00482,CLI-0420,Manufacturing,APAC,New,On-site,2022-06-19,2022-11-19,5,464300.0,Cancelled,6,3869,0.276
PRJ-00485,CLI-0226,Manufacturing,North America,Existing,Hybrid,2022-06-19,2022-11-19,5,220100.0,Completed,4,3133,0.2615
PRJ-00497,CLI-0076,Technology & Telecom,North America,New,Hybrid,2022-06-21,2022-11-21,5,599900.0,Completed,5,3565,0.2852
PRJ-00502,CLI-0246,Energy & Utilities,EMEA,New,On-site,2022-06-21,2023-01-21,7,543700.0,Cancelled,6,5094,0.2679
PRJ-00478,CLI-0066,Financial Services,APAC,Existing,Hybrid,2022-06-22,2022-11-22,5,445000.0,Completed,6,4372,0.1448
PRJ-00491,CLI-0008,Financial Services,APAC,New,Remote,2022-06-23,2022-11-23,5,412500.0,Completed,5,2957,0.3613
PRJ-00489,CLI-0028,Manufacturing,EMEA,Existing,On-site,2022-06-28,2022-12-28,6,264600.0,Completed,3,2737,0.3301
PRJ-00533,CLI-0366,Financial Services,North America,Existing,On-site,2022-07-03,2023-01-03,6,442800.0,Completed,6,4332,0.338
PRJ-00515,CLI-0374,Manufacturing,North America,New,Hybrid,2022-07-03,2022-10-03,3,314500.0,Completed,1,444,0.4599
PRJ-00510,CLI-0263,Healthcare,APAC,Existing,Hybrid,2022-07-03,2022-11-03,4,217700.0,Completed,3,1564,0.3
PRJ-00530,CLI-0159,Technology & Telecom,EMEA,Existing,On-site,2022-07-03,2023-03-03,8,539100.0,Completed,7,8363,0.2074
PRJ-00509,CLI-0310,Manufacturing,North America,New,On-site,2022-07-03,2022-11-03,4,177100.0,Completed,1,533,0.3221
PRJ-00518,CLI-0201,Technology & Telecom,APAC,Existing,Remote,2022-07-04,2023-03-04,8,511100.0,Completed,7,7008,0.3258
PRJ-00531,CLI-0210,Technology & Telecom,North America,New,Hybrid,2022-07-05,2022-11-05,4,288800.0,Completed,4,2417,0.2924
PRJ-00526,CLI-0270,Retail & Consumer,EMEA,Existing,Hybrid,2022-07-06,2022-12-06,5,213800.0,Completed,2,1264,0.2902
PRJ-00514,CLI-0041,Retail & Consumer,North America,Existing,Hybrid,2022-07-07,2022-08-07,1,158200.0,Completed,3,364,0.2814
PRJ-00524,CLI-0233,Manufacturing,North America,Existing,Remote,2022-07-07,2022-10-07,3,231600.0,Completed,2,901,0.3291
PRJ-00527,CLI-0102,Manufacturing,EMEA,Existing,Remote,2022-07-07,2022-11-07,4,400100.0,Completed,3,1782,0.2942
PRJ-00521,CLI-0371,Technology & Telecom,EMEA,Existing,Hybrid,2022-07-08,2023-02-08,7,798300.0,Completed,9,7466,0.3577
PRJ-00511,CLI-0306,Technology & Telecom,EMEA,Existing,Remote,2022-07-10,2023-01-10,6,349100.0,Completed,4,3515,0.2587
PRJ-00506,CLI-0256,Retail & Consumer,APAC,New,Remote,2022-07-10,2022-12-10,5,234000.0,Completed,1,574,0.366
PRJ-00534,CLI-0369,Energy & Utilities,APAC,Existing,Remote,2022-07-11,2023-01-11,6,694300.0,Completed,9,7110,0.3118
PRJ-00536,CLI-0017,Manufacturing,North America,Existing,Hybrid,2022-07-11,2022-11-11,4,283900.0,Completed,3,1829,0.2896
PRJ-00519,CLI-0018,Public Sector,EMEA,Existing,Remote,2022-07-11,2022-10-11,3,133200.0,Completed,2,698,0.3604
PRJ-00508,CLI-0016,Retail & Consumer,EMEA,New,Remote,2022-07-11,2023-01-11,6,317500.0,Completed,1,699,0.4025
PRJ-00535,CLI-0164,Manufacturing,APAC,Existing,On-site,2022-07-14,2022-11-14,4,202000.0,Completed,2,1081,0.2194
PRJ-00523,CLI-0072,Manufacturing,North America,Existing,Hybrid,2022-07-14,2023-02-14,7,171900.0,Completed,2,1604,0.3587
PRJ-00525,CLI-0111,Retail & Consumer,EMEA,Existing,On-site,2022-07-14,2022-09-14,2,122700.0,Completed,4,1135,0.3201
PRJ-00513,CLI-0067,Healthcare,North America,Existing,Hybrid,2022-07-14,2022-11-14,4,468500.0,Completed,5,2963,0.3806
PRJ-00522,CLI-0250,Energy & Utilities,APAC,Existing,Hybrid,2022-07-16,2022-11-16,4,439500.0,Completed,3,1508,0.2438
PRJ-00512,CLI-0334,Healthcare,EMEA,New,On-site,2022-07-17,2023-01-17,6,300300.0,Completed,5,3929,0.2187
PRJ-00517,CLI-0140,Financial Services,North America,Existing,On-site,2022-07-17,2022-09-17,2,243800.0,Completed,3,728,0.283
PRJ-00516,CLI-0345,Retail & Consumer,EMEA,Existing,Remote,2022-07-18,2022-12-18,5,153600.0,Completed,3,1858,0.5026
PRJ-00529,CLI-0154,Financial Services,LATAM,New,Remote,2022-07-20,2023-02-20,7,480100.0,Completed,6,5638,0.3254
PRJ-00507,CLI-0174,Retail & Consumer,North America,New,Hybrid,2022-07-20,2023-02-20,7,85000.0,Completed,3,3068,0.3457
PRJ-00528,CLI-0093,Financial Services,APAC,Existing,Hybrid,2022-07-20,2022-12-20,5,472400.0,Completed,4,2849,0.2792
PRJ-00520,CLI-0327,Manufacturing,North America,Existing,Remote,2022-07-20,2022-08-20,1,238100.0,Completed,3,346,0.4149
PRJ-00532,CLI-0025,Technology & Telecom,North America,New,Remote,2022-07-21,2022-10-21,3,213400.0,Completed,4,1862,0.3592
PRJ-00540,CLI-0321,Healthcare,EMEA,Existing,Hybrid,2022-08-03,2022-12-03,4,299700.0,Completed,5,2250,0.2524
PRJ-00549,CLI-0122,Public Sector,North America,Existing,On-site,2022-08-03,2022-11-03,3,228400.0,Completed,3,1316,0.2863
PRJ-00547,CLI-0111,Retail & Consumer,North America,Existing,Hybrid,2022-08-04,2022-11-04,3,480000.0,Completed,6,2135,0.3414
PRJ-00555,CLI-0337,Public Sector,North America,Existing,Remote,2022-08-05,2022-11-05,3,140500.0,Cancelled,4,1469,0.3461
PRJ-00538,CLI-0409,Retail & Consumer,APAC,Existing,Remote,2022-08-05,2022-09-05,1,66100.0,Completed,1,119,0.2162
PRJ-00551,CLI-0131,Financial Services,North America,Existing,On-site,2022-08-05,2023-07-05,11,763500.0,Completed,7,10360,0.3053
PRJ-00541,CLI-0134,Healthcare,North America,New,Hybrid,2022-08-07,2022-11-07,3,175600.0,Completed,1,376,0.2687
PRJ-00542,CLI-0402,Financial Services,EMEA,Existing,Hybrid,2022-08-08,2022-12-08,4,116400.0,Completed,1,484,0.2957
PRJ-00550,CLI-0293,Healthcare,EMEA,Existing,On-site,2022-08-10,2022-10-10,2,328900.0,Completed,2,489,0.3357
PRJ-00543,CLI-0325,Technology & Telecom,North America,Existing,Hybrid,2022-08-12,2023-03-12,7,409900.0,Completed,1,1041,0.2098
PRJ-00544,CLI-0190,Financial Services,EMEA,Existing,Remote,2022-08-16,2023-01-16,5,144700.0,Cancelled,1,718,0.3518
PRJ-00548,CLI-0063,Public Sector,North America,Existing,Hybrid,2022-08-17,2022-10-17,2,182500.0,Completed,2,540,0.3235
PRJ-00546,CLI-0151,Financial Services,North America,New,Remote,2022-08-17,2023-04-17,8,353900.0,Completed,3,3270,0.2588
PRJ-00553,CLI-0405,Financial Services,APAC,Existing,Remote,2022-08-18,2023-03-18,7,472900.0,Completed,5,4260,0.2408
PRJ-00545,CLI-0254,Financial Services,EMEA,Existing,Remote,2022-08-18,2022-12-18,4,290000.0,Completed,1,526,0.2862
PRJ-00552,CLI-0281,Retail & Consumer,North America,New,On-site,2022-08-24,2023-04-24,8,260800.0,Completed,3,2891,0.2565
PRJ-00554,CLI-0047,Financial Services,EMEA,New,Remote,2022-08-24,2023-03-24,7,269100.0,Completed,3,2493,0.2902
PRJ-00539,CLI-0407,Energy & Utilities,North America,Existing,Remote,2022-08-25,2023-04-25,8,328500.0,Completed,6,6697,0.2241
PRJ-00537,CLI-0041,Healthcare,North America,Existing,Hybrid,2022-08-27,2023-01-27,5,107600.0,Completed,3,1923,0.339
PRJ-00574,CLI-0277,Financial Services,APAC,Existing,On-site,2022-09-01,2023-02-01,5,375300.0,Completed,4,2848,0.3511
PRJ-00570,CLI-0065,Manufacturing,EMEA,Existing,Hybrid,2022-09-01,2022-10-01,1,176900.0,Completed,1,147,0.22
PRJ-00565,CLI-0319,Public Sector,North America,Existing,Hybrid,2022-09-02,2023-03-02,6,675700.0,Completed,6,5368,0.2429
PRJ-00580,CLI-0235,Healthcare,North America,Existing,Hybrid,2022-09-02,2022-11-02,2,195100.0,Completed,5,1233,0.1746
PRJ-00566,CLI-0305,Public Sector,EMEA,New,Remote,2022-09-04,2023-05-04,8,520100.0,Completed,5,4881,0.2969
PRJ-00564,CLI-0369,Retail & Consumer,North America,Existing,On-site,2022-09-06,2023-01-06,4,306000.0,Completed,4,1945,0.2712
PRJ-00573,CLI-0178,Technology & Telecom,LATAM,New,Remote,2022-09-08,2023-06-08,9,502700.0,Completed,5,6005,0.2156
PRJ-00578,CLI-0012,Healthcare,EMEA,Existing,On-site,2022-09-08,2023-02-08,5,341200.0,Completed,3,2357,0.2097
PRJ-00576,CLI-0020,Retail & Consumer,North America,New,Hybrid,2022-09-08,2022-11-08,2,287800.0,Completed,3,715,0.3249
PRJ-00558,CLI-0047,Manufacturing,EMEA,Existing,Remote,2022-09-08,2022-12-08,3,759300.0,Completed,7,2910,0.2971
PRJ-00575,CLI-0199,Retail & Consumer,APAC,New,On-site,2022-09-08,2022-10-08,1,194500.0,Completed,3,382,0.3679
PRJ-00560,CLI-0190,Manufacturing,APAC,New,Hybrid,2022-09-10,2023-01-10,4,306300.0,Completed,4,2323,0.2645
PRJ-00572,CLI-0360,Technology & Telecom,North America,Existing,On-site,2022-09-12,2023-06-12,9,270700.0,Completed,2,2517,0.1787
PRJ-00559,CLI-0198,Financial Services,APAC,New,Remote,2022-09-14,2022-12-14,3,363900.0,Completed,5,1915,0.2533
PRJ-00556,CLI-0068,Healthcare,North America,New,Remote,2022-09-17,2022-12-17,3,255100.0,Completed,2,904,0.4266
PRJ-00563,CLI-0086,Financial Services,EMEA,New,Remote,2022-09-18,2023-01-18,4,393700.0,Completed,3,1600,0.2315
PRJ-00569,CLI-0164,Retail & Consumer,APAC,New,Remote,2022-09-19,2023-04-19,7,878300.0,Completed,11,10655,0.1291
PRJ-00581,CLI-0061,Public Sector,EMEA,New,Hybrid,2022-09-20,2023-01-20,4,159500.0,Completed,1,513,0.1913
PRJ-00561,CLI-0210,Healthcare,EMEA,New,On-site,2022-09-25,2022-12-25,3,374500.0,Completed,4,1605,0.2218
PRJ-00557,CLI-0065,Manufacturing,North America,Existing,Hybrid,2022-09-25,2023-01-25,4,463900.0,Completed,4,2309,0.3183
PRJ-00577,CLI-0274,Manufacturing,North America,Existing,Remote,2022-09-26,2023-07-26,10,754900.0,Completed,9,11942,0.3603
PRJ-00568,CLI-0010,Healthcare,North America,Existing,Remote,2022-09-26,2022-11-26,2,218000.0,Completed,4,949,0.2658
PRJ-00562,CLI-0151,Energy & Utilities,LATAM,Existing,Remote,2022-09-26,2022-12-26,3,224000.0,Completed,2,865,0.2715
PRJ-00567,CLI-0067,Technology & Telecom,EMEA,Existing,Remote,2022-09-27,2023-04-27,7,340200.0,Completed,4,4021,0.2111
PRJ-00579,CLI-0247,Technology & Telecom,North America,Existing,Remote,2022-09-27,2023-06-27,9,1142400.0,Completed,12,13349,0.3279
PRJ-00571,CLI-0314,Technology & Telecom,EMEA,New,Hybrid,2022-09-28,2022-10-28,1,342100.0,Completed,4,578,0.2408
PRJ-00591,CLI-0396,Public Sector,APAC,New,Hybrid,2022-10-01,2023-02-01,4,212300.0,Completed,3,1594,0.3226
PRJ-00599,CLI-0350,Financial Services,LATAM,Existing,Hybrid,2022-10-01,2023-05-01,7,355400.0,Completed,3,2692,0.2956
PRJ-00587,CLI-0031,Public Sector,EMEA,New,Hybrid,2022-10-01,2023-01-01,3,122500.0,Completed,1,427,0.4007
PRJ-00601,CLI-0191,Healthcare,EMEA,New,Hybrid,2022-10-03,2023-01-03,3,304700.0,Completed,2,776,0.4487
PRJ-00607,CLI-0176,Manufacturing,North America,Existing,Hybrid,2022-10-03,2023-04-03,6,295300.0,Completed,4,3101,0.1831
PRJ-00588,CLI-0252,Manufacturing,APAC,Existing,Hybrid,2022-10-04,2023-01-04,3,310100.0,Completed,3,1147,0.277
PRJ-00596,CLI-0007,Retail & Consumer,North America,Existing,On-site,2022-10-04,2022-11-04,1,145900.0,Completed,3,418,0.1996
PRJ-00608,CLI-0138,Energy & Utilities,EMEA,Existing,Hybrid,2022-10-06,2023-08-06,10,712300.0,Completed,7,10728,0.1938
PRJ-00606,CLI-0024,Healthcare,North America,New,Hybrid,2022-10-08,2023-02-08,4,256100.0,Completed,2,1153,0.1971
PRJ-00584,CLI-0174,Public Sector,EMEA,Existing,On-site,2022-10-09,2023-05-09,7,314700.0,Completed,4,4169,0.3032
PRJ-00595,CLI-0015,Technology & Telecom,APAC,New,On-site,2022-10-09,2023-03-09,5,419900.0,Completed,2,1488,0.2484
PRJ-00590,CLI-0183,Energy & Utilities,APAC,Existing,On-site,2022-10-10,2023-04-10,6,517100.0,Cancelled,5,4267,0.2704
PRJ-00598,CLI-0336,Manufacturing,EMEA,New,Hybrid,2022-10-11,2023-03-11,5,357100.0,Completed,6,3434,0.365
PRJ-00597,CLI-0257,Public Sector,APAC,New,Hybrid,2022-10-11,2023-03-11,5,143100.0,Completed,1,566,0.3091
PRJ-00593,CLI-0071,Manufacturing,EMEA,Existing,Hybrid,2022-10-13,2023-01-13,3,188000.0,Completed,3,1075,0.3538
PRJ-00586,CLI-0052,Manufacturing,North America,Existing,Hybrid,2022-10-14,2023-06-14,8,335500.0,Completed,4,3634,0.2097
PRJ-00602,CLI-0325,Financial Services,North America,Existing,Remote,2022-10-15,2023-02-15,4,476900.0,Completed,5,2617,0.2482
PRJ-00594,CLI-0311,Technology & Telecom,North America,Existing,Hybrid,2022-10-18,2023-04-18,6,998300.0,Completed,9,7031,0.2712
PRJ-00583,CLI-0364,Public Sector,North America,Existing,Remote,2022-10-18,2023-06-18,8,516600.0,Completed,6,6945,0.2736
PRJ-00609,CLI-0019,Retail & Consumer,North America,Existing,Hybrid,2022-10-20,2023-01-20,3,201900.0,Completed,1,414,0.1872
PRJ-00592,CLI-0145,Energy & Utilities,North America,New,Hybrid,2022-10-21,2022-11-21,1,583500.0,Completed,6,738,0.39
PRJ-00605,CLI-0007,Public Sector,LATAM,Existing,Hybrid,2022-10-21,2023-04-21,6,263500.0,Completed,5,4042,0.0906
PRJ-00603,CLI-0222,Technology & Telecom,North America,Existing,Hybrid,2022-10-22,2023-05-22,7,404100.0,Completed,5,4202,0.2403
PRJ-00604,CLI-0267,Retail & Consumer,North America,Existing,Hybrid,2022-10-22,2022-12-22,2,161400.0,Completed,3,853,0.2214
PRJ-00582,CLI-0103,Public Sector,North America,Existing,Remote,2022-10-22,2023-01-22,3,150800.0,Completed,2,680,0.3877
PRJ-00589,CLI-0339,Public Sector,EMEA,Existing,Hybrid,2022-10-23,2023-08-23,10,466800.0,Completed,7,9033,0.3331
PRJ-00600,CLI-0166,Energy & Utilities,North America,Existing,Hybrid,2022-10-24,2023-02-24,4,480000.0,Completed,4,2074,0.2845
PRJ-00610,CLI-0138,Technology & Telecom,LATAM,New,Remote,2022-10-26,2023-04-26,6,374600.0,Completed,5,4255,0.2929
PRJ-00585,CLI-0270,Retail & Consumer,EMEA,New,Remote,2022-10-28,2023-04-28,6,259100.0,Completed,4,3431,0.3329
PRJ-00635,CLI-0392,Manufacturing,EMEA,Existing,Remote,2022-11-01,2023-02-01,3,198500.0,Completed,1,410,0.2606
PRJ-00632,CLI-0130,Retail & Consumer,EMEA,Existing,Remote,2022-11-01,2023-02-01,3,206200.0,Completed,1,434,0.2646
PRJ-00643,CLI-0196,Healthcare,EMEA,Existing,Remote,2022-11-01,2022-12-01,1,393900.0,Completed,5,740,0.3473
PRJ-00619,CLI-0374,Financial Services,LATAM,Existing,On-site,2022-11-01,2023-06-01,7,355900.0,Completed,4,3152,0.3043
PRJ-00624,CLI-0053,Technology & Telecom,North America,Existing,Hybrid,2022-11-02,2023-04-02,5,393200.0,Completed,4,2776,0.2535
PRJ-00623,CLI-0405,Public Sector,North America,New,Hybrid,2022-11-03,2023-06-03,7,440800.0,Completed,6,5689,0.2705
PRJ-00637,CLI-0029,Manufacturing,North America,Existing,Hybrid,2022-11-07,2023-02-07,3,159100.0,Completed,1,359,0.2519
PRJ-00626,CLI-0335,Public Sector,APAC,New,Remote,2022-11-07,2023-01-07,2,277500.0,Completed,2,471,0.2287
PRJ-00631,CLI-0123,Manufacturing,EMEA,Existing,On-site,2022-11-07,2023-09-07,10,789600.0,Completed,10,15081,0.3466
PRJ-00612,CLI-0293,Healthcare,EMEA,Existing,Hybrid,2022-11-08,2023-04-08,5,481300.0,Completed,5,3446,0.4111
PRJ-00616,CLI-0236,Healthcare,LATAM,New,Hybrid,2022-11-09,2023-03-09,4,260900.0,Completed,4,2366,0.3564
PRJ-00613,CLI-0251,Public Sector,EMEA,New,Remote,2022-11-09,2023-04-09,5,415200.0,Completed,3,2170,0.2261
PRJ-00638,CLI-0335,Manufacturing,North America,Existing,On-site,2022-11-11,2023-04-11,5,636900.0,Completed,7,5048,0.238
PRJ-00625,CLI-0159,Energy & Utilities,North America,New,Hybrid,2022-11-11,2023-06-11,7,322900.0,Completed,3,2766,0.3459
PRJ-00615,CLI-0167,Public Sector,North America,New,Hybrid,2022-11-13,2023-05-13,6,459700.0,Completed,5,4182,0.2556
PRJ-00611,CLI-0214,Energy & Utilities,North America,New,Remote,2022-11-13,2023-04-13,5,702300.0,Completed,7,5374,0.2482
PRJ-00641,CLI-0277,Healthcare,North America,Existing,On-site,2022-11-15,2023-05-15,6,344500.0,Cancelled,5,3634,0.4033
PRJ-00622,CLI-0070,Financial Services,North America,New,On-site,2022-11-15,2023-07-15,8,1084600.0,Completed,13,15851,0.2598
PRJ-00640,CLI-0343,Retail & Consumer,North America,Existing,Hybrid,2022-11-16,2023-01-16,2,139100.0,Completed,1,250,0.3605
PRJ-00621,CLI-0043,Technology & Telecom,North America,Existing,On-site,2022-11-17,2023-06-17,7,851400.0,Completed,9,8823,0.2506
PRJ-00644,CLI-0226,Public Sector,APAC,New,Hybrid,2022-11-19,2023-02-19,3,118000.0,Completed,2,867,0.3527
PRJ-00620,CLI-0103,Financial Services,LATAM,New,Hybrid,2022-11-21,2023-08-21,9,879700.0,Completed,9,9211,0.2591
PRJ-00630,CLI-0339,Retail & Consumer,North America,Existing,Remote,2022-11-22,2023-02-22,3,173100.0,Completed,1,369,0.2407
PRJ-00642,CLI-0255,Manufacturing,North America,Existing,Remote,2022-11-22,2023-02-22,3,145300.0,Completed,2,805,0.2318
PRJ-00618,CLI-0335,Healthcare,APAC,New,Hybrid,2022-11-22,2023-08-22,9,305100.0,Completed,4,5449,0.1415
PRJ-00645,CLI-0237,Manufacturing,APAC,New,On-site,2022-11-22,2023-02-22,3,314900.0,Completed,3,1382,0.1621
PRJ-00633,CLI-0358,Technology & Telecom,APAC,Existing,Remote,2022-11-23,2023-11-23,12,937500.0,Completed,10,17433,0.1982
PRJ-00629,CLI-0114,Energy & Utilities,EMEA,New,Hybrid,2022-11-23,2023-02-23,3,279800.0,Completed,1,383,0.2881
PRJ-00646,CLI-0299,Retail & Consumer,North America,New,On-site,2022-11-24,2023-04-24,5,419300.0,Completed,5,3501,0.1869
PRJ-00636,CLI-0151,Public Sector,EMEA,Existing,Hybrid,2022-11-24,2023-04-24,5,286000.0,Completed,1,770,0.2297
PRJ-00639,CLI-0255,Manufacturing,APAC,Existing,Hybrid,2022-11-25,2023-06-25,7,640800.0,Completed,7,5895,0.3976
PRJ-00614,CLI-0266,Public Sector,North America,New,On-site,2022-11-25,2023-02-25,3,553000.0,Completed,5,2059,0.1567
PRJ-00634,CLI-0340,Energy & Utilities,EMEA,Existing,Hybrid,2022-11-26,2023-09-26,10,660700.0,Completed,9,10907,0.2487
PRJ-00628,CLI-0284,Healthcare,North America,Existing,Hybrid,2022-11-26,2023-03-26,4,290600.0,Completed,5,2461,0.266
PRJ-00627,CLI-0266,Manufacturing,EMEA,Existing,Remote,2022-11-27,2023-03-27,4,206400.0,Completed,3,1448,0.328
PRJ-00617,CLI-0134,Financial Services,North America,Existing,Remote,2022-11-28,2023-04-28,5,463400.0,Completed,5,2818,0.2422
PRJ-00662,CLI-0202,Technology & Telecom,North America,New,Remote,2022-12-02,2023-07-02,7,628700.0,Completed,6,5675,0.285
PRJ-00650,CLI-0206,Retail & Consumer,APAC,Existing,Remote,2022-12-04,2023-05-04,5,481100.0,Completed,5,3123,0.3037
PRJ-00657,CLI-0315,Financial Services,EMEA,New,Remote,2022-12-05,2023-05-05,5,148400.0,Completed,2,1395,0.2449
PRJ-00680,CLI-0060,Retail & Consumer,EMEA,Existing,Remote,2022-12-05,2023-03-05,3,281400.0,Completed,4,1703,0.2084
PRJ-00684,CLI-0047,Financial Services,EMEA,Existing,On-site,2022-12-06,2023-02-06,2,300500.0,Completed,3,824,0.2707
PRJ-00676,CLI-0306,Energy & Utilities,North America,Existing,Remote,2022-12-06,2023-10-06,10,1011600.0,Completed,8,9383,0.2878
PRJ-00682,CLI-0383,Energy & Utilities,APAC,Existing,Hybrid,2022-12-06,2023-02-06,2,302400.0,Completed,2,531,0.2611
PRJ-00655,CLI-0228,Healthcare,APAC,New,On-site,2022-12-07,2023-05-07,5,320500.0,Completed,4,2780,0.3443
PRJ-00669,CLI-0023,Energy & Utilities,EMEA,Existing,Remote,2022-12-08,2023-08-08,8,458700.0,Cancelled,5,5708,0.3124
PRJ-00652,CLI-0231,Public Sector,North America,Existing,Remote,2022-12-09,2023-06-09,6,731600.0,Completed,9,7110,0.3317
PRJ-00668,CLI-0346,Public Sector,EMEA,New,Hybrid,2022-12-10,2023-05-10,5,396700.0,Completed,3,1946,0.2547
PRJ-00649,CLI-0132,Technology & Telecom,North America,Existing,Remote,2022-12-11,2023-07-11,7,747700.0,Completed,10,8708,0.2743
PRJ-00651,CLI-0078,Financial Services,APAC,Existing,Hybrid,2022-12-12,2023-07-12,7,558200.0,Completed,5,5377,0.205
PRJ-00675,CLI-0136,Healthcare,APAC,Existing,Hybrid,2022-12-12,2023-05-12,5,325400.0,Completed,2,1426,0.2568
PRJ-00681,CLI-0266,Technology & Telecom,EMEA,Existing,Hybrid,2022-12-12,2023-07-12,7,813400.0,Completed,8,8657,0.3126
PRJ-00666,CLI-0283,Retail & Consumer,North America,Existing,On-site,2022-12-14,2023-11-14,11,792100.0,Cancelled,10,14116,0.2084
PRJ-00660,CLI-0308,Manufacturing,APAC,Existing,Remote,2022-12-15,2023-04-15,4,432400.0,Completed,4,2147,0.3607
PRJ-00674,CLI-0170,Energy & Utilities,LATAM,New,Remote,2022-12-15,2023-07-15,7,365400.0,Completed,2,1898,0.2273
PRJ-00653,CLI-0051,Financial Services,North America,Existing,On-site,2022-12-15,2023-06-15,6,294900.0,Completed,3,2053,0.201
PRJ-00678,CLI-0241,Healthcare,North America,New,On-site,2022-12-16,2023-01-16,1,211600.0,Cancelled,3,382,0.2397
PRJ-00648,CLI-0164,Technology & Telecom,North America,Existing,Remote,2022-12-16,2023-07-16,7,774000.0,Completed,7,5804,0.2955
PRJ-00670,CLI-0136,Financial Services,North America,Existing,Remote,2022-12-16,2023-04-16,4,559000.0,Completed,5,2514,0.1489
PRJ-00685,CLI-0157,Financial Services,North America,Existing,Hybrid,2022-12-17,2023-05-17,5,216400.0,Completed,3,1975,0.3843
PRJ-00656,CLI-0277,Retail & Consumer,North America,Existing,Hybrid,2022-12-18,2023-06-18,6,190100.0,Completed,2,1599,0.2597
PRJ-00672,CLI-0012,Financial Services,North America,Existing,On-site,2022-12-19,2023-06-19,6,405300.0,Completed,4,2873,0.3435
PRJ-00665,CLI-0357,Manufacturing,EMEA,New,Hybrid,2022-12-19,2023-06-19,6,211600.0,Completed,4,3289,0.2483
PRJ-00683,CLI-0158,Healthcare,EMEA,Existing,Hybrid,2022-12-19,2023-05-19,5,530400.0,Cancelled,5,3272,0.2291
PRJ-00671,CLI-0267,Retail & Consumer,North America,Existing,Remote,2022-12-19,2023-03-19,3,180500.0,Completed,2,931,0.2942
PRJ-00667,CLI-0324,Energy & Utilities,North America,Existing,Remote,2022-12-20,2023-07-20,7,743500.0,Completed,6,4890,0.2556
PRJ-00661,CLI-0090,Financial Services,EMEA,Existing,Hybrid,2022-12-20,2023-06-20,6,433800.0,Completed,6,4337,0.3536
PRJ-00673,CLI-0260,Energy & Utilities,APAC,Existing,Hybrid,2022-12-21,2023-07-21,7,1104800.0,Completed,11,11508,0.2392
PRJ-00664,CLI-0211,Energy & Utilities,EMEA,Existing,Remote,2022-12-21,2023-09-21,9,1146400.0,Cancelled,12,15709,0.2681
PRJ-00659,CLI-0021,Technology & Telecom,EMEA,Existing,Remote,2022-12-21,2023-06-21,6,436900.0,Completed,5,3699,0.313
PRJ-00686,CLI-0324,Energy & Utilities,North America,New,On-site,2022-12-22,2023-08-22,8,1193500.0,Completed,14,12886,0.3117
PRJ-00647,CLI-0307,Financial Services,APAC,Existing,Hybrid,2022-12-23,2023-06-23,6,349100.0,Completed,4,2999,0.3228
PRJ-00663,CLI-0009,Manufacturing,APAC,Existing,Remote,2022-12-24,2023-04-24,4,333200.0,Cancelled,1,630,0.2901
PRJ-00658,CLI-0005,Manufacturing,APAC,New,Remote,2022-12-25,2023-04-25,4,335800.0,Completed,3,1471,0.2071
PRJ-00654,CLI-0360,Energy & Utilities,North America,Existing,Hybrid,2022-12-25,2023-04-25,4,283100.0,Completed,2,1260,0.2887
PRJ-00677,CLI-0021,Public Sector,North America,Existing,Hybrid,2022-12-27,2023-02-27,2,343600.0,Completed,5,1524,0.3673
PRJ-00679,CLI-0134,Financial Services,APAC,Existing,Remote,2022-12-28,2023-03-28,3,397000.0,Completed,2,818,0.252
PRJ-00704,CLI-0356,Retail & Consumer,EMEA,Existing,On-site,2023-01-03,2023-03-03,2,123500.0,Completed,1,225,0.3193
PRJ-00700,CLI-0026,Public Sector,APAC,Existing,On-site,2023-01-03,2023-08-03,7,363700.0,Completed,5,5050,0.3257
PRJ-00687,CLI-0380,Healthcare,EMEA,Existing,Hybrid,2023-01-06,2023-02-06,1,220300.0,Completed,3,354,0.3188
PRJ-00697,CLI-0245,Energy & Utilities,APAC,New,Hybrid,2023-01-06,2023-08-06,7,275500.0,Completed,2,1699,0.43
PRJ-00709,CLI-0328,Retail & Consumer,APAC,Existing,Remote,2023-01-07,2023-04-07,3,175400.0,Completed,4,1838,0.3218
PRJ-00705,CLI-0262,Public Sector,North America,Existing,Hybrid,2023-01-08,2023-05-08,4,317400.0,Completed,4,1955,0.1981
PRJ-00695,CLI-0038,Energy & Utilities,North America,New,Remote,2023-01-11,2023-08-11,7,281200.0,Completed,5,4348,0.1481
PRJ-00690,CLI-0213,Manufacturing,North America,Existing,Remote,2023-01-12,2023-02-12,1,215300.0,Completed,1,144,0.3448
PRJ-00699,CLI-0228,Energy & Utilities,North America,Existing,Hybrid,2023-01-13,2023-02-13,1,176100.0,Completed,2,312,0.2249
PRJ-00708,CLI-0068,Healthcare,North America,New,Hybrid,2023-01-14,2023-07-14,6,202600.0,Completed,1,699,0.2045
PRJ-00702,CLI-0402,Retail & Consumer,North America,New,Hybrid,2023-01-15,2023-02-15,1,139400.0,Completed,3,406,0.1823
PRJ-00706,CLI-0251,Public Sector,EMEA,New,Remote,2023-01-15,2023-05-15,4,283200.0,Completed,3,1505,0.2957
PRJ-00707,CLI-0352,Manufacturing,North America,Existing,Hybrid,2023-01-17,2023-06-17,5,169400.0,Completed,2,1172,0.1789
PRJ-00710,CLI-0323,Retail & Consumer,APAC,Existing,On-site,2023-01-17,2023-04-17,3,95100.0,Completed,1,427,0.2171
PRJ-00693,CLI-0295,Healthcare,EMEA,New,Hybrid,2023-01-20,2023-06-20,5,299600.0,Completed,1,687,0.2588
PRJ-00698,CLI-0054,Financial Services,North America,Existing,Hybrid,2023-01-20,2023-03-20,2,240200.0,Cancelled,2,556,0.2275
PRJ-00696,CLI-0030,Manufacturing,EMEA,Existing,Hybrid,2023-01-21,2023-04-21,3,252500.0,Completed,2,812,0.2962
PRJ-00688,CLI-0107,Public Sector,EMEA,New,On-site,2023-01-21,2023-05-21,4,319400.0,Completed,3,1743,0.2786
PRJ-00689,CLI-0038,Financial Services,EMEA,Existing,Remote,2023-01-23,2023-04-23,3,141200.0,Completed,1,365,0.4183
PRJ-00691,CLI-0075,Energy & Utilities,North America,Existing,On-site,2023-01-24,2023-08-24,7,406100.0,Completed,3,2592,0.2788
PRJ-00692,CLI-0149,Healthcare,North America,New,On-site,2023-01-25,2023-04-25,3,204000.0,Completed,3,1329,0.3761
PRJ-00701,CLI-0162,Energy & Utilities,EMEA,Existing,Remote,2023-01-26,2023-05-26,4,355700.0,Completed,2,1245,0.2167
PRJ-00703,CLI-0379,Technology & Telecom,North America,New,Remote,2023-01-26,2023-08-26,7,154900.0,Completed,3,3241,0.2041
PRJ-00694,CLI-0134,Retail & Consumer,North America,New,Remote,2023-01-27,2023-05-27,4,153800.0,Completed,2,1184,0.2968
PRJ-00743,CLI-0022,Manufacturing,EMEA,New,On-site,2023-02-01,2023-07-01,5,336100.0,Completed,3,1822,0.3045
PRJ-00734,CLI-0239,Healthcare,LATAM,New,On-site,2023-02-01,2023-09-01,7,299100.0,Completed,4,4334,0.3098
PRJ-00733,CLI-0022,Manufacturing,APAC,Existing,Hybrid,2023-02-02,2023-06-02,4,303200.0,Completed,2,1200,0.3865
PRJ-00739,CLI-0408,Energy & Utilities,APAC,Existing,Remote,2023-02-03,2023-06-03,4,144600.0,Completed,1,505,0.3309
PRJ-00738,CLI-0145,Technology & Telecom,EMEA,Existing,Hybrid,2023-02-04,2023-10-04,8,414500.0,Completed,3,3201,0.2766
PRJ-00725,CLI-0166,Public Sector,EMEA,New,Hybrid,2023-02-05,2023-11-05,9,559900.0,Completed,7,8617,0.2052
PRJ-00712,CLI-0352,Financial Services,EMEA,Existing,Remote,2023-02-06,2023-09-06,7,505200.0,Completed,4,3727,0.3241
PRJ-00717,CLI-0043,Retail & Consumer,North America,New,Hybrid,2023-02-07,2023-04-07,2,425200.0,Completed,4,1256,0.2432
PRJ-00718,CLI-0392,Healthcare,North America,Existing,Remote,2023-02-07,2023-07-07,5,196300.0,Completed,1,726,0.3217
PRJ-00715,CLI-0412,Technology & Telecom,North America,Existing,Hybrid,2023-02-08,2023-06-08,4,416200.0,Completed,3,1593,0.2394
PRJ-00726,CLI-0165,Technology & Telecom,North America,New,Hybrid,2023-02-08,2023-07-08,5,490500.0,Completed,5,2851,0.2898
PRJ-00724,CLI-0145,Retail & Consumer,EMEA,New,Remote,2023-02-08,2023-07-08,5,384500.0,Completed,3,1838,0.2853
PRJ-00729,CLI-0404,Energy & Utilities,APAC,Existing,Hybrid,2023-02-09,2023-06-09,4,460600.0,Completed,6,3356,0.3892
PRJ-00722,CLI-0136,Public Sector,North America,Existing,On-site,2023-02-09,2023-07-09,5,258000.0,Completed,2,1277,0.1801
PRJ-00720,CLI-0305,Manufacturing,North America,Existing,Hybrid,2023-02-10,2023-06-10,4,234900.0,Completed,1,485,0.2424
PRJ-00719,CLI-0253,Financial Services,EMEA,New,Hybrid,2023-02-11,2023-05-11,3,203900.0,Completed,3,1307,0.2786
PRJ-00742,CLI-0309,Energy & Utilities,EMEA,Existing,On-site,2023-02-12,2023-09-12,7,528600.0,Completed,6,5396,0.1899
PRJ-00727,CLI-0337,Manufacturing,EMEA,Existing,On-site,2023-02-12,2023-05-12,3,146000.0,Completed,1,462,0.2974
PRJ-00731,CLI-0276,Healthcare,LATAM,Existing,Hybrid,2023-02-13,2023-08-13,6,349800.0,Completed,4,3356,0.2994
PRJ-00713,CLI-0291,Energy & Utilities,EMEA,Existing,Hybrid,2023-02-14,2023-07-14,5,361700.0,Completed,4,2883,0.2029
PRJ-00714,CLI-0371,Healthcare,North America,Existing,Hybrid,2023-02-16,2023-05-16,3,157700.0,Completed,3,1319,0.3544
PRJ-00716,CLI-0416,Public Sector,LATAM,New,On-site,2023-02-18,2023-05-18,3,163700.0,Completed,1,415,0.2797
PRJ-00737,CLI-0105,Healthcare,EMEA,Existing,Hybrid,2023-02-21,2023-09-21,7,473700.0,Completed,6,4741,0.1891
PRJ-00740,CLI-0181,Healthcare,EMEA,Existing,Hybrid,2023-02-22,2023-06-22,4,149200.0,Completed,1,619,0.3753
PRJ-00732,CLI-0157,Manufacturing,North America,Existing,On-site,2023-02-22,2023-06-22,4,386900.0,Completed,1,516,0.3571
PRJ-00741,CLI-0200,Energy & Utilities,APAC,New,On-site,2023-02-22,2023-07-22,5,634500.0,Completed,5,3470,0.3251
PRJ-00730,CLI-0342,Financial Services,EMEA,Existing,On-site,2023-02-23,2023-05-23,3,467600.0,Completed,6,2771,0.295
PRJ-00735,CLI-0147,Public Sector,EMEA,Existing,Remote,2023-02-23,2023-05-23,3,573200.0,Completed,9,3920,0.2759
PRJ-00736,CLI-0136,Financial Services,North America,Existing,Remote,2023-02-23,2023-09-23,7,240300.0,Completed,2,1893,0.3525
PRJ-00711,CLI-0249,Healthcare,EMEA,New,Hybrid,2023-02-25,2023-05-25,3,468700.0,Completed,5,1903,0.2808
PRJ-00723,CLI-0039,Retail & Consumer,APAC,New,On-site,2023-02-26,2023-06-26,4,169400.0,Completed,3,1828,0.1265
PRJ-00728,CLI-0086,Manufacturing,North America,Existing,Hybrid,2023-02-27,2023-08-27,6,475700.0,Completed,5,4176,0.267
PRJ-00721,CLI-0185,Manufacturing,EMEA,Existing,On-site,2023-02-28,2023-06-28,4,449500.0,Completed,5,2992,0.2737
PRJ-00765,CLI-0313,Energy & Utilities,North America,Existing,Hybrid,2023-03-01,2023-10-01,7,798100.0,Completed,9,9155,0.2877
PRJ-00751,CLI-0164,Technology & Telecom,North America,Existing,Hybrid,2023-03-01,2023-08-01,5,452200.0,Completed,6,3980,0.256
PRJ-00754,CLI-0068,Healthcare,EMEA,Existing,Hybrid,2023-03-01,2023-08-01,5,250600.0,Completed,3,1700,0.244
PRJ-00757,CLI-0345,Public Sector,LATAM,Existing,Remote,2023-03-02,2023-06-02,3,131100.0,Completed,1,424,0.2967
PRJ-00749,CLI-0183,Energy & Utilities,LATAM,Existing,On-site,2023-03-04,2023-09-04,6,507400.0,Completed,4,3717,0.3716
PRJ-00769,CLI-0105,Healthcare,North America,Existing,On-site,2023-03-04,2023-10-04,7,194000.0,Completed,3,3259,0.3777
PRJ-00772,CLI-0283,Technology & Telecom,North America,New,On-site,2023-03-07,2023-09-07,6,553900.0,Completed,6,5035,0.2942
PRJ-00763,CLI-0184,Retail & Consumer,North America,Existing,Remote,2023-03-07,2023-05-07,2,213400.0,Completed,3,687,0.3896
PRJ-00748,CLI-0177,Energy & Utilities,North America,Existing,Remote,2023-03-08,2023-07-08,4,440100.0,Completed,5,2938,0.1975
PRJ-00755,CLI-0240,Financial Services,LATAM,Existing,Hybrid,2023-03-09,2023-06-09,3,475100.0,Completed,3,1129,0.2445
PRJ-00750,CLI-0400,Public Sector,APAC,New,Hybrid,2023-03-09,2023-07-09,4,238400.0,Completed,3,1846,0.2936
PRJ-00745,CLI-0080,Financial Services,North America,New,On-site,2023-03-09,2023-07-09,4,655000.0,Completed,6,3441,0.28
PRJ-00760,CLI-0285,Public Sector,North America,Existing,Hybrid,2023-03-10,2023-05-10,2,260100.0,Completed,1,247,0.4059
PRJ-00766,CLI-0289,Public Sector,North America,New,On-site,2023-03-11,2023-07-11,4,431200.0,Completed,5,2791,0.3456
PRJ-00771,CLI-0290,Energy & Utilities,North America,Existing,Remote,2023-03-14,2023-05-14,2,372600.0,Completed,5,1282,0.2248
PRJ-00774,CLI-0151,Energy & Utilities,EMEA,Existing,Hybrid,2023-03-14,2023-10-14,7,536300.0,Completed,5,4803,0.3489
PRJ-00780,CLI-0070,Financial Services,North America,New,Hybrid,2023-03-14,2023-07-14,4,404200.0,Completed,6,2810,0.2553
PRJ-00752,CLI-0334,Financial Services,EMEA,New,Remote,2023-03-15,2024-03-15,12,1271400.0,Completed,12,16325,0.3298
PRJ-00753,CLI-0396,Manufacturing,APAC,Existing,Hybrid,2023-03-15,2023-09-15,6,255900.0,Completed,1,731,0.2344
PRJ-00747,CLI-0332,Technology & Telecom,EMEA,New,Remote,2023-03-15,2023-11-15,8,693900.0,Completed,6,5417,0.3117
PRJ-00775,CLI-0017,Public Sector,North America,New,On-site,2023-03-16,2023-06-16,3,307100.0,Completed,2,710,0.2596
PRJ-00776,CLI-0024,Manufacturing,EMEA,New,Remote,2023-03-17,2023-06-17,3,178600.0,Cancelled,3,1212,0.141
PRJ-00762,CLI-0110,Manufacturing,APAC,Existing,Hybrid,2023-03-18,2023-10-18,7,244900.0,Completed,4,3606,0.2471
PRJ-00756,CLI-0391,Energy & Utilities,North America,New,On-site,2023-03-18,2023-08-18,5,718900.0,Completed,8,5611,0.4211
PRJ-00767,CLI-0381,Public Sector,North America,New,Hybrid,2023-03-18,2023-08-18,5,344100.0,Completed,4,2715,0.2832
PRJ-00744,CLI-0230,Retail & Consumer,APAC,Existing,Remote,2023-03-19,2023-08-19,5,366500.0,Completed,3,2028,0.3058
PRJ-00746,CLI-0397,Financial Services,LATAM,New,Hybrid,2023-03-19,2023-05-19,2,206200.0,Completed,3,751,0.1922
PRJ-00777,CLI-0151,Energy & Utilities,APAC,Existing,Hybrid,2023-03-19,2023-08-19,5,371700.0,Completed,6,4092,0.2763
PRJ-00770,CLI-0207,Financial Services,North America,New,Hybrid,2023-03-19,2023-07-19,4,594800.0,Completed,6,3001,0.332
PRJ-00768,CLI-0165,Financial Services,North America,Existing,Hybrid,2023-03-21,2023-07-21,4,381600.0,Cancelled,4,2513,0.3324
PRJ-00773,CLI-0108,Public Sector,APAC,Existing,Hybrid,2023-03-22,2023-08-22,5,273000.0,Completed,3,1908,0.2718
PRJ-00778,CLI-0141,Energy & Utilities,EMEA,New,Hybrid,2023-03-22,2023-10-22,7,633600.0,Completed,7,6968,0.3028
PRJ-00779,CLI-0360,Manufacturing,North America,New,On-site,2023-03-22,2023-08-22,5,445100.0,Completed,6,3934,0.2461
PRJ-00758,CLI-0047,Healthcare,LATAM,Existing,Hybrid,2023-03-23,2024-01-23,10,831000.0,Completed,9,10865,0.2733
PRJ-00764,CLI-0273,Energy & Utilities,EMEA,New,Hybrid,2023-03-24,2023-05-24,2,339500.0,Completed,3,689,0.3149
PRJ-00759,CLI-0314,Energy & Utilities,EMEA,New,Remote,2023-03-25,2023-07-25,4,467100.0,Completed,6,3357,0.3001
PRJ-00761,CLI-0192,Public Sector,LATAM,Existing,Hybrid,2023-03-26,2023-06-26,3,264300.0,Completed,3,1395,0.2432
PRJ-00792,CLI-0080,Retail & Consumer,APAC,Existing,Hybrid,2023-04-03,2023-07-03,3,140200.0,Completed,2,931,0.3617
PRJ-00801,CLI-0371,Public Sector,EMEA,New,Remote,2023-04-05,2023-09-05,5,309100.0,Completed,1,659,0.3098
PRJ-00790,CLI-0304,Financial Services,EMEA,Existing,Remote,2023-04-05,2023-11-05,7,368300.0,Completed,4,3780,0.3253
PRJ-00787,CLI-0411,Manufacturing,APAC,Existing,Remote,2023-04-05,2023-09-05,5,224200.0,Completed,2,1394,0.2481
PRJ-00797,CLI-0124,Technology & Telecom,EMEA,New,On-site,2023-04-07,2023-10-07,6,573100.0,Completed,4,3213,0.1303
PRJ-00782,CLI-0172,Technology & Telecom,North America,Existing,Remote,2023-04-09,2023-09-09,5,462800.0,Completed,5,3052,0.2905
PRJ-00791,CLI-0330,Energy & Utilities,North America,Existing,Hybrid,2023-04-09,2023-12-09,8,488500.0,Completed,8,8334,0.1883
PRJ-00788,CLI-0087,Manufacturing,North America,Existing,Hybrid,2023-04-09,2023-06-09,2,295600.0,Completed,2,557,0.3245
PRJ-00798,CLI-0103,Healthcare,North America,Existing,Remote,2023-04-12,2023-08-12,4,109100.0,Completed,1,516,0.2464
PRJ-00794,CLI-0173,Healthcare,LATAM,New,Hybrid,2023-04-14,2023-10-14,6,159500.0,Cancelled,1,794,0.239
PRJ-00789,CLI-0273,Manufacturing,APAC,Existing,Hybrid,2023-04-14,2023-10-14,6,317400.0,Completed,3,2652,0.3163
PRJ-00799,CLI-0364,Manufacturing,APAC,Existing,Remote,2023-04-14,2023-08-14,4,213800.0,Completed,1,504,0.2992
PRJ-00786,CLI-0292,Technology & Telecom,APAC,Existing,Hybrid,2023-04-17,2023-07-17,3,318900.0,Completed,4,1674,0.2976
PRJ-00796,CLI-0059,Financial Services,EMEA,Existing,Hybrid,2023-04-19,2023-11-19,7,479400.0,Completed,5,5175,0.2192
PRJ-00785,CLI-0400,Financial Services,EMEA,Existing,Remote,2023-04-21,2023-06-21,2,326400.0,Completed,3,828,0.267
PRJ-00784,CLI-0377,Financial Services,EMEA,New,Remote,2023-04-21,2023-09-21,5,283500.0,Completed,3,2186,0.284
PRJ-00802,CLI-0367,Manufacturing,EMEA,Existing,Hybrid,2023-04-21,2023-11-21,7,249200.0,Completed,3,2371,0.3766
PRJ-00800,CLI-0224,Healthcare,LATAM,Existing,On-site,2023-04-22,2023-10-22,6,292000.0,Completed,1,836,0.1591
PRJ-00793,CLI-0155,Retail & Consumer,North America,Existing,Remote,2023-04-24,2023-08-24,4,115000.0,Completed,1,528,0.2649
PRJ-00781,CLI-0344,Retail & Consumer,EMEA,Existing,Hybrid,2023-04-25,2023-07-25,3,137600.0,Completed,2,876,0.3294
PRJ-00795,CLI-0257,Public Sector,North America,Existing,Hybrid,2023-04-25,2023-09-25,5,148100.0,Completed,3,2234,0.3718
PRJ-00783,CLI-0370,Public Sector,APAC,Existing,Remote,2023-04-26,2023-10-26,6,226300.0,Completed,5,4674,0.2558
PRJ-00804,CLI-0028,Energy & Utilities,APAC,Existing,Remote,2023-05-01,2023-10-01,5,278500.0,Completed,1,651,0.1406
PRJ-00808,CLI-0040,Technology & Telecom,North America,Existing,On-site,2023-05-01,2023-11-01,6,437200.0,Completed,4,3158,0.245
PRJ-00827,CLI-0019,Retail & Consumer,EMEA,New,On-site,2023-05-01,2023-12-01,7,392900.0,Cancelled,5,5396,0.3859
PRJ-00815,CLI-0385,Technology & Telecom,EMEA,New,Hybrid,2023-05-02,2024-04-02,11,944800.0,Completed,10,14392,0.3607
PRJ-00803,CLI-0122,Financial Services,North America,Existing,Hybrid,2023-05-03,2023-11-03,6,515300.0,Completed,3,2061,0.1628
PRJ-00818,CLI-0414,Manufacturing,EMEA,Existing,Hybrid,2023-05-04,2023-07-04,2,290500.0,Completed,3,853,0.1392
PRJ-00826,CLI-0301,Energy & Utilities,LATAM,New,Hybrid,2023-05-05,2023-11-05,6,404900.0,Completed,4,3642,0.2285
PRJ-00816,CLI-0167,Technology & Telecom,North America,New,On-site,2023-05-06,2023-08-06,3,680700.0,Completed,6,2271,0.2674
PRJ-00825,CLI-0088,Technology & Telecom,EMEA,Existing,Remote,2023-05-06,2023-11-06,6,804200.0,Completed,8,6329,0.5205
PRJ-00824,CLI-0250,Healthcare,EMEA,Existing,Remote,2023-05-06,2024-03-06,10,890500.0,Completed,11,16477,0.3759
PRJ-00819,CLI-0062,Public Sector,EMEA,New,Hybrid,2023-05-07,2023-09-07,4,113200.0,Completed,1,540,0.2102
PRJ-00823,CLI-0129,Financial Services,North America,Existing,Hybrid,2023-05-07,2024-03-07,10,954600.0,Completed,11,17132,0.3077
PRJ-00805,CLI-0390,Manufacturing,EMEA,New,Remote,2023-05-11,2023-10-11,5,537200.0,Completed,6,4502,0.3664
PRJ-00806,CLI-0254,Retail & Consumer,EMEA,Existing,Hybrid,2023-05-11,2023-08-11,3,527900.0,Completed,5,1922,0.387
PRJ-00813,CLI-0293,Retail & Consumer,North America,New,Hybrid,2023-05-12,2023-11-12,6,254400.0,Completed,2,1429,0.2317
PRJ-00811,CLI-0356,Energy & Utilities,APAC,New,Hybrid,2023-05-12,2023-11-12,6,604500.0,Completed,4,3619,0.1488
PRJ-00812,CLI-0403,Manufacturing,North America,New,Hybrid,2023-05-14,2023-10-14,5,377900.0,Completed,5,3543,0.2034
PRJ-00807,CLI-0054,Healthcare,North America,Existing,On-site,2023-05-16,2024-03-16,10,757400.0,Completed,7,8932,0.3812
PRJ-00820,CLI-0355,Manufacturing,North America,Existing,On-site,2023-05-22,2023-09-22,4,245100.0,Completed,1,584,0.3806
PRJ-00821,CLI-0313,Retail & Consumer,North America,Existing,Hybrid,2023-05-23,2023-12-23,7,231400.0,Completed,3,2516,0.1026
PRJ-00809,CLI-0252,Retail & Consumer,EMEA,Existing,Remote,2023-05-24,2024-02-24,9,448800.0,Completed,4,5622,0.2395
PRJ-00810,CLI-0307,Manufacturing,EMEA,Existing,Hybrid,2023-05-27,2024-01-27,8,413000.0,Completed,6,6224,0.2196
PRJ-00817,CLI-0419,Energy & Utilities,North America,Existing,Remote,2023-05-27,2024-02-27,9,451600.0,Completed,4,4109,0.3052
PRJ-00822,CLI-0347,Financial Services,EMEA,New,Remote,2023-05-28,2024-01-28,8,309600.0,Completed,3,3122,0.2361
PRJ-00814,CLI-0302,Healthcare,EMEA,Existing,Remote,2023-05-28,2023-11-28,6,260000.0,Completed,4,2822,0.1978
PRJ-00851,CLI-0044,Technology & Telecom,EMEA,New,On-site,2023-06-01,2023-11-01,5,499000.0,Cancelled,4,2826,0.2651
PRJ-00847,CLI-0340,Public Sector,APAC,Existing,Hybrid,2023-06-01,2023-09-01,3,309400.0,Completed,3,1159,0.307
PRJ-00829,CLI-0258,Financial Services,North America,Existing,On-site,2023-06-01,2023-12-01,6,369100.0,Completed,3,2469,0.2079
PRJ-00861,CLI-0179,Healthcare,APAC,Existing,On-site,2023-06-03,2023-08-03,2,202300.0,Completed,2,515,0.295
PRJ-00844,CLI-0269,Retail & Consumer,North America,New,Remote,2023-06-04,2023-07-04,1,92300.0,Completed,1,135,0.221
PRJ-00835,CLI-0089,Retail & Consumer,EMEA,New,Hybrid,2023-06-04,2023-07-04,1,195200.0,Completed,3,454,0.2259
PRJ-00833,CLI-0407,Financial Services,EMEA,Existing,Hybrid,2023-06-05,2023-09-05,3,287600.0,Completed,5,1805,0.3963
PRJ-00842,CLI-0067,Manufacturing,EMEA,Existing,On-site,2023-06-06,2024-01-06,7,280800.0,Completed,4,3932,0.3241
PRJ-00865,CLI-0179,Healthcare,North America,Existing,On-site,2023-06-07,2023-11-07,5,523700.0,Completed,5,2942,0.3345
PRJ-00863,CLI-0295,Financial Services,North America,Existing,On-site,2023-06-07,2024-02-07,8,668600.0,Completed,8,7280,0.3941
PRJ-00846,CLI-0087,Healthcare,EMEA,Existing,Hybrid,2023-06-07,2023-12-07,6,308200.0,Completed,2,1451,0.1622
PRJ-00853,CLI-0302,Manufacturing,EMEA,Existing,On-site,2023-06-08,2023-11-08,5,270000.0,Completed,2,1432,0.4871
PRJ-00862,CLI-0406,Manufacturing,North America,Existing,On-site,2023-06-08,2023-11-08,5,175400.0,Completed,1,780,0.218
PRJ-00855,CLI-0268,Public Sector,EMEA,Existing,On-site,2023-06-09,2024-02-09,8,228500.0,Completed,1,1025,0.3178
PRJ-00849,CLI-0208,Energy & Utilities,LATAM,Existing,Remote,2023-06-09,2023-12-09,6,383500.0,Completed,5,3693,0.1809
PRJ-00859,CLI-0271,Technology & Telecom,North America,New,Remote,2023-06-10,2023-10-10,4,307400.0,Completed,5,2799,0.3124
PRJ-00828,CLI-0285,Energy & Utilities,EMEA,Existing,On-site,2023-06-10,2024-01-10,7,462000.0,Completed,4,3225,0.2189
PRJ-00830,CLI-0085,Retail & Consumer,APAC,Existing,Hybrid,2023-06-10,2023-11-10,5,300800.0,Completed,3,2250,0.2085
PRJ-00845,CLI-0248,Energy & Utilities,EMEA,Existing,Hybrid,2023-06-12,2023-08-12,2,449100.0,Completed,3,704,0.3169
PRJ-00857,CLI-0099,Public Sector,APAC,Existing,Remote,2023-06-12,2023-09-12,3,328700.0,Completed,3,1254,0.3419
PRJ-00840,CLI-0126,Financial Services,LATAM,Existing,Hybrid,2023-06-12,2023-08-12,2,220500.0,Completed,3,817,0.4182
PRJ-00838,CLI-0086,Financial Services,EMEA,New,On-site,2023-06-12,2023-07-12,1,249200.0,Completed,3,397,0.3404
PRJ-00852,CLI-0263,Healthcare,North America,New,Hybrid,2023-06-13,2023-10-13,4,222500.0,Completed,4,2384,0.2532
PRJ-00850,CLI-0221,Retail & Consumer,APAC,Existing,On-site,2023-06-14,2023-07-14,1,316200.0,Completed,3,432,0.2908
PRJ-00841,CLI-0281,Technology & Telecom,APAC,New,On-site,2023-06-14,2023-12-14,6,696400.0,Completed,6,4340,0.1485
PRJ-00834,CLI-0390,Energy & Utilities,EMEA,Existing,Remote,2023-06-14,2023-11-14,5,810900.0,Completed,9,6718,0.445
PRJ-00854,CLI-0347,Healthcare,EMEA,Existing,On-site,2023-06-15,2023-10-15,4,442400.0,Completed,6,3270,0.2618
PRJ-00832,CLI-0216,Energy & Utilities,APAC,New,On-site,2023-06-16,2023-12-16,6,505200.0,Completed,4,3582,0.313
PRJ-00837,CLI-0405,Financial Services,North America,New,On-site,2023-06-18,2023-12-18,6,1009100.0,Completed,11,9613,0.2583
PRJ-00839,CLI-0191,Energy & Utilities,EMEA,Existing,Remote,2023-06-19,2023-11-19,5,256700.0,Completed,2,1464,0.2946
PRJ-00836,CLI-0195,Manufacturing,North America,New,Hybrid,2023-06-19,2023-09-19,3,276300.0,Completed,1,355,0.1496
PRJ-00831,CLI-0306,Public Sector,North America,Existing,Hybrid,2023-06-20,2023-11-20,5,196700.0,Completed,1,708,0.3558
PRJ-00858,CLI-0330,Financial Services,LATAM,New,On-site,2023-06-21,2023-07-21,1,168900.0,Completed,1,155,0.309
PRJ-00864,CLI-0363,Manufacturing,EMEA,Existing,Hybrid,2023-06-21,2024-04-21,10,682300.0,Completed,5,6043,0.1644
PRJ-00848,CLI-0215,Financial Services,EMEA,Existing,Hybrid,2023-06-23,2023-10-23,4,359300.0,Completed,4,1860,0.2086
PRJ-00843,CLI-0035,Financial Services,LATAM,New,Hybrid,2023-06-23,2023-08-23,2,370200.0,Completed,5,1465,0.3791
PRJ-00860,CLI-0363,Retail & Consumer,APAC,New,On-site,2023-06-26,2024-03-26,9,322300.0,Completed,3,3281,0.1891
PRJ-00856,CLI-0165,Healthcare,LATAM,Existing,Hybrid,2023-06-28,2023-10-28,4,434300.0,Completed,4,2180,0.4675
PRJ-00878,CLI-0016,Retail & Consumer,EMEA,Existing,Hybrid,2023-07-01,2023-11-01,4,205800.0,Completed,1,478,0.3642
PRJ-00875,CLI-0372,Energy & Utilities,APAC,Existing,Hybrid,2023-07-03,2024-03-03,8,353400.0,Completed,3,3185,0.277
PRJ-00873,CLI-0170,Retail & Consumer,EMEA,New,On-site,2023-07-05,2024-01-05,6,308700.0,Completed,3,2617,0.2069
PRJ-00879,CLI-0211,Financial Services,North America,Existing,Remote,2023-07-05,2024-01-05,6,358800.0,Completed,3,2775,0.2021
PRJ-00867,CLI-0277,Technology & Telecom,EMEA,New,Remote,2023-07-08,2023-11-08,4,118300.0,Completed,1,566,0.2541
PRJ-00871,CLI-0343,Energy & Utilities,North America,New,Hybrid,2023-07-09,2023-10-09,3,352000.0,Completed,3,1103,0.2886
PRJ-00874,CLI-0323,Financial Services,North America,Existing,On-site,2023-07-10,2024-02-10,7,430300.0,Completed,5,4025,0.2336
PRJ-00883,CLI-0085,Energy & Utilities,North America,New,Remote,2023-07-10,2023-10-10,3,696100.0,Completed,11,4765,0.2412
PRJ-00870,CLI-0036,Retail & Consumer,North America,Existing,Hybrid,2023-07-12,2024-01-12,6,156200.0,Completed,1,822,0.3219
PRJ-00877,CLI-0406,Financial Services,APAC,Existing,Hybrid,2023-07-15,2024-03-15,8,472500.0,Completed,6,6781,0.1831
PRJ-00884,CLI-0267,Public Sector,North America,Existing,Remote,2023-07-17,2023-12-17,5,499500.0,Completed,7,4419,0.1605
PRJ-00868,CLI-0056,Retail & Consumer,APAC,Existing,Hybrid,2023-07-18,2023-11-18,4,307800.0,Completed,2,907,0.172
PRJ-00885,CLI-0225,Retail & Consumer,APAC,Existing,Hybrid,2023-07-19,2024-02-19,7,342600.0,Cancelled,6,6561,0.3079
PRJ-00872,CLI-0380,Retail & Consumer,North America,Existing,Hybrid,2023-07-19,2023-08-19,1,114200.0,Completed,2,229,0.3446
PRJ-00881,CLI-0052,Technology & Telecom,North America,New,Remote,2023-07-20,2024-03-20,8,875900.0,Completed,10,12118,0.1166
PRJ-00876,CLI-0217,Healthcare,North America,Existing,Hybrid,2023-07-20,2024-03-20,8,550700.0,Completed,7,8091,0.3899
PRJ-00866,CLI-0395,Manufacturing,North America,Existing,On-site,2023-07-21,2023-12-21,5,413700.0,Completed,6,3613,0.206
PRJ-00869,CLI-0103,Public Sector,North America,Existing,Hybrid,2023-07-21,2023-11-21,4,249300.0,Cancelled,5,2513,0.2264
PRJ-00882,CLI-0212,Energy & Utilities,EMEA,New,Remote,2023-07-22,2024-02-22,7,741500.0,Completed,7,7332,0.299
PRJ-00886,CLI-0286,Healthcare,APAC,Existing,Remote,2023-07-23,2024-04-23,9,595700.0,Completed,6,6783,0.2983
PRJ-00887,CLI-0097,Healthcare,EMEA,Existing,Hybrid,2023-07-23,2024-01-23,6,236400.0,Completed,2,1369,0.3388
PRJ-00880,CLI-0345,Manufacturing,North America,New,Hybrid,2023-07-26,2024-01-26,6,210600.0,Completed,1,772,0.3468
PRJ-00894,CLI-0055,Manufacturing,EMEA,New,On-site,2023-08-01,2023-11-01,3,118100.0,Completed,1,425,0.1928
PRJ-00898,CLI-0404,Energy & Utilities,North America,New,Remote,2023-08-08,2023-10-08,2,377900.0,Completed,4,1227,0.3191
PRJ-00896,CLI-0180,Energy & Utilities,APAC,Existing,On-site,2023-08-10,2024-02-10,6,434300.0,Completed,5,3406,0.2049
PRJ-00895,CLI-0377,Financial Services,North America,New,Hybrid,2023-08-10,2023-09-10,1,138900.0,Completed,3,340,0.1648
PRJ-00892,CLI-0066,Manufacturing,North America,Existing,On-site,2023-08-11,2024-01-11,5,333700.0,Completed,4,2537,0.1519
PRJ-00888,CLI-0005,Financial Services,LATAM,Existing,Hybrid,2023-08-16,2023-10-16,2,329500.0,Completed,3,819,0.3478
PRJ-00899,CLI-0074,Energy & Utilities,EMEA,New,Remote,2023-08-16,2024-03-16,7,525100.0,Completed,5,4293,0.2788
PRJ-00890,CLI-0403,Retail & Consumer,North America,Existing,On-site,2023-08-22,2024-04-22,8,260800.0,Completed,5,5103,0.3159
PRJ-00901,CLI-0408,Technology & Telecom,EMEA,New,Hybrid,2023-08-25,2024-02-25,6,519900.0,Completed,7,6182,0.1958
PRJ-00900,CLI-0349,Financial Services,APAC,New,Hybrid,2023-08-26,2023-12-26,4,416700.0,Completed,5,2343,0.295
PRJ-00897,CLI-0163,Healthcare,EMEA,Existing,Remote,2023-08-26,2024-07-26,11,278600.0,Completed,3,4431,0.2529
PRJ-00893,CLI-0044,Energy & Utilities,North America,Existing,Remote,2023-08-26,2024-01-26,5,307500.0,Completed,3,2177,0.3203
PRJ-00891,CLI-0188,Energy & Utilities,North America,New,On-site,2023-08-27,2023-12-27,4,676300.0,Completed,4,2146,0.1482
PRJ-00889,CLI-0047,Technology & Telecom,LATAM,Existing,Hybrid,2023-08-27,2024-03-27,7,454100.0,Completed,4,3309,0.3112
PRJ-00930,CLI-0178,Public Sector,EMEA,Existing,On-site,2023-09-02,2024-01-02,4,160400.0,Completed,2,940,0.2459
PRJ-00922,CLI-0131,Financial Services,APAC,Existing,Hybrid,2023-09-02,2023-11-02,2,296900.0,Completed,1,227,0.1466
PRJ-00903,CLI-0024,Technology & Telecom,North America,Existing,Hybrid,2023-09-03,2024-04-03,7,547700.0,Completed,4,4281,0.2446
PRJ-00904,CLI-0333,Retail & Consumer,North America,Existing,Remote,2023-09-03,2024-02-03,5,151300.0,Completed,1,689,0.28
PRJ-00912,CLI-0075,Technology & Telecom,North America,Existing,Remote,2023-09-03,2023-11-03,2,310200.0,Completed,4,901,0.3827
PRJ-00924,CLI-0284,Financial Services,EMEA,New,Hybrid,2023-09-04,2024-02-04,5,461600.0,Completed,6,3479,0.1861
PRJ-00916,CLI-0198,Financial Services,North America,New,On-site,2023-09-04,2024-04-04,7,672600.0,Completed,7,7374,0.3537
PRJ-00929,CLI-0055,Retail & Consumer,EMEA,Existing,On-site,2023-09-05,2024-01-05,4,197800.0,Completed,1,535,0.1327
PRJ-00919,CLI-0296,Financial Services,APAC,New,Hybrid,2023-09-06,2024-06-06,9,1105900.0,Cancelled,10,12443,0.1042
PRJ-00917,CLI-0375,Healthcare,North America,Existing,Hybrid,2023-09-06,2023-11-06,2,303000.0,Completed,4,1171,0.2219
PRJ-00915,CLI-0123,Healthcare,North America,Existing,On-site,2023-09-07,2024-03-07,6,366500.0,Completed,3,2715,0.2065
PRJ-00914,CLI-0173,Energy & Utilities,North America,Existing,Hybrid,2023-09-07,2024-02-07,5,435900.0,Completed,6,4680,0.2596
PRJ-00918,CLI-0245,Financial Services,EMEA,New,Hybrid,2023-09-08,2023-10-08,1,446800.0,Completed,3,420,0.3282
PRJ-00902,CLI-0309,Healthcare,EMEA,Existing,Remote,2023-09-09,2024-02-09,5,515000.0,Cancelled,5,3741,0.1936
PRJ-00909,CLI-0087,Retail & Consumer,EMEA,Existing,Hybrid,2023-09-12,2024-01-12,4,214100.0,Completed,2,1050,0.2785
PRJ-00920,CLI-0410,Financial Services,North America,Existing,On-site,2023-09-12,2024-02-12,5,406800.0,Completed,4,2452,0.1569
PRJ-00926,CLI-0287,Retail & Consumer,EMEA,New,On-site,2023-09-13,2024-03-13,6,258200.0,Cancelled,2,1762,0.2383
PRJ-00908,CLI-0287,Healthcare,EMEA,Existing,Hybrid,2023-09-13,2024-02-13,5,425800.0,Completed,5,3678,0.2562
PRJ-00905,CLI-0348,Healthcare,North America,Existing,Hybrid,2023-09-13,2024-02-13,5,282200.0,Completed,3,1902,0.2661
PRJ-00921,CLI-0156,Healthcare,LATAM,Existing,Hybrid,2023-09-14,2024-01-14,4,209300.0,Completed,2,1100,0.2855
PRJ-00910,CLI-0001,Financial Services,APAC,New,Remote,2023-09-15,2024-03-15,6,247400.0,Completed,4,3475,0.3307
PRJ-00906,CLI-0308,Energy & Utilities,North America,Existing,On-site,2023-09-15,2024-02-15,5,268100.0,Completed,1,700,0.3618
PRJ-00927,CLI-0287,Financial Services,North America,Existing,Remote,2023-09-15,2024-04-15,7,468700.0,Completed,6,5947,0.3524
PRJ-00928,CLI-0390,Energy & Utilities,North America,New,Hybrid,2023-09-17,2024-02-17,5,727800.0,Completed,6,3658,0.2126
PRJ-00911,CLI-0032,Energy & Utilities,APAC,Existing,Hybrid,2023-09-18,2024-01-18,4,383600.0,Completed,4,2349,0.3587
PRJ-00925,CLI-0099,Energy & Utilities,North America,Existing,Hybrid,2023-09-18,2024-04-18,7,905700.0,Completed,8,8129,0.3106
PRJ-00923,CLI-0151,Technology & Telecom,EMEA,Existing,Hybrid,2023-09-19,2024-01-19,4,643100.0,Completed,6,3305,0.23
PRJ-00913,CLI-0164,Public Sector,EMEA,Existing,Hybrid,2023-09-24,2024-03-24,6,455600.0,Completed,4,3761,0.2933
PRJ-00907,CLI-0147,Healthcare,North America,Existing,Remote,2023-09-28,2023-10-28,1,453900.0,Completed,6,707,0.2252
PRJ-00965,CLI-0296,Retail & Consumer,LATAM,Existing,On-site,2023-10-02,2024-01-02,3,188900.0,Completed,1,436,0.268
PRJ-00951,CLI-0318,Retail & Consumer,EMEA,Existing,Remote,2023-10-03,2024-03-03,5,173000.0,Completed,3,2194,0.3514
PRJ-00945,CLI-0060,Financial Services,EMEA,New,Hybrid,2023-10-04,2024-06-04,8,413000.0,Completed,5,5719,0.1841
PRJ-00964,CLI-0026,Healthcare,North America,New,Hybrid,2023-10-05,2024-02-05,4,185100.0,Completed,2,1006,0.3443
PRJ-00943,CLI-0340,Public Sector,North America,Existing,Remote,2023-10-06,2024-06-06,8,209900.0,Completed,1,1064,0.1595
PRJ-00967,CLI-0288,Financial Services,APAC,New,Hybrid,2023-10-06,2024-03-06,5,525900.0,Completed,7,5058,0.221
PRJ-00939,CLI-0091,Energy & Utilities,APAC,Existing,Remote,2023-10-06,2023-12-06,2,405100.0,Cancelled,4,1231,0.2618
PRJ-00950,CLI-0327,Energy & Utilities,North America,Existing,Remote,2023-10-07,2023-11-07,1,237200.0,Completed,3,342,0.2023
PRJ-00969,CLI-0305,Healthcare,North America,Existing,Remote,2023-10-07,2024-04-07,6,549500.0,Completed,6,5162,0.3481
PRJ-00938,CLI-0199,Technology & Telecom,EMEA,Existing,Hybrid,2023-10-07,2024-02-07,4,437500.0,Completed,5,3009,0.1851
PRJ-00947,CLI-0267,Financial Services,EMEA,Existing,Remote,2023-10-07,2024-02-07,4,193600.0,Completed,3,1832,0.3189
PRJ-00932,CLI-0022,Healthcare,LATAM,Existing,Hybrid,2023-10-08,2024-05-08,7,578700.0,Completed,6,5925,0.2764
PRJ-00954,CLI-0282,Energy & Utilities,APAC,New,Hybrid,2023-10-10,2024-05-10,7,460900.0,Completed,6,5765,0.3121
PRJ-00931,CLI-0241,Public Sector,North America,Existing,Remote,2023-10-11,2024-02-11,4,184600.0,Completed,2,924,0.3509
PRJ-00935,CLI-0329,Technology & Telecom,EMEA,New,Remote,2023-10-12,2024-05-12,7,634400.0,Completed,6,5049,0.3592
PRJ-00944,CLI-0320,Public Sector,North America,New,On-site,2023-10-12,2024-04-12,6,117100.0,Completed,1,927,0.2202
PRJ-00958,CLI-0344,Energy & Utilities,North America,Existing,Hybrid,2023-10-15,2024-04-15,6,669200.0,Completed,10,9006,0.3151
PRJ-00949,CLI-0061,Healthcare,North America,Existing,Remote,2023-10-15,2024-06-15,8,606100.0,Completed,6,7040,0.3311
PRJ-00946,CLI-0243,Retail & Consumer,North America,Existing,Hybrid,2023-10-15,2024-04-15,6,276300.0,Completed,1,692,0.4168
PRJ-00941,CLI-0217,Energy & Utilities,North America,Existing,On-site,2023-10-15,2024-04-15,6,924200.0,Completed,11,9437,0.2621
PRJ-00959,CLI-0076,Public Sector,North America,New,Hybrid,2023-10-16,2024-04-16,6,439500.0,Completed,6,4836,0.2418
PRJ-00948,CLI-0411,Financial Services,EMEA,Existing,Hybrid,2023-10-17,2024-04-17,6,498000.0,Completed,3,2686,0.2611
PRJ-00966,CLI-0181,Energy & Utilities,APAC,Existing,On-site,2023-10-17,2024-04-17,6,826600.0,Completed,7,5720,0.3693
PRJ-00936,CLI-0315,Healthcare,North America,New,Hybrid,2023-10-18,2024-02-18,4,241100.0,Completed,2,1056,0.2388
PRJ-00934,CLI-0022,Healthcare,North America,Existing,Remote,2023-10-20,2024-04-20,6,826600.0,Completed,9,7912,0.18
PRJ-00953,CLI-0095,Financial Services,APAC,New,Hybrid,2023-10-20,2024-02-20,4,283600.0,Completed,4,2235,0.2787
PRJ-00933,CLI-0190,Public Sector,EMEA,New,Remote,2023-10-20,2024-04-20,6,314100.0,Completed,3,2729,0.3507
PRJ-00968,CLI-0339,Energy & Utilities,EMEA,Existing,Hybrid,2023-10-22,2024-05-22,7,231800.0,Completed,2,1609,0.301
PRJ-00955,CLI-0074,Retail & Consumer,North America,Existing,Hybrid,2023-10-23,2024-06-23,8,787800.0,Completed,8,9408,0.3006
PRJ-00956,CLI-0072,Public Sector,EMEA,New,On-site,2023-10-25,2023-12-25,2,264300.0,Completed,2,560,0.2994
PRJ-00952,CLI-0357,Retail & Consumer,APAC,New,Hybrid,2023-10-25,2023-12-25,2,169900.0,Completed,3,911,0.1592
PRJ-00942,CLI-0175,Technology & Telecom,North America,New,Hybrid,2023-10-25,2024-03-25,5,378200.0,Completed,5,3582,0.3914
PRJ-00961,CLI-0246,Manufacturing,EMEA,Existing,Hybrid,2023-10-25,2024-02-25,4,405000.0,Completed,4,2143,0.3585
PRJ-00960,CLI-0346,Technology & Telecom,North America,New,Hybrid,2023-10-26,2024-02-26,4,256700.0,Completed,1,527,0.2907
PRJ-00963,CLI-0407,Manufacturing,North America,New,Hybrid,2023-10-26,2024-02-26,4,313500.0,Completed,5,2526,0.2071
PRJ-00937,CLI-0028,Technology & Telecom,EMEA,New,Remote,2023-10-27,2024-05-27,7,926700.0,Completed,10,8972,0.3498
PRJ-00940,CLI-0218,Healthcare,North America,New,Remote,2023-10-27,2024-05-27,7,590600.0,Completed,6,5539,0.3382
PRJ-00957,CLI-0414,Financial Services,LATAM,Existing,Remote,2023-10-27,2024-03-27,5,261900.0,Completed,4,2601,0.3096
PRJ-00962,CLI-0105,Financial Services,LATAM,Existing,Remote,2023-10-28,2024-05-28,7,430300.0,Completed,3,2492,0.2518
PRJ-00999,CLI-0172,Healthcare,North America,Existing,On-site,2023-11-01,2024-05-01,6,378600.0,Completed,2,1700,0.1577
PRJ-00994,CLI-0072,Public Sector,North America,New,On-site,2023-11-02,2024-06-02,7,199500.0,Completed,1,796,0.2635
PRJ-00991,CLI-0152,Retail & Consumer,North America,Existing,Hybrid,2023-11-02,2024-04-02,5,407200.0,Completed,3,1974,0.2883
PRJ-00981,CLI-0372,Healthcare,EMEA,Existing,Hybrid,2023-11-02,2023-12-02,1,151500.0,Completed,1,125,0.3562
PRJ-01005,CLI-0328,Manufacturing,EMEA,Existing,Hybrid,2023-11-03,2024-07-03,8,221000.0,Completed,3,2755,0.3169
PRJ-00972,CLI-0001,Public Sector,EMEA,Existing,Remote,2023-11-03,2024-02-03,3,260300.0,Completed,5,1936,0.232
PRJ-01004,CLI-0333,Healthcare,North America,Existing,Hybrid,2023-11-04,2024-04-04,5,356000.0,Completed,3,2000,0.4087
PRJ-00983,CLI-0394,Public Sector,EMEA,New,Hybrid,2023-11-04,2024-04-04,5,461900.0,Completed,6,4091,0.1865
PRJ-00974,CLI-0386,Financial Services,LATAM,New,Remote,2023-11-05,2024-03-05,4,424100.0,Completed,3,1595,0.1954
PRJ-00980,CLI-0382,Retail & Consumer,APAC,Existing,Hybrid,2023-11-05,2024-04-05,5,234700.0,Cancelled,3,2341,0.1859
PRJ-01003,CLI-0026,Technology & Telecom,APAC,Existing,Remote,2023-11-07,2024-04-07,5,1306300.0,Cancelled,16,11665,0.3527
PRJ-00975,CLI-0089,Financial Services,LATAM,New,Hybrid,2023-11-08,2024-05-08,6,584200.0,Completed,7,6155,0.3325
PRJ-01001,CLI-0259,Energy & Utilities,North America,New,Hybrid,2023-11-08,2024-04-08,5,553500.0,Completed,7,4183,0.3917
PRJ-00996,CLI-0112,Energy & Utilities,North America,Existing,Remote,2023-11-09,2024-06-09,7,377900.0,Completed,4,4324,0.2223
PRJ-00976,CLI-0415,Manufacturing,EMEA,Existing,Remote,2023-11-11,2024-05-11,6,217300.0,Completed,1,861,0.3183
PRJ-00997,CLI-0331,Financial Services,EMEA,Existing,Remote,2023-11-12,2024-04-12,5,171300.0,Completed,2,1555,0.1954
PRJ-00979,CLI-0377,Financial Services,North America,New,Remote,2023-11-12,2024-09-12,10,392000.0,Completed,3,3619,0.1775
PRJ-00984,CLI-0357,Healthcare,APAC,New,Hybrid,2023-11-12,2024-01-12,2,440400.0,Completed,2,501,0.4088
PRJ-00977,CLI-0170,Technology & Telecom,EMEA,Existing,On-site,2023-11-12,2024-07-12,8,860100.0,Completed,10,10440,0.215
PRJ-00989,CLI-0248,Retail & Consumer,North America,New,Hybrid,2023-11-13,2024-02-13,3,156100.0,Completed,1,388,0.3259
PRJ-00986,CLI-0035,Healthcare,APAC,Existing,Hybrid,2023-11-14,2024-02-14,3,273800.0,Completed,1,375,0.2549
PRJ-01002,CLI-0157,Manufacturing,EMEA,Existing,Hybrid,2023-11-15,2024-03-15,4,354500.0,Completed,6,2804,0.3396
PRJ-00995,CLI-0291,Retail & Consumer,APAC,Existing,Remote,2023-11-15,2024-04-15,5,476100.0,Completed,8,5852,0.3566
PRJ-00987,CLI-0163,Manufacturing,North America,Existing,Hybrid,2023-11-18,2024-08-18,9,267500.0,Completed,2,2290,0.2058
PRJ-00988,CLI-0317,Financial Services,APAC,New,Hybrid,2023-11-20,2024-09-20,10,1038700.0,Completed,10,14439,0.2205
PRJ-00985,CLI-0107,Public Sector,North America,New,Hybrid,2023-11-20,2024-03-20,4,156500.0,Completed,1,525,0.215
PRJ-00973,CLI-0152,Healthcare,APAC,Existing,Hybrid,2023-11-23,2024-04-23,5,314200.0,Completed,4,2705,0.2539
PRJ-00998,CLI-0252,Healthcare,LATAM,Existing,Hybrid,2023-11-24,2024-05-24,6,542800.0,Cancelled,5,4542,0.3242
PRJ-00982,CLI-0289,Technology & Telecom,North America,New,Remote,2023-11-24,2024-02-24,3,574100.0,Completed,5,2206,0.3444
PRJ-01000,CLI-0309,Retail & Consumer,EMEA,Existing,Remote,2023-11-25,2024-10-25,11,621900.0,Completed,7,9072,0.3498
PRJ-00978,CLI-0243,Energy & Utilities,North America,Existing,Remote,2023-11-26,2024-04-26,5,645700.0,Completed,7,4157,0.2013
PRJ-00990,CLI-0182,Manufacturing,APAC,Existing,Hybrid,2023-11-26,2024-06-26,7,279500.0,Completed,2,1961,0.1763
PRJ-00971,CLI-0391,Healthcare,EMEA,New,Hybrid,2023-11-27,2024-06-27,7,511000.0,Completed,6,5958,0.2968
PRJ-00970,CLI-0044,Healthcare,EMEA,Existing,On-site,2023-11-27,2024-05-27,6,400000.0,Completed,4,3215,0.1175
PRJ-00993,CLI-0332,Healthcare,APAC,New,Remote,2023-11-28,2023-12-28,1,151500.0,Completed,3,469,0.2548
PRJ-00992,CLI-0281,Retail & Consumer,North America,Existing,On-site,2023-11-28,2024-04-28,5,298500.0,Completed,5,2899,0.2023
PRJ-01033,CLI-0280,Technology & Telecom,LATAM,New,Remote,2023-12-01,2024-09-01,9,900300.0,Completed,10,11475,0.2709
PRJ-01010,CLI-0310,Financial Services,North America,Existing,Hybrid,2023-12-02,2024-04-02,4,515600.0,Completed,7,3218,0.2513
PRJ-01008,CLI-0291,Public Sector,North America,Existing,On-site,2023-12-03,2024-03-03,3,290500.0,Completed,6,2517,0.3042
PRJ-01013,CLI-0378,Manufacturing,EMEA,Existing,Hybrid,2023-12-04,2024-05-04,5,271400.0,Completed,2,1417,0.217
PRJ-01007,CLI-0147,Retail & Consumer,APAC,Existing,On-site,2023-12-04,2024-06-04,6,490900.0,Completed,3,2310,0.2047
PRJ-01009,CLI-0103,Healthcare,North America,Existing,Hybrid,2023-12-04,2024-10-04,10,434400.0,Completed,5,7004,0.3126
PRJ-01047,CLI-0243,Technology & Telecom,North America,Existing,Hybrid,2023-12-05,2024-08-05,8,239500.0,Completed,2,2227,0.365
PRJ-01032,CLI-0186,Technology & Telecom,North America,New,Hybrid,2023-12-05,2024-11-05,11,978500.0,Completed,7,9780,0.3125
PRJ-01038,CLI-0135,Financial Services,EMEA,Existing,Remote,2023-12-05,2024-05-05,5,187300.0,Completed,2,1228,0.2636
PRJ-01039,CLI-0384,Public Sector,North America,Existing,Hybrid,2023-12-06,2024-02-06,2,250800.0,Completed,4,1046,0.1258
PRJ-01031,CLI-0303,Healthcare,EMEA,Existing,Hybrid,2023-12-08,2024-01-08,1,181800.0,Completed,1,132,0.2958
PRJ-01043,CLI-0213,Retail & Consumer,APAC,New,On-site,2023-12-08,2024-02-08,2,440600.0,Completed,4,1212,0.1999
PRJ-01044,CLI-0251,Manufacturing,APAC,Existing,Remote,2023-12-09,2024-06-09,6,389200.0,Completed,6,4374,0.2986
PRJ-01042,CLI-0192,Manufacturing,North America,Existing,Hybrid,2023-12-10,2024-07-10,7,400300.0,Completed,4,3748,0.3124
PRJ-01014,CLI-0059,Financial Services,EMEA,New,Remote,2023-12-10,2024-04-10,4,465500.0,Completed,5,2553,0.164
PRJ-01046,CLI-0195,Public Sector,APAC,New,Hybrid,2023-12-10,2024-07-10,7,610800.0,Completed,5,4088,0.1921
PRJ-01040,CLI-0143,Energy & Utilities,EMEA,Existing,Hybrid,2023-12-10,2024-10-10,10,1126800.0,Completed,12,16540,0.214
PRJ-01030,CLI-0117,Retail & Consumer,EMEA,New,On-site,2023-12-12,2024-05-12,5,499300.0,Completed,4,2769,0.2018
PRJ-01016,CLI-0284,Healthcare,EMEA,New,Remote,2023-12-12,2024-02-12,2,298000.0,Completed,1,239,0.2164
PRJ-01045,CLI-0345,Manufacturing,EMEA,Existing,Hybrid,2023-12-12,2024-01-12,1,292600.0,Completed,3,365,0.2769
PRJ-01027,CLI-0097,Public Sector,APAC,New,On-site,2023-12-12,2024-09-12,9,719700.0,Completed,8,10889,0.2578
PRJ-01019,CLI-0101,Healthcare,North America,Existing,On-site,2023-12-13,2024-04-13,4,194100.0,Completed,4,1997,0.2578
PRJ-01012,CLI-0073,Public Sector,LATAM,Existing,On-site,2023-12-14,2024-07-14,7,557700.0,Completed,7,5889,0.3416
PRJ-01025,CLI-0415,Healthcare,APAC,Existing,Hybrid,2023-12-14,2024-04-14,4,396800.0,Completed,4,2174,0.2103
PRJ-01048,CLI-0295,Technology & Telecom,APAC,New,Remote,2023-12-14,2024-04-14,4,762900.0,Completed,8,4989,0.1552
PRJ-01006,CLI-0110,Public Sector,North America,Existing,On-site,2023-12-14,2024-05-14,5,335800.0,Cancelled,5,3267,0.1818
PRJ-01026,CLI-0002,Financial Services,North America,Existing,Remote,2023-12-14,2024-04-14,4,244800.0,Completed,1,555,0.1937
PRJ-01050,CLI-0131,Manufacturing,EMEA,New,Remote,2023-12-17,2024-05-17,5,441500.0,Completed,6,4214,0.3059
PRJ-01021,CLI-0023,Healthcare,APAC,Existing,Remote,2023-12-17,2024-05-17,5,650300.0,Cancelled,6,3947,0.2868
PRJ-01017,CLI-0214,Healthcare,North America,Existing,Hybrid,2023-12-18,2024-02-18,2,183900.0,Completed,5,1173,0.271
PRJ-01029,CLI-0332,Financial Services,EMEA,Existing,Hybrid,2023-12-19,2024-07-19,7,376600.0,Completed,3,2767,0.3811
PRJ-01041,CLI-0062,Retail & Consumer,EMEA,New,Remote,2023-12-19,2024-01-19,1,225600.0,Completed,1,126,0.2865
PRJ-01035,CLI-0300,Healthcare,North America,Existing,Hybrid,2023-12-21,2024-01-21,1,281400.0,Completed,3,373,0.165
PRJ-01022,CLI-0151,Financial Services,North America,Existing,On-site,2023-12-22,2024-03-22,3,374700.0,Completed,4,1534,0.3332
PRJ-01036,CLI-0039,Retail & Consumer,North America,New,Hybrid,2023-12-23,2024-04-23,4,310300.0,Completed,3,1475,0.3024
PRJ-01011,CLI-0218,Financial Services,North America,New,Hybrid,2023-12-24,2024-05-24,5,356500.0,Completed,6,4489,0.344
PRJ-01020,CLI-0108,Financial Services,APAC,Existing,On-site,2023-12-24,2024-06-24,6,401800.0,Completed,3,2803,0.0682
PRJ-01037,CLI-0121,Energy & Utilities,North America,New,On-site,2023-12-25,2024-09-25,9,522200.0,Completed,7,8492,0.3258
PRJ-01049,CLI-0152,Retail & Consumer,APAC,Existing,Hybrid,2023-12-25,2024-02-25,2,156700.0,Completed,1,314,0.2613
PRJ-01015,CLI-0353,Financial Services,North America,Existing,Hybrid,2023-12-26,2024-02-26,2,388700.0,Completed,7,2071,0.2543
PRJ-01028,CLI-0324,Public Sector,North America,Existing,Hybrid,2023-12-26,2024-08-26,8,482700.0,Completed,6,5529,0.1607
PRJ-01018,CLI-0067,Technology & Telecom,EMEA,New,Hybrid,2023-12-27,2024-02-27,2,294900.0,Completed,3,684,0.3564
PRJ-01034,CLI-0048,Energy & Utilities,North America,Existing,Hybrid,2023-12-28,2024-09-28,9,1672300.0,Completed,20,27548,0.3291
PRJ-01023,CLI-0360,Financial Services,North America,New,Hybrid,2023-12-28,2024-05-28,5,605400.0,Completed,5,3515,0.4038
PRJ-01024,CLI-0366,Energy & Utilities,EMEA,Existing,Hybrid,2023-12-28,2024-04-28,4,996300.0,Completed,11,5003,0.2656
PRJ-01080,CLI-0286,Public Sector,EMEA,Existing,On-site,2024-01-01,2024-04-01,3,164900.0,Completed,2,716,0.1733
PRJ-01070,CLI-0083,Financial Services,LATAM,New,Hybrid,2024-01-02,2024-09-02,8,698600.0,Completed,5,4840,0.2336
PRJ-01069,CLI-0135,Financial Services,EMEA,New,On-site,2024-01-02,2024-10-02,9,450400.0,Completed,4,4809,0.2797
PRJ-01054,CLI-0331,Energy & Utilities,North America,Existing,Hybrid,2024-01-02,2024-08-02,7,304300.0,Completed,3,3020,0.2345
PRJ-01055,CLI-0054,Energy & Utilities,LATAM,Existing,Hybrid,2024-01-02,2024-05-02,4,353600.0,Completed,5,2490,0.1974
PRJ-01075,CLI-0065,Public Sector,North America,Existing,Remote,2024-01-04,2024-04-04,3,285600.0,Completed,3,1228,0.1962
PRJ-01063,CLI-0113,Healthcare,APAC,Existing,Hybrid,2024-01-06,2024-02-06,1,410400.0,Completed,4,570,0.4155
PRJ-01077,CLI-0185,Manufacturing,North America,Existing,Remote,2024-01-06,2024-05-06,4,438800.0,Completed,3,1841,0.2705
PRJ-01081,CLI-0165,Healthcare,North America,Existing,Hybrid,2024-01-08,2024-11-08,10,236000.0,Completed,2,2354,0.387
PRJ-01072,CLI-0417,Energy & Utilities,LATAM,Existing,On-site,2024-01-08,2024-04-08,3,354100.0,Completed,1,460,0.2737
PRJ-01062,CLI-0118,Financial Services,APAC,Existing,Remote,2024-01-09,2024-05-09,4,210600.0,Completed,1,596,0.2551
PRJ-01076,CLI-0023,Public Sector,EMEA,New,On-site,2024-01-09,2024-03-09,2,187500.0,Completed,1,259,0.3243
PRJ-01061,CLI-0252,Manufacturing,North America,New,Hybrid,2024-01-10,2024-06-10,5,311700.0,Cancelled,3,1860,0.2736
PRJ-01078,CLI-0334,Public Sector,EMEA,New,On-site,2024-01-11,2024-05-11,4,127900.0,Completed,2,1247,0.3824
PRJ-01082,CLI-0253,Manufacturing,EMEA,Existing,Hybrid,2024-01-12,2024-08-12,7,250600.0,Completed,1,820,0.2447
PRJ-01066,CLI-0104,Healthcare,APAC,Existing,Hybrid,2024-01-12,2024-07-12,6,711500.0,Completed,7,5540,0.2584
PRJ-01067,CLI-0417,Manufacturing,EMEA,Existing,On-site,2024-01-13,2024-06-13,5,514200.0,Completed,5,2957,0.2903
PRJ-01058,CLI-0400,Technology & Telecom,North America,Existing,On-site,2024-01-13,2025-02-13,13,306000.0,Completed,4,6672,0.2207
PRJ-01060,CLI-0249,Public Sector,North America,New,Hybrid,2024-01-13,2024-06-13,5,165000.0,Completed,1,782,0.2113
PRJ-01051,CLI-0301,Healthcare,North America,Existing,On-site,2024-01-13,2024-06-13,5,339100.0,Completed,5,3565,0.3559
PRJ-01065,CLI-0267,Public Sector,EMEA,New,Hybrid,2024-01-14,2024-06-14,5,302100.0,Completed,3,2362,0.1882
PRJ-01052,CLI-0321,Healthcare,EMEA,Existing,On-site,2024-01-14,2024-06-14,5,225700.0,Completed,4,2857,0.2175
PRJ-01053,CLI-0405,Public Sector,North America,New,On-site,2024-01-16,2024-09-16,8,184700.0,Completed,4,4300,0.319
PRJ-01073,CLI-0026,Technology & Telecom,North America,Existing,Hybrid,2024-01-16,2024-06-16,5,392900.0,Cancelled,7,5378,0.3562
PRJ-01059,CLI-0290,Financial Services,EMEA,Existing,Hybrid,2024-01-16,2024-05-16,4,189900.0,Completed,2,1185,0.233
PRJ-01056,CLI-0384,Financial Services,EMEA,New,On-site,2024-01-17,2024-07-17,6,353800.0,Completed,4,3189,0.4588
PRJ-01071,CLI-0153,Healthcare,EMEA,Existing,Hybrid,2024-01-19,2024-05-19,4,145800.0,Completed,1,523,0.4139
PRJ-01068,CLI-0104,Healthcare,APAC,Existing,On-site,2024-01-22,2024-06-22,5,275300.0,Completed,2,1258,0.3001
PRJ-01074,CLI-0009,Financial Services,North America,Existing,Hybrid,2024-01-23,2024-07-23,6,481200.0,Completed,5,4019,0.1662
PRJ-01079,CLI-0019,Financial Services,APAC,Existing,Remote,2024-01-24,2024-04-24,3,156500.0,Completed,3,1413,0.2781
PRJ-01057,CLI-0053,Financial Services,EMEA,Existing,Hybrid,2024-01-24,2024-05-24,4,280000.0,Completed,3,1479,0.4027
PRJ-01064,CLI-0316,Energy & Utilities,APAC,New,Hybrid,2024-01-27,2024-04-27,3,528700.0,Completed,5,2192,0.3164
PRJ-01107,CLI-0326,Energy & Utilities,APAC,New,Hybrid,2024-02-01,2024-10-01,8,364100.0,Completed,4,3870,0.2257
PRJ-01105,CLI-0073,Retail & Consumer,North America,Existing,Remote,2024-02-01,2024-11-01,9,263700.0,Completed,3,4161,0.3937
PRJ-01085,CLI-0412,Public Sector,EMEA,Existing,Remote,2024-02-04,2024-05-04,3,141800.0,Completed,1,435,0.3606
PRJ-01104,CLI-0194,Retail & Consumer,LATAM,New,On-site,2024-02-05,2024-08-05,6,209500.0,Completed,2,1857,0.4301
PRJ-01092,CLI-0211,Manufacturing,North America,New,Remote,2024-02-05,2024-07-05,5,578400.0,Completed,5,3844,0.309
PRJ-01084,CLI-0228,Financial Services,APAC,Existing,Remote,2024-02-06,2024-08-06,6,568100.0,Completed,7,5716,0.3953
PRJ-01088,CLI-0049,Manufacturing,North America,Existing,Hybrid,2024-02-08,2024-06-08,4,248100.0,Completed,1,519,0.1353
PRJ-01108,CLI-0321,Manufacturing,EMEA,Existing,Remote,2024-02-09,2024-08-09,6,311500.0,Completed,3,2206,0.4254
PRJ-01102,CLI-0269,Financial Services,EMEA,New,Hybrid,2024-02-09,2024-08-09,6,347900.0,Completed,4,2800,0.2875
PRJ-01086,CLI-0258,Healthcare,EMEA,Existing,Remote,2024-02-10,2024-07-10,5,330000.0,Completed,3,2062,0.3575
PRJ-01100,CLI-0384,Retail & Consumer,EMEA,Existing,Remote,2024-02-11,2024-12-11,10,316400.0,Completed,3,3871,0.3327
PRJ-01098,CLI-0292,Manufacturing,North America,New,On-site,2024-02-11,2024-04-11,2,150200.0,Completed,2,568,0.2652
PRJ-01101,CLI-0175,Public Sector,North America,Existing,Hybrid,2024-02-11,2024-10-11,8,579700.0,Completed,6,5790,0.32
PRJ-01091,CLI-0303,Energy & Utilities,EMEA,Existing,Remote,2024-02-11,2024-07-11,5,364800.0,Completed,5,2887,0.4118
PRJ-01093,CLI-0284,Financial Services,EMEA,Existing,Hybrid,2024-02-13,2025-01-13,11,384100.0,Completed,3,4990,0.3714
PRJ-01094,CLI-0036,Technology & Telecom,North America,New,Hybrid,2024-02-15,2024-08-15,6,622700.0,Completed,7,4824,0.3097
PRJ-01099,CLI-0065,Financial Services,APAC,Existing,Hybrid,2024-02-15,2024-03-15,1,337300.0,Completed,2,285,0.2786
PRJ-01103,CLI-0043,Healthcare,North America,New,Remote,2024-02-16,2024-07-16,5,337600.0,Completed,3,1791,0.2613
PRJ-01087,CLI-0160,Energy & Utilities,North America,Existing,On-site,2024-02-16,2024-09-16,7,358500.0,Completed,5,4931,0.4428
PRJ-01089,CLI-0319,Financial Services,North America,New,Hybrid,2024-02-18,2024-05-18,3,296700.0,Completed,3,1380,0.2987
PRJ-01095,CLI-0176,Technology & Telecom,North America,Existing,On-site,2024-02-20,2024-04-20,2,435600.0,Completed,6,1740,0.1914
PRJ-01083,CLI-0322,Manufacturing,North America,Existing,Remote,2024-02-20,2024-07-20,5,450000.0,Completed,3,1790,0.2912
PRJ-01096,CLI-0366,Retail & Consumer,EMEA,New,Hybrid,2024-02-21,2024-04-21,2,246500.0,Completed,2,582,0.3353
PRJ-01090,CLI-0335,Healthcare,North America,Existing,Remote,2024-02-21,2024-06-21,4,279800.0,Completed,4,2158,0.2402
PRJ-01106,CLI-0065,Public Sector,North America,New,Remote,2024-02-21,2024-05-21,3,161400.0,Completed,1,348,0.1677
PRJ-01097,CLI-0017,Healthcare,APAC,Existing,Remote,2024-02-23,2024-05-23,3,281300.0,Completed,3,1267,0.1931
PRJ-01115,CLI-0192,Manufacturing,APAC,Existing,Hybrid,2024-03-02,2024-08-02,5,567200.0,Completed,5,3641,0.236
PRJ-01122,CLI-0177,Technology & Telecom,North America,Existing,Hybrid,2024-03-02,2024-07-02,4,565300.0,Completed,8,4578,0.3035
PRJ-01118,CLI-0300,Retail & Consumer,EMEA,Existing,Hybrid,2024-03-03,2024-07-03,4,189500.0,Completed,3,1447,0.3755
PRJ-01138,CLI-0279,Retail & Consumer,APAC,New,Remote,2024-03-04,2024-07-04,4,534000.0,Completed,5,2339,0.3866
PRJ-01127,CLI-0234,Healthcare,EMEA,New,Remote,2024-03-04,2024-11-04,8,227000.0,Completed,3,3480,0.3015
PRJ-01111,CLI-0096,Technology & Telecom,North America,Existing,Remote,2024-03-05,2024-10-05,7,516000.0,Completed,5,5210,0.1636
PRJ-01131,CLI-0084,Healthcare,EMEA,Existing,On-site,2024-03-05,2024-07-05,4,424000.0,Completed,5,3108,0.215
PRJ-01139,CLI-0397,Financial Services,APAC,Existing,On-site,2024-03-05,2024-06-05,3,535400.0,Completed,6,2163,0.191
PRJ-01119,CLI-0123,Technology & Telecom,EMEA,Existing,Hybrid,2024-03-07,2024-12-07,9,894700.0,Completed,8,9146,0.2188
PRJ-01132,CLI-0029,Financial Services,EMEA,Existing,Hybrid,2024-03-07,2024-10-07,7,591500.0,Completed,6,5243,0.2346
PRJ-01112,CLI-0121,Manufacturing,North America,Existing,Hybrid,2024-03-10,2024-05-10,2,357300.0,Completed,5,1455,0.1768
PRJ-01135,CLI-0316,Technology & Telecom,North America,New,Remote,2024-03-10,2024-09-10,6,491800.0,Completed,5,4346,0.2307
PRJ-01110,CLI-0281,Energy & Utilities,EMEA,New,Hybrid,2024-03-10,2024-06-10,3,442600.0,Completed,3,1125,0.2391
PRJ-01113,CLI-0275,Public Sector,APAC,Existing,Hybrid,2024-03-11,2024-06-11,3,411000.0,Completed,3,1361,0.3095
PRJ-01136,CLI-0066,Energy & Utilities,North America,Existing,Hybrid,2024-03-12,2024-10-12,7,227500.0,Completed,3,2581,0.3107
PRJ-01133,CLI-0040,Manufacturing,North America,Existing,On-site,2024-03-12,2024-09-12,6,416100.0,Completed,4,3758,0.33
PRJ-01124,CLI-0026,Financial Services,North America,New,Hybrid,2024-03-12,2024-09-12,6,181700.0,Completed,2,1696,0.4334
PRJ-01128,CLI-0219,Healthcare,EMEA,New,On-site,2024-03-13,2024-07-13,4,179000.0,Completed,3,1531,0.1824
PRJ-01120,CLI-0357,Technology & Telecom,EMEA,Existing,Remote,2024-03-13,2024-09-13,6,497700.0,Completed,5,4096,0.2817
PRJ-01126,CLI-0266,Financial Services,EMEA,Existing,On-site,2024-03-17,2024-08-17,5,396200.0,Completed,6,4298,0.3798
PRJ-01130,CLI-0057,Financial Services,EMEA,Existing,Hybrid,2024-03-18,2024-09-18,6,427400.0,Completed,4,2844,0.2965
PRJ-01116,CLI-0296,Public Sector,EMEA,Existing,Hybrid,2024-03-18,2024-07-18,4,251000.0,Completed,1,451,0.3547
PRJ-01134,CLI-0313,Retail & Consumer,North America,New,Hybrid,2024-03-18,2024-06-18,3,157800.0,Completed,2,756,0.3274
PRJ-01123,CLI-0178,Technology & Telecom,APAC,Existing,Hybrid,2024-03-20,2024-04-20,1,609000.0,Completed,9,1077,0.3354
PRJ-01129,CLI-0004,Energy & Utilities,North America,Existing,Hybrid,2024-03-20,2024-11-20,8,743500.0,Completed,6,6630,0.2609
PRJ-01125,CLI-0402,Public Sector,North America,New,On-site,2024-03-22,2024-10-22,7,667500.0,Completed,7,7139,0.3065
PRJ-01114,CLI-0076,Healthcare,APAC,Existing,Hybrid,2024-03-24,2024-07-24,4,298300.0,Completed,1,450,0.2831
PRJ-01137,CLI-0308,Healthcare,North America,New,On-site,2024-03-25,2024-08-25,5,355100.0,Completed,3,1752,0.2676
PRJ-01121,CLI-0035,Public Sector,LATAM,New,Hybrid,2024-03-26,2024-06-26,3,362100.0,Completed,4,1495,0.3738
PRJ-01141,CLI-0126,Manufacturing,EMEA,New,On-site,2024-03-26,2024-11-26,8,1063100.0,Completed,10,11032,0.3276
PRJ-01109,CLI-0041,Manufacturing,North America,Existing,Hybrid,2024-03-27,2024-08-27,5,309600.0,Completed,3,2256,0.2711
PRJ-01117,CLI-0216,Manufacturing,North America,New,Hybrid,2024-03-28,2024-06-28,3,126200.0,Completed,1,392,0.3495
PRJ-01140,CLI-0145,Technology & Telecom,LATAM,Existing,Remote,2024-03-28,2024-10-28,7,1255500.0,Completed,14,11602,0.2173
PRJ-01168,CLI-0001,Public Sector,EMEA,Existing,Hybrid,2024-04-01,2024-10-01,6,414200.0,Completed,4,3375,0.2436
PRJ-01156,CLI-0349,Financial Services,North America,New,On-site,2024-04-03,2024-08-03,4,233900.0,Completed,2,1086,0.2851
PRJ-01161,CLI-0338,Healthcare,EMEA,Existing,Remote,2024-04-05,2024-09-05,5,481800.0,Completed,4,3006,0.2394
PRJ-01158,CLI-0323,Public Sector,North America,Existing,Hybrid,2024-04-05,2024-12-05,8,322300.0,Completed,5,4863,0.2442
PRJ-01166,CLI-0328,Manufacturing,North America,New,Hybrid,2024-04-06,2024-07-06,3,668600.0,Completed,9,3126,0.2568
PRJ-01170,CLI-0307,Financial Services,EMEA,New,Remote,2024-04-06,2024-11-06,7,514200.0,Completed,8,8387,0.1675
PRJ-01154,CLI-0086,Energy & Utilities,EMEA,Existing,Hybrid,2024-04-06,2024-05-06,1,334500.0,Completed,4,461,0.3734
PRJ-01151,CLI-0117,Financial Services,North America,New,Hybrid,2024-04-06,2024-05-06,1,232500.0,Completed,4,499,0.2229
PRJ-01142,CLI-0392,Financial Services,LATAM,New,Remote,2024-04-08,2024-08-08,4,369300.0,Completed,4,2258,0.4001
PRJ-01150,CLI-0134,Energy & Utilities,EMEA,New,Remote,2024-04-09,2025-04-09,12,885000.0,Completed,12,18289,0.3738
PRJ-01144,CLI-0081,Public Sector,North America,New,Remote,2024-04-10,2024-07-10,3,265000.0,Completed,3,1279,0.3541
PRJ-01171,CLI-0225,Public Sector,North America,Existing,Remote,2024-04-13,2024-08-13,4,321700.0,Completed,4,2075,0.3105
PRJ-01173,CLI-0352,Financial Services,North America,Existing,Remote,2024-04-14,2024-09-14,5,553800.0,Completed,5,3520,0.3081
PRJ-01145,CLI-0157,Financial Services,North America,New,Hybrid,2024-04-14,2024-10-14,6,395500.0,Cancelled,4,2993,0.2777
PRJ-01167,CLI-0103,Financial Services,EMEA,New,Remote,2024-04-14,2024-07-14,3,323900.0,Completed,3,1236,0.2148
PRJ-01152,CLI-0331,Healthcare,North America,Existing,Hybrid,2024-04-14,2024-09-14,5,166200.0,Completed,2,1469,0.1857
PRJ-01172,CLI-0313,Retail & Consumer,North America,Existing,On-site,2024-04-15,2024-11-15,7,113700.0,Completed,1,827,0.2229
PRJ-01143,CLI-0302,Healthcare,APAC,New,Hybrid,2024-04-16,2024-08-16,4,289500.0,Cancelled,3,1462,0.1682
PRJ-01159,CLI-0355,Public Sector,North America,New,On-site,2024-04-17,2024-09-17,5,208200.0,Completed,2,1350,0.2661
PRJ-01155,CLI-0312,Manufacturing,EMEA,Existing,Hybrid,2024-04-19,2025-03-19,11,708900.0,Completed,7,9782,0.2644
PRJ-01147,CLI-0299,Healthcare,EMEA,New,Hybrid,2024-04-20,2025-01-20,9,792300.0,Completed,8,8223,0.2338
PRJ-01169,CLI-0365,Financial Services,North America,Existing,Hybrid,2024-04-20,2024-11-20,7,429900.0,Completed,7,7704,0.2446
PRJ-01164,CLI-0029,Manufacturing,North America,Existing,On-site,2024-04-20,2024-06-20,2,479200.0,Completed,7,1795,0.2846
PRJ-01149,CLI-0011,Financial Services,North America,New,On-site,2024-04-21,2024-09-21,5,220900.0,Completed,2,1485,0.3415
PRJ-01163,CLI-0075,Manufacturing,EMEA,Existing,On-site,2024-04-22,2024-09-22,5,981600.0,Completed,10,6084,0.2603
PRJ-01165,CLI-0293,Healthcare,North America,Existing,Remote,2024-04-23,2024-08-23,4,315200.0,Completed,2,1256,0.3559
PRJ-01157,CLI-0225,Manufacturing,North America,New,Hybrid,2024-04-23,2024-09-23,5,183200.0,Completed,2,1308,0.2114
PRJ-01148,CLI-0102,Manufacturing,North America,Existing,Remote,2024-04-24,2024-08-24,4,315300.0,Completed,3,1493,0.2611
PRJ-01146,CLI-0238,Public Sector,APAC,Existing,On-site,2024-04-27,2024-07-27,3,79600.0,Completed,1,362,0.2406
PRJ-01162,CLI-0179,Manufacturing,LATAM,Existing,Hybrid,2024-04-27,2024-10-27,6,130900.0,Completed,1,783,0.222
PRJ-01160,CLI-0166,Public Sector,EMEA,Existing,Hybrid,2024-04-28,2024-11-28,7,179100.0,Completed,2,1970,0.3707
PRJ-01153,CLI-0122,Financial Services,EMEA,New,Remote,2024-04-28,2024-08-28,4,275800.0,Completed,3,1803,0.2313
PRJ-01174,CLI-0084,Public Sector,North America,New,Hybrid,2024-04-28,2024-05-28,1,233700.0,Completed,3,354,0.2991
PRJ-01190,CLI-0397,Healthcare,APAC,Existing,On-site,2024-05-01,2024-09-01,4,433500.0,Completed,4,2213,0.3355
PRJ-01192,CLI-0382,Manufacturing,North America,Existing,Hybrid,2024-05-03,2024-09-03,4,179400.0,Completed,2,994,0.2226
PRJ-01176,CLI-0120,Technology & Telecom,North America,New,Remote,2024-05-03,2024-10-03,5,421200.0,Completed,3,2003,0.1716
PRJ-01178,CLI-0251,Healthcare,LATAM,Existing,On-site,2024-05-04,2024-11-04,6,582500.0,Completed,8,5565,0.2836
PRJ-01181,CLI-0349,Manufacturing,EMEA,Existing,Hybrid,2024-05-05,2024-11-05,6,334400.0,Completed,2,1680,0.2627
PRJ-01187,CLI-0261,Technology & Telecom,North America,Existing,Remote,2024-05-07,2024-11-07,6,365900.0,Completed,2,1517,0.3473
PRJ-01175,CLI-0382,Financial Services,North America,Existing,Remote,2024-05-08,2025-01-08,8,551100.0,Completed,7,8535,0.3155
PRJ-01188,CLI-0409,Financial Services,North America,New,On-site,2024-05-08,2024-10-08,5,195300.0,Completed,1,690,0.294
PRJ-01183,CLI-0315,Financial Services,North America,Existing,Remote,2024-05-09,2024-06-09,1,317000.0,Completed,4,492,0.2359
PRJ-01177,CLI-0055,Financial Services,LATAM,Existing,On-site,2024-05-16,2024-07-16,2,468400.0,Completed,7,1723,0.2992
PRJ-01179,CLI-0158,Healthcare,North America,New,Hybrid,2024-05-19,2024-09-19,4,237700.0,Completed,5,2259,0.2612
PRJ-01186,CLI-0084,Financial Services,EMEA,Existing,Remote,2024-05-19,2024-09-19,4,238500.0,Completed,3,1581,0.2472
PRJ-01184,CLI-0126,Manufacturing,North America,New,Hybrid,2024-05-21,2024-11-21,6,292900.0,Completed,1,913,0.2612
PRJ-01191,CLI-0136,Manufacturing,LATAM,New,Hybrid,2024-05-22,2024-12-22,7,468600.0,Completed,6,5096,0.2939
PRJ-01189,CLI-0183,Public Sector,APAC,New,Hybrid,2024-05-23,2024-09-23,4,315800.0,Completed,3,1704,0.3029
PRJ-01180,CLI-0174,Retail & Consumer,North America,New,Hybrid,2024-05-23,2024-08-23,3,224700.0,Completed,2,820,0.2491
PRJ-01182,CLI-0245,Financial Services,EMEA,Existing,Hybrid,2024-05-24,2024-11-24,6,134600.0,Completed,1,724,0.068
PRJ-01185,CLI-0296,Energy & Utilities,North America,Existing,On-site,2024-05-27,2024-09-27,4,125700.0,Completed,2,917,0.2507
PRJ-01193,CLI-0048,Energy & Utilities,North America,Existing,On-site,2024-05-28,2025-03-28,10,465300.0,Completed,4,4708,0.2514
PRJ-01213,CLI-0414,Energy & Utilities,EMEA,New,Remote,2024-06-02,2025-03-02,9,711600.0,Completed,6,6745,0.2417
PRJ-01201,CLI-0335,Manufacturing,EMEA,Existing,On-site,2024-06-02,2024-08-02,2,346200.0,Completed,4,1080,0.3486
PRJ-01212,CLI-0061,Technology & Telecom,EMEA,New,Remote,2024-06-03,2024-12-03,6,594900.0,Completed,7,4843,0.2324
PRJ-01209,CLI-0380,Financial Services,North America,Existing,Remote,2024-06-03,2024-12-03,6,655800.0,Completed,5,4695,0.3322
PRJ-01202,CLI-0310,Manufacturing,EMEA,Existing,Hybrid,2024-06-04,2024-09-04,3,199200.0,Completed,2,872,0.2286
PRJ-01219,CLI-0110,Financial Services,North America,Existing,Remote,2024-06-05,2024-07-05,1,393000.0,Completed,4,583,0.2567
PRJ-01198,CLI-0203,Manufacturing,APAC,New,Hybrid,2024-06-05,2025-01-05,7,445600.0,Completed,3,2774,0.3705
PRJ-01211,CLI-0417,Healthcare,EMEA,Existing,Remote,2024-06-05,2025-02-05,8,390200.0,Completed,4,3698,0.2289
PRJ-01214,CLI-0330,Healthcare,APAC,Existing,Hybrid,2024-06-07,2024-10-07,4,182500.0,Completed,2,1137,0.2929
PRJ-01221,CLI-0203,Financial Services,APAC,Existing,Hybrid,2024-06-09,2024-09-09,3,830600.0,Completed,7,2887,0.2315
PRJ-01196,CLI-0255,Retail & Consumer,North America,Existing,Hybrid,2024-06-10,2025-03-10,9,319600.0,Completed,4,4431,0.3177
PRJ-01203,CLI-0272,Retail & Consumer,North America,Existing,Remote,2024-06-10,2024-11-10,5,400900.0,Completed,3,1798,0.2647
PRJ-01229,CLI-0156,Healthcare,EMEA,New,Remote,2024-06-11,2024-09-11,3,305100.0,Completed,2,837,0.2849
PRJ-01206,CLI-0329,Financial Services,North America,Existing,Remote,2024-06-12,2024-10-12,4,426900.0,Completed,3,1549,0.2794
PRJ-01217,CLI-0418,Manufacturing,North America,New,Hybrid,2024-06-12,2024-11-12,5,531700.0,Completed,3,2060,0.2415
PRJ-01215,CLI-0347,Energy & Utilities,North America,Existing,Hybrid,2024-06-13,2024-12-13,6,861700.0,Completed,10,6893,0.2419
PRJ-01222,CLI-0390,Manufacturing,EMEA,Existing,Remote,2024-06-15,2024-10-15,4,167700.0,Completed,2,1233,0.1296
PRJ-01205,CLI-0179,Healthcare,North America,Existing,Hybrid,2024-06-15,2024-10-15,4,359700.0,Completed,3,1516,0.2303
PRJ-01208,CLI-0045,Financial Services,EMEA,New,Hybrid,2024-06-15,2024-09-15,3,713700.0,Completed,8,2781,0.3403
PRJ-01226,CLI-0196,Manufacturing,EMEA,Existing,On-site,2024-06-16,2024-11-16,5,236600.0,Completed,4,2790,0.222
PRJ-01218,CLI-0129,Public Sector,APAC,Existing,On-site,2024-06-17,2024-12-17,6,447100.0,Completed,4,3623,0.3371
PRJ-01207,CLI-0044,Energy & Utilities,North America,Existing,On-site,2024-06-17,2024-11-17,5,239900.0,Completed,1,751,0.2531
PRJ-01223,CLI-0139,Technology & Telecom,North America,New,On-site,2024-06-18,2024-08-18,2,248300.0,Completed,1,238,0.2627
PRJ-01216,CLI-0408,Healthcare,APAC,New,On-site,2024-06-19,2024-11-19,5,328300.0,Completed,4,2688,0.1337
PRJ-01225,CLI-0146,Healthcare,North America,Existing,Remote,2024-06-19,2024-07-19,1,435900.0,Completed,6,758,0.464
PRJ-01230,CLI-0186,Energy & Utilities,North America,Existing,Remote,2024-06-20,2024-12-20,6,281500.0,Completed,5,4082,0.2588
PRJ-01194,CLI-0011,Retail & Consumer,APAC,New,Remote,2024-06-20,2024-11-20,5,369400.0,Completed,5,3765,0.3779
PRJ-01224,CLI-0136,Technology & Telecom,North America,Existing,Hybrid,2024-06-21,2024-12-21,6,580900.0,Completed,6,5165,0.1276
PRJ-01228,CLI-0282,Retail & Consumer,APAC,New,Remote,2024-06-22,2024-09-22,3,116300.0,Completed,1,394,0.3064
PRJ-01220,CLI-0320,Public Sector,North America,Existing,On-site,2024-06-22,2024-08-22,2,508900.0,Completed,5,1245,0.2063
PRJ-01195,CLI-0045,Retail & Consumer,North America,New,Hybrid,2024-06-24,2024-10-24,4,263500.0,Completed,5,2441,0.1654
PRJ-01199,CLI-0127,Manufacturing,North America,New,Hybrid,2024-06-25,2024-11-25,5,183900.0,Completed,2,1172,0.2904
PRJ-01227,CLI-0107,Retail & Consumer,APAC,New,Remote,2024-06-26,2024-08-26,2,210200.0,Completed,2,493,0.2105
PRJ-01204,CLI-0063,Public Sector,EMEA,Existing,Hybrid,2024-06-27,2024-10-27,4,283900.0,Completed,4,2360,0.2266
PRJ-01197,CLI-0167,Public Sector,EMEA,Existing,Hybrid,2024-06-27,2024-07-27,1,313600.0,Completed,3,444,0.3939
PRJ-01200,CLI-0054,Retail & Consumer,North America,Existing,Hybrid,2024-06-27,2024-10-27,4,151700.0,Completed,2,1127,0.3566
PRJ-01210,CLI-0125,Financial Services,LATAM,New,On-site,2024-06-28,2024-07-28,1,177900.0,Completed,2,296,0.3394
PRJ-01234,CLI-0339,Energy & Utilities,North America,New,Hybrid,2024-07-01,2024-08-01,1,481500.0,Completed,5,753,0.3137
PRJ-01259,CLI-0290,Retail & Consumer,EMEA,Existing,Hybrid,2024-07-02,2025-02-02,7,142000.0,Completed,2,1824,0.2716
PRJ-01249,CLI-0125,Retail & Consumer,LATAM,New,Remote,2024-07-03,2024-10-03,3,156900.0,Completed,1,448,0.2674
PRJ-01240,CLI-0137,Public Sector,LATAM,Existing,Remote,2024-07-03,2025-01-03,6,225500.0,Completed,5,3850,0.2821
PRJ-01254,CLI-0105,Public Sector,APAC,New,Remote,2024-07-03,2024-12-03,5,198300.0,Completed,2,1292,0.2723
PRJ-01235,CLI-0004,Energy & Utilities,APAC,New,Hybrid,2024-07-03,2025-04-03,9,476400.0,Cancelled,5,6764,0.3309
PRJ-01236,CLI-0214,Public Sector,APAC,Existing,On-site,2024-07-04,2024-09-04,2,283300.0,Completed,4,1120,0.3398
PRJ-01250,CLI-0113,Energy & Utilities,APAC,New,On-site,2024-07-05,2025-01-05,6,823600.0,Completed,7,5438,0.2072
PRJ-01238,CLI-0362,Healthcare,EMEA,Existing,Remote,2024-07-06,2024-10-06,3,287500.0,Completed,4,1588,0.2503
PRJ-01247,CLI-0332,Public Sector,APAC,Existing,On-site,2024-07-06,2024-11-06,4,211400.0,Completed,3,1690,0.1613
PRJ-01237,CLI-0103,Healthcare,APAC,Existing,Hybrid,2024-07-09,2024-11-09,4,295600.0,Completed,3,1545,0.3174
PRJ-01232,CLI-0255,Energy & Utilities,North America,Existing,Hybrid,2024-07-09,2024-11-09,4,521300.0,Completed,5,2751,0.2384
PRJ-01231,CLI-0264,Technology & Telecom,North America,New,Hybrid,2024-07-09,2025-02-09,7,523600.0,Completed,6,5930,0.1777
PRJ-01253,CLI-0189,Financial Services,North America,Existing,Remote,2024-07-09,2025-01-09,6,329700.0,Completed,4,3149,0.2826
PRJ-01255,CLI-0291,Energy & Utilities,APAC,Existing,Hybrid,2024-07-10,2024-10-10,3,431600.0,Completed,3,1291,0.2112
PRJ-01251,CLI-0001,Energy & Utilities,North America,Existing,Hybrid,2024-07-10,2025-01-10,6,250700.0,Completed,3,2223,0.3079
PRJ-01233,CLI-0405,Financial Services,EMEA,New,Remote,2024-07-11,2025-01-11,6,220800.0,Completed,4,3423,0.269
PRJ-01257,CLI-0352,Manufacturing,North America,Existing,On-site,2024-07-11,2024-10-11,3,376900.0,Completed,4,1381,0.2633
PRJ-01244,CLI-0213,Healthcare,EMEA,Existing,Hybrid,2024-07-13,2024-10-13,3,303700.0,Completed,3,1221,0.2519
PRJ-01246,CLI-0144,Energy & Utilities,LATAM,Existing,Hybrid,2024-07-13,2024-09-13,2,421800.0,Completed,3,889,0.1883
PRJ-01242,CLI-0235,Energy & Utilities,North America,New,Hybrid,2024-07-14,2024-09-14,2,478400.0,Completed,4,1083,0.2411
PRJ-01256,CLI-0348,Technology & Telecom,EMEA,New,On-site,2024-07-15,2025-03-15,8,549100.0,Completed,5,4997,0.415
PRJ-01248,CLI-0087,Public Sector,North America,New,Remote,2024-07-17,2024-11-17,4,199400.0,Completed,2,1245,0.3265
PRJ-01262,CLI-0417,Healthcare,LATAM,New,Hybrid,2024-07-17,2025-02-17,7,381500.0,Completed,4,3430,0.2922
PRJ-01260,CLI-0159,Manufacturing,EMEA,Existing,Hybrid,2024-07-18,2025-02-18,7,338600.0,Completed,3,2442,0.3674
PRJ-01243,CLI-0154,Healthcare,North America,Existing,Remote,2024-07-22,2024-10-22,3,393700.0,Cancelled,2,703,0.2388
PRJ-01239,CLI-0383,Manufacturing,North America,Existing,Hybrid,2024-07-23,2024-08-23,1,304400.0,Completed,4,611,0.3053
PRJ-01241,CLI-0065,Manufacturing,North America,New,Hybrid,2024-07-26,2024-12-26,5,220300.0,Completed,2,1341,0.3011
PRJ-01245,CLI-0233,Technology & Telecom,EMEA,Existing,Remote,2024-07-27,2025-01-27,6,334000.0,Completed,3,2361,0.3455
PRJ-01258,CLI-0087,Financial Services,EMEA,New,Remote,2024-07-27,2024-12-27,5,380700.0,Completed,2,1394,0.3676
PRJ-01252,CLI-0299,Retail & Consumer,LATAM,New,Hybrid,2024-07-27,2024-12-27,5,133000.0,Completed,2,1500,0.3875
PRJ-01261,CLI-0276,Public Sector,North America,Existing,Hybrid,2024-07-28,2024-12-28,5,227400.0,Completed,3,1863,0.3274
PRJ-01276,CLI-0419,Technology & Telecom,EMEA,Existing,On-site,2024-08-03,2025-02-03,6,430400.0,Completed,6,4332,0.271
PRJ-01266,CLI-0112,Financial Services,EMEA,New,On-site,2024-08-05,2025-07-05,11,786900.0,Completed,10,14800,0.2599
PRJ-01283,CLI-0163,Retail & Consumer,North America,New,Remote,2024-08-05,2025-01-05,5,260400.0,Completed,3,2286,0.3549
PRJ-01268,CLI-0333,Financial Services,LATAM,Existing,Hybrid,2024-08-05,2025-01-05,5,207700.0,Completed,3,2212,0.3148
PRJ-01265,CLI-0210,Energy & Utilities,EMEA,New,Remote,2024-08-05,2024-09-05,1,323800.0,Completed,2,258,0.2127
PRJ-01277,CLI-0294,Healthcare,APAC,Existing,Hybrid,2024-08-06,2025-03-06,7,559200.0,Completed,7,5733,0.2011
PRJ-01280,CLI-0203,Healthcare,EMEA,Existing,Hybrid,2024-08-06,2024-11-06,3,253600.0,Completed,1,435,0.3922
PRJ-01271,CLI-0401,Energy & Utilities,LATAM,Existing,On-site,2024-08-07,2025-02-07,6,806500.0,Completed,9,6866,0.3048
PRJ-01278,CLI-0368,Public Sector,LATAM,Existing,Hybrid,2024-08-08,2024-11-08,3,141200.0,Completed,1,387,0.4209
PRJ-01289,CLI-0311,Healthcare,North America,New,On-site,2024-08-10,2025-02-10,6,304100.0,Completed,4,3383,0.2832
PRJ-01263,CLI-0213,Public Sector,APAC,Existing,Hybrid,2024-08-10,2025-02-10,6,338100.0,Completed,3,2486,0.266
PRJ-01281,CLI-0142,Retail & Consumer,North America,Existing,Hybrid,2024-08-11,2025-02-11,6,86000.0,Completed,1,723,0.3695
PRJ-01285,CLI-0241,Manufacturing,EMEA,New,Hybrid,2024-08-11,2025-01-11,5,426600.0,Completed,4,3076,0.3139
PRJ-01287,CLI-0043,Public Sector,EMEA,Existing,Hybrid,2024-08-15,2025-01-15,5,122300.0,Completed,1,654,0.177
PRJ-01274,CLI-0007,Public Sector,EMEA,New,Hybrid,2024-08-16,2025-03-16,7,635000.0,Completed,7,6522,0.2142
PRJ-01264,CLI-0115,Healthcare,APAC,New,Remote,2024-08-16,2025-03-16,7,376100.0,Completed,3,2744,0.3083
PRJ-01288,CLI-0376,Technology & Telecom,North America,New,Hybrid,2024-08-17,2024-12-17,4,536800.0,Completed,6,2843,0.2438
PRJ-01272,CLI-0085,Healthcare,North America,Existing,On-site,2024-08-17,2025-02-17,6,254100.0,Completed,4,3332,0.276
PRJ-01279,CLI-0117,Technology & Telecom,North America,Existing,On-site,2024-08-17,2024-12-17,4,461200.0,Completed,5,3139,0.3158
PRJ-01269,CLI-0385,Manufacturing,APAC,Existing,Hybrid,2024-08-18,2024-12-18,4,319900.0,Completed,3,1871,0.3374
PRJ-01282,CLI-0015,Technology & Telecom,EMEA,Existing,Hybrid,2024-08-18,2024-10-18,2,261200.0,Completed,2,599,0.3703
PRJ-01286,CLI-0052,Energy & Utilities,EMEA,Existing,Hybrid,2024-08-18,2025-02-18,6,317100.0,Completed,4,3365,0.2555
PRJ-01267,CLI-0352,Retail & Consumer,APAC,Existing,Remote,2024-08-21,2024-09-21,1,81000.0,Completed,2,239,0.2416
PRJ-01275,CLI-0033,Manufacturing,APAC,Existing,Remote,2024-08-21,2024-11-21,3,397200.0,Completed,5,2258,0.2758
PRJ-01284,CLI-0040,Public Sector,North America,Existing,On-site,2024-08-25,2025-02-25,6,302300.0,Completed,3,2806,0.2813
PRJ-01270,CLI-0113,Healthcare,EMEA,Existing,Hybrid,2024-08-26,2024-11-26,3,237900.0,Completed,3,1281,0.3737
PRJ-01273,CLI-0100,Energy & Utilities,APAC,Existing,On-site,2024-08-27,2025-04-27,8,774600.0,Completed,7,7335,0.2776
PRJ-01302,CLI-0114,Healthcare,North America,Existing,Hybrid,2024-09-03,2025-05-03,8,326400.0,Completed,4,3947,0.3776
PRJ-01314,CLI-0322,Financial Services,EMEA,New,On-site,2024-09-03,2025-04-03,7,309900.0,Completed,5,5081,0.2458
PRJ-01309,CLI-0134,Manufacturing,LATAM,Existing,Hybrid,2024-09-05,2025-01-05,4,300700.0,Completed,2,1135,0.3646
PRJ-01308,CLI-0300,Healthcare,EMEA,Existing,Remote,2024-09-05,2024-12-05,3,391100.0,Completed,5,2253,0.1941
PRJ-01290,CLI-0262,Financial Services,North America,New,Hybrid,2024-09-07,2024-11-07,2,317900.0,Completed,2,464,0.2115
PRJ-01311,CLI-0147,Retail & Consumer,EMEA,Existing,On-site,2024-09-08,2025-02-08,5,366000.0,Completed,2,1481,0.2663
PRJ-01300,CLI-0037,Energy & Utilities,EMEA,Existing,On-site,2024-09-09,2025-04-09,7,608200.0,Completed,6,5525,0.2305
PRJ-01298,CLI-0092,Technology & Telecom,EMEA,New,Hybrid,2024-09-09,2025-04-09,7,513800.0,Completed,4,3884,0.304
PRJ-01304,CLI-0271,Financial Services,EMEA,Existing,On-site,2024-09-09,2024-12-09,3,352600.0,Completed,6,2652,0.2548
PRJ-01310,CLI-0376,Retail & Consumer,North America,Existing,Remote,2024-09-11,2025-01-11,4,116200.0,Completed,4,2114,0.1545
PRJ-01324,CLI-0235,Manufacturing,EMEA,New,On-site,2024-09-12,2025-03-12,6,616900.0,Completed,6,5417,0.2874
PRJ-01306,CLI-0310,Energy & Utilities,North America,New,Hybrid,2024-09-12,2024-12-12,3,411000.0,Cancelled,6,2302,0.299
PRJ-01316,CLI-0223,Energy & Utilities,North America,New,Hybrid,2024-09-12,2025-06-12,9,851600.0,Completed,12,16607,0.2293
PRJ-01320,CLI-0403,Financial Services,APAC,New,Hybrid,2024-09-12,2025-02-12,5,253100.0,Completed,3,1933,0.2758
PRJ-01301,CLI-0062,Technology & Telecom,EMEA,New,Hybrid,2024-09-13,2025-01-13,4,298600.0,Completed,2,1259,0.3164
PRJ-01295,CLI-0199,Manufacturing,EMEA,Existing,Remote,2024-09-15,2025-01-15,4,91500.0,Completed,1,538,0.263
PRJ-01307,CLI-0171,Manufacturing,North America,New,Remote,2024-09-16,2025-02-16,5,169700.0,Completed,1,783,0.1153
PRJ-01321,CLI-0014,Financial Services,North America,New,Hybrid,2024-09-16,2025-03-16,6,382100.0,Completed,4,2943,0.364
PRJ-01299,CLI-0401,Public Sector,EMEA,Existing,Hybrid,2024-09-17,2025-01-17,4,240000.0,Completed,4,2232,0.2825
PRJ-01303,CLI-0044,Energy & Utilities,North America,New,Remote,2024-09-18,2025-04-18,7,906900.0,Completed,9,8422,0.2504
PRJ-01305,CLI-0220,Financial Services,APAC,New,On-site,2024-09-18,2024-11-18,2,495500.0,Completed,7,1927,0.2014
PRJ-01297,CLI-0038,Healthcare,EMEA,New,Remote,2024-09-18,2024-11-18,2,281700.0,Completed,4,970,0.3156
PRJ-01296,CLI-0264,Energy & Utilities,EMEA,Existing,Hybrid,2024-09-18,2025-03-18,6,740300.0,Completed,8,6795,0.2703
PRJ-01292,CLI-0127,Financial Services,APAC,Existing,Hybrid,2024-09-18,2024-11-18,2,314400.0,Completed,4,951,0.3115
PRJ-01322,CLI-0135,Public Sector,APAC,Existing,Hybrid,2024-09-22,2025-01-22,4,202200.0,Completed,2,1008,0.354
PRJ-01318,CLI-0399,Healthcare,North America,New,Remote,2024-09-22,2024-11-22,2,924000.0,Completed,8,1899,0.2007
PRJ-01319,CLI-0147,Manufacturing,APAC,New,Hybrid,2024-09-22,2024-12-22,3,314200.0,Completed,3,1326,0.2383
PRJ-01294,CLI-0131,Retail & Consumer,EMEA,Existing,Remote,2024-09-24,2025-02-24,5,186200.0,Completed,1,761,0.2888
PRJ-01293,CLI-0020,Public Sector,EMEA,Existing,On-site,2024-09-24,2025-01-24,4,414100.0,Completed,4,2414,0.3022
PRJ-01323,CLI-0003,Healthcare,APAC,Existing,Remote,2024-09-25,2024-12-25,3,223900.0,Completed,1,448,0.2175
PRJ-01317,CLI-0015,Manufacturing,APAC,Existing,Hybrid,2024-09-26,2025-02-26,5,173300.0,Completed,1,725,0.4278
PRJ-01291,CLI-0241,Manufacturing,EMEA,New,On-site,2024-09-26,2025-04-26,7,281600.0,Completed,4,3978,0.2835
PRJ-01315,CLI-0194,Manufacturing,North America,Existing,Hybrid,2024-09-26,2025-04-26,7,651900.0,Completed,6,5837,0.2747
PRJ-01312,CLI-0048,Financial Services,North America,New,Hybrid,2024-09-27,2025-09-27,12,744100.0,Completed,9,14771,0.2452
PRJ-01313,CLI-0054,Manufacturing,LATAM,Existing,On-site,2024-09-28,2025-01-28,4,238700.0,Completed,2,1237,0.3292
PRJ-01325,CLI-0250,Retail & Consumer,EMEA,Existing,On-site,2024-10-01,2025-05-01,7,241300.0,Completed,2,1616,0.3381
PRJ-01330,CLI-0236,Financial Services,APAC,Existing,Hybrid,2024-10-01,2025-06-01,8,632800.0,Completed,8,10069,0.3652
PRJ-01340,CLI-0145,Financial Services,APAC,Existing,Remote,2024-10-03,2025-03-03,5,1129400.0,Completed,12,7146,0.3102
PRJ-01331,CLI-0047,Public Sector,North America,Existing,Hybrid,2024-10-03,2025-06-03,8,795900.0,Completed,9,9405,0.3136
PRJ-01333,CLI-0105,Public Sector,North America,Existing,Hybrid,2024-10-05,2025-01-05,3,292000.0,Completed,1,442,0.2751
PRJ-01338,CLI-0148,Healthcare,North America,New,Remote,2024-10-05,2025-03-05,5,424400.0,Completed,3,2168,0.3221
PRJ-01359,CLI-0095,Retail & Consumer,North America,Existing,Remote,2024-10-06,2025-04-06,6,194100.0,Completed,1,837,0.3681
PRJ-01329,CLI-0388,Healthcare,North America,Existing,Remote,2024-10-08,2025-06-08,8,213500.0,Completed,2,1808,0.2724
PRJ-01342,CLI-0401,Energy & Utilities,EMEA,New,Remote,2024-10-08,2025-03-08,5,623700.0,Completed,7,4417,0.2229
PRJ-01343,CLI-0364,Manufacturing,APAC,New,Remote,2024-10-09,2025-02-09,4,327700.0,Completed,5,3061,0.2708
PRJ-01332,CLI-0044,Manufacturing,North America,Existing,On-site,2024-10-09,2025-02-09,4,370200.0,Completed,4,2093,0.4355
PRJ-01358,CLI-0281,Public Sector,North America,New,On-site,2024-10-10,2025-03-10,5,174600.0,Completed,2,1506,0.3325
PRJ-01347,CLI-0344,Financial Services,EMEA,Existing,Hybrid,2024-10-11,2025-03-11,5,302300.0,Completed,4,3129,0.3185
PRJ-01350,CLI-0324,Technology & Telecom,EMEA,New,Remote,2024-10-12,2025-03-12,5,632100.0,Completed,8,5647,0.3834
PRJ-01356,CLI-0404,Retail & Consumer,EMEA,Existing,Remote,2024-10-12,2024-12-12,2,170800.0,Completed,3,940,0.2265
PRJ-01336,CLI-0205,Financial Services,EMEA,Existing,Hybrid,2024-10-13,2025-07-13,9,397700.0,Completed,4,5193,0.2954
PRJ-01361,CLI-0248,Retail & Consumer,North America,New,Remote,2024-10-14,2024-12-14,2,242900.0,Completed,4,1140,0.2523
PRJ-01328,CLI-0185,Manufacturing,EMEA,New,Hybrid,2024-10-17,2025-03-17,5,348600.0,Completed,3,2060,0.2292
PRJ-01349,CLI-0301,Energy & Utilities,North America,New,Remote,2024-10-19,2025-02-19,4,243800.0,Completed,1,548,0.3191
PRJ-01344,CLI-0196,Technology & Telecom,APAC,Existing,On-site,2024-10-19,2025-05-19,7,592800.0,Completed,6,5621,0.2106
PRJ-01346,CLI-0143,Healthcare,APAC,Existing,Remote,2024-10-20,2025-03-20,5,423600.0,Completed,6,4518,0.2654
PRJ-01355,CLI-0105,Energy & Utilities,North America,Existing,On-site,2024-10-20,2025-03-20,5,331000.0,Completed,5,3875,0.3471
PRJ-01339,CLI-0238,Retail & Consumer,APAC,New,Remote,2024-10-21,2025-01-21,3,161300.0,Completed,1,435,0.33
PRJ-01345,CLI-0024,Public Sector,EMEA,Existing,Remote,2024-10-21,2025-02-21,4,157600.0,Completed,1,598,0.3561
PRJ-01353,CLI-0389,Retail & Consumer,EMEA,New,Hybrid,2024-10-21,2024-12-21,2,205500.0,Completed,2,552,0.3007
PRJ-01354,CLI-0078,Financial Services,EMEA,Existing,Hybrid,2024-10-21,2025-02-21,4,595600.0,Completed,6,2763,0.3141
PRJ-01327,CLI-0259,Financial Services,North America,Existing,On-site,2024-10-22,2024-12-22,2,213500.0,Completed,3,739,0.2113
PRJ-01337,CLI-0135,Technology & Telecom,EMEA,New,Remote,2024-10-22,2025-04-22,6,688500.0,Completed,8,5688,0.3333
PRJ-01326,CLI-0089,Public Sector,North America,New,Remote,2024-10-22,2024-11-22,1,262400.0,Completed,3,418,0.3914
PRJ-01334,CLI-0340,Financial Services,APAC,Existing,On-site,2024-10-22,2025-05-22,7,289300.0,Completed,4,3401,0.3538
PRJ-01348,CLI-0342,Public Sector,EMEA,Existing,Hybrid,2024-10-24,2025-02-24,4,165300.0,Completed,1,610,0.2409
PRJ-01335,CLI-0025,Public Sector,APAC,Existing,Hybrid,2024-10-25,2025-02-25,4,311800.0,Completed,4,2460,0.306
PRJ-01351,CLI-0256,Energy & Utilities,EMEA,Existing,Hybrid,2024-10-26,2025-05-26,7,1127100.0,Completed,12,10926,0.1289
PRJ-01360,CLI-0075,Healthcare,LATAM,New,On-site,2024-10-26,2025-05-26,7,202100.0,Completed,1,883,0.2428
PRJ-01357,CLI-0149,Energy & Utilities,North America,Existing,Hybrid,2024-10-27,2025-04-27,6,663000.0,Completed,6,4644,0.2849
PRJ-01341,CLI-0048,Financial Services,EMEA,New,On-site,2024-10-28,2025-05-28,7,566800.0,Completed,8,6559,0.3031
PRJ-01352,CLI-0100,Manufacturing,North America,New,Hybrid,2024-10-28,2025-03-28,5,205000.0,Completed,1,645,0.1538
PRJ-01376,CLI-0094,Public Sector,EMEA,New,On-site,2024-11-01,2025-05-01,6,244700.0,Completed,1,802,0.2861
PRJ-01362,CLI-0340,Manufacturing,North America,New,On-site,2024-11-02,2025-02-02,3,272500.0,Completed,2,879,0.2535
PRJ-01387,CLI-0302,Technology & Telecom,LATAM,Existing,On-site,2024-11-03,2025-05-03,6,736500.0,Completed,9,7517,0.1931
PRJ-01380,CLI-0370,Financial Services,APAC,New,On-site,2024-11-03,2025-02-03,3,425700.0,Cancelled,5,2222,0.3266
PRJ-01377,CLI-0346,Healthcare,EMEA,Existing,Hybrid,2024-11-03,2025-04-03,5,420100.0,Completed,4,2513,0.2754
PRJ-01372,CLI-0179,Financial Services,APAC,New,On-site,2024-11-03,2025-04-03,5,215100.0,Completed,2,1198,0.2252
PRJ-01385,CLI-0135,Public Sector,North America,Existing,On-site,2024-11-04,2025-05-04,6,285900.0,Completed,4,2805,0.2227
PRJ-01371,CLI-0261,Public Sector,North America,Existing,Hybrid,2024-11-07,2025-02-07,3,338700.0,Completed,2,731,0.2249
PRJ-01389,CLI-0240,Public Sector,North America,Existing,Hybrid,2024-11-08,2025-02-08,3,325300.0,Completed,3,1048,0.3715
PRJ-01365,CLI-0078,Manufacturing,APAC,New,On-site,2024-11-08,2025-03-08,4,345900.0,Completed,2,1191,0.3467
PRJ-01390,CLI-0185,Manufacturing,LATAM,Existing,Remote,2024-11-09,2025-04-09,5,270800.0,Completed,3,2331,0.3224
PRJ-01386,CLI-0050,Financial Services,North America,New,Hybrid,2024-11-09,2024-12-09,1,619200.0,Completed,7,1010,0.3306
PRJ-01388,CLI-0390,Manufacturing,North America,New,On-site,2024-11-12,2025-05-12,6,434000.0,Completed,6,4189,0.377
PRJ-01392,CLI-0233,Public Sector,EMEA,Existing,Hybrid,2024-11-12,2025-07-12,8,159500.0,Completed,1,1152,0.2768
PRJ-01364,CLI-0154,Public Sector,EMEA,Existing,Hybrid,2024-11-13,2025-06-13,7,314500.0,Cancelled,2,1776,0.2811
PRJ-01382,CLI-0217,Manufacturing,North America,New,On-site,2024-11-13,2025-03-13,4,789300.0,Completed,8,4080,0.297
PRJ-01369,CLI-0309,Manufacturing,North America,Existing,Remote,2024-11-14,2025-04-14,5,268300.0,Completed,1,726,0.2019
PRJ-01363,CLI-0299,Healthcare,North America,Existing,On-site,2024-11-14,2025-07-14,8,559900.0,Completed,6,6061,0.306
PRJ-01381,CLI-0147,Manufacturing,North America,New,Remote,2024-11-14,2025-04-14,5,377000.0,Completed,6,3797,0.3607
PRJ-01366,CLI-0394,Healthcare,EMEA,New,Remote,2024-11-14,2025-04-14,5,602800.0,Completed,7,5077,0.3729
PRJ-01368,CLI-0168,Energy & Utilities,APAC,Existing,Hybrid,2024-11-15,2025-02-15,3,386800.0,Completed,4,1673,0.2178
PRJ-01367,CLI-0046,Energy & Utilities,North America,New,On-site,2024-11-15,2025-10-15,11,952000.0,Completed,10,12983,0.3259
PRJ-01394,CLI-0303,Financial Services,APAC,Existing,Hybrid,2024-11-15,2025-06-15,7,937500.0,Completed,10,8665,0.3896
PRJ-01378,CLI-0102,Healthcare,APAC,New,Hybrid,2024-11-16,2025-03-16,4,419100.0,Completed,4,2481,0.197
PRJ-01391,CLI-0219,Healthcare,EMEA,Existing,Remote,2024-11-17,2025-04-17,5,314400.0,Completed,2,1291,0.2816
PRJ-01395,CLI-0417,Technology & Telecom,North America,New,Remote,2024-11-17,2025-04-17,5,726500.0,Completed,9,5217,0.3946
PRJ-01396,CLI-0043,Retail & Consumer,EMEA,Existing,Hybrid,2024-11-17,2025-04-17,5,270600.0,Completed,3,2047,0.2776
PRJ-01384,CLI-0371,Healthcare,APAC,New,Hybrid,2024-11-17,2025-05-17,6,271000.0,Completed,2,1470,0.2943
PRJ-01393,CLI-0365,Retail & Consumer,APAC,Existing,Hybrid,2024-11-18,2025-01-18,2,244400.0,Cancelled,4,922,0.3109
PRJ-01383,CLI-0327,Retail & Consumer,North America,New,Remote,2024-11-20,2025-01-20,2,135400.0,Completed,2,571,0.3434
PRJ-01374,CLI-0340,Manufacturing,North America,New,Remote,2024-11-21,2025-05-21,6,348000.0,Completed,4,3645,0.1948
PRJ-01379,CLI-0181,Manufacturing,North America,Existing,Hybrid,2024-11-24,2025-01-24,2,382800.0,Completed,4,1138,0.3566
PRJ-01375,CLI-0401,Public Sector,APAC,New,On-site,2024-11-28,2025-06-28,7,538200.0,Completed,8,6991,0.2994
PRJ-01370,CLI-0116,Financial Services,EMEA,Existing,On-site,2024-11-28,2025-02-28,3,289300.0,Completed,3,1354,0.1993
PRJ-01373,CLI-0003,Manufacturing,APAC,New,Hybrid,2024-11-28,2025-06-28,7,424900.0,Completed,4,4209,0.4089
PRJ-01441,CLI-0122,Energy & Utilities,North America,Existing,On-site,2024-12-01,2025-06-01,6,648700.0,Completed,6,4103,0.2331
PRJ-01436,CLI-0032,Manufacturing,EMEA,New,Hybrid,2024-12-01,2025-03-01,3,346900.0,Completed,5,1870,0.3467
PRJ-01435,CLI-0209,Retail & Consumer,North America,New,Hybrid,2024-12-02,2025-03-02,3,292900.0,Completed,1,378,0.2736
PRJ-01425,CLI-0346,Manufacturing,LATAM,Existing,Hybrid,2024-12-03,2025-05-03,5,175600.0,Completed,1,706,0.3651
PRJ-01426,CLI-0379,Financial Services,EMEA,Existing,On-site,2024-12-03,2025-07-03,7,479600.0,Completed,5,4575,0.299
PRJ-01397,CLI-0061,Financial Services,APAC,New,Hybrid,2024-12-04,2025-06-04,6,602300.0,Completed,8,5766,0.198
PRJ-01422,CLI-0076,Retail & Consumer,LATAM,New,Remote,2024-12-04,2025-07-04,7,365800.0,Cancelled,2,1662,0.221
PRJ-01400,CLI-0070,Manufacturing,North America,Existing,Remote,2024-12-04,2025-03-04,3,305600.0,Cancelled,1,436,0.2677
PRJ-01444,CLI-0337,Healthcare,APAC,New,Hybrid,2024-12-06,2025-05-06,5,340100.0,Completed,4,2419,0.2159
PRJ-01416,CLI-0055,Public Sector,North America,Existing,Remote,2024-12-06,2025-08-06,8,943200.0,Completed,11,12010,0.2392
PRJ-01429,CLI-0023,Public Sector,EMEA,Existing,Hybrid,2024-12-07,2025-06-07,6,839100.0,Completed,8,6914,0.3577
PRJ-01410,CLI-0356,Healthcare,EMEA,Existing,On-site,2024-12-08,2025-08-08,8,650900.0,Completed,6,6253,0.265
PRJ-01428,CLI-0303,Energy & Utilities,APAC,Existing,Hybrid,2024-12-08,2025-05-08,5,555300.0,Completed,8,5621,0.3699
PRJ-01405,CLI-0099,Financial Services,North America,Existing,Hybrid,2024-12-08,2025-03-08,3,324100.0,Completed,2,943,0.3153
PRJ-01432,CLI-0315,Public Sector,APAC,New,Hybrid,2024-12-09,2025-06-09,6,801600.0,Completed,11,8100,0.2699
PRJ-01424,CLI-0343,Healthcare,EMEA,Existing,Hybrid,2024-12-10,2025-02-10,2,490500.0,Completed,6,1351,0.2143
PRJ-01430,CLI-0032,Manufacturing,North America,Existing,Remote,2024-12-10,2025-03-10,3,392200.0,Cancelled,5,2166,0.3156
PRJ-01398,CLI-0256,Financial Services,APAC,Existing,Hybrid,2024-12-10,2025-02-10,2,650400.0,Completed,8,2357,0.2347
PRJ-01420,CLI-0378,Healthcare,APAC,Existing,Hybrid,2024-12-10,2025-03-10,3,350700.0,Completed,4,1367,0.3067
PRJ-01442,CLI-0409,Financial Services,North America,Existing,Hybrid,2024-12-10,2025-02-10,2,440100.0,Completed,6,1548,0.44
PRJ-01434,CLI-0419,Financial Services,APAC,New,Remote,2024-12-11,2025-04-11,4,719200.0,Completed,10,5660,0.1632
PRJ-01419,CLI-0202,Healthcare,EMEA,Existing,Remote,2024-12-12,2025-09-12,9,796900.0,Completed,9,9959,0.1395
PRJ-01399,CLI-0336,Healthcare,EMEA,Existing,Hybrid,2024-12-12,2025-07-12,7,329900.0,Completed,1,892,0.2666
PRJ-01414,CLI-0202,Public Sector,EMEA,Existing,Hybrid,2024-12-13,2025-06-13,6,515900.0,Cancelled,6,5300,0.3165
PRJ-01421,CLI-0392,Healthcare,EMEA,Existing,Remote,2024-12-14,2025-08-14,8,644300.0,Completed,10,10249,0.2738
PRJ-01412,CLI-0019,Financial Services,LATAM,Existing,Remote,2024-12-14,2025-04-14,4,695700.0,Cancelled,8,4634,0.205
PRJ-01439,CLI-0013,Healthcare,North America,Existing,Hybrid,2024-12-14,2025-05-14,5,326400.0,Completed,2,1269,0.2246
PRJ-01415,CLI-0183,Financial Services,EMEA,New,On-site,2024-12-15,2025-04-15,4,307600.0,Completed,2,1188,0.3836
PRJ-01437,CLI-0325,Technology & Telecom,APAC,New,Remote,2024-12-17,2025-09-17,9,749600.0,Completed,9,11701,0.2991
PRJ-01401,CLI-0118,Manufacturing,EMEA,Existing,Remote,2024-12-17,2025-03-17,3,385500.0,Completed,4,1876,0.3798
PRJ-01407,CLI-0076,Energy & Utilities,EMEA,New,Hybrid,2024-12-18,2025-04-18,4,422200.0,Completed,4,2056,0.2186
PRJ-01402,CLI-0318,Healthcare,North America,New,Remote,2024-12-18,2025-06-18,6,436800.0,Cancelled,3,2119,0.2538
PRJ-01413,CLI-0347,Energy & Utilities,LATAM,Existing,On-site,2024-12-19,2025-06-19,6,383100.0,Cancelled,3,2556,0.3885
PRJ-01440,CLI-0027,Energy & Utilities,North America,Existing,On-site,2024-12-19,2025-02-19,2,225900.0,Completed,2,605,0.2887
PRJ-01417,CLI-0132,Manufacturing,EMEA,New,Remote,2024-12-19,2025-08-19,8,736700.0,Completed,6,6155,0.268
PRJ-01427,CLI-0005,Public Sector,North America,Existing,Hybrid,2024-12-20,2025-05-20,5,240400.0,Completed,3,2072,0.2052
PRJ-01404,CLI-0127,Manufacturing,APAC,Existing,Remote,2024-12-20,2025-04-20,4,917300.0,Completed,7,3997,0.4591
PRJ-01443,CLI-0379,Energy & Utilities,North America,Existing,Remote,2024-12-21,2025-10-21,10,1063000.0,Completed,12,18502,0.257
PRJ-01411,CLI-0006,Public Sector,North America,New,Hybrid,2024-12-21,2025-02-21,2,278300.0,Completed,2,578,0.2936
PRJ-01445,CLI-0192,Financial Services,APAC,New,On-site,2024-12-21,2025-04-21,4,446300.0,Completed,4,1943,0.3085
PRJ-01408,CLI-0112,Healthcare,North America,New,Hybrid,2024-12-22,2025-05-22,5,576100.0,Completed,7,4366,0.2343
PRJ-01433,CLI-0300,Public Sector,North America,Existing,Hybrid,2024-12-23,2025-03-23,3,546600.0,Completed,5,1841,0.2967
PRJ-01438,CLI-0178,Manufacturing,North America,New,Remote,2024-12-25,2025-05-25,5,457200.0,Completed,3,1937,0.2094
PRJ-01423,CLI-0239,Energy & Utilities,EMEA,Existing,Remote,2024-12-25,2025-05-25,5,601600.0,Completed,8,6197,0.2903
PRJ-01418,CLI-0319,Technology & Telecom,LATAM,Existing,Hybrid,2024-12-26,2025-05-26,5,783900.0,Completed,7,4525,0.2853
PRJ-01406,CLI-0336,Public Sector,APAC,Existing,Hybrid,2024-12-26,2025-08-26,8,313500.0,Completed,1,1078,0.3449
PRJ-01431,CLI-0028,Healthcare,EMEA,Existing,Remote,2024-12-27,2025-07-27,7,319400.0,Completed,3,2464,0.1773
PRJ-01403,CLI-0043,Healthcare,EMEA,Existing,Remote,2024-12-28,2025-07-28,7,402900.0,Completed,3,2364,0.3656
PRJ-01409,CLI-0122,Public Sector,EMEA,Existing,On-site,2024-12-28,2025-05-28,5,465000.0,Completed,6,4347,0.3762
PRJ-01461,CLI-0174,Energy & Utilities,EMEA,Existing,Hybrid,2025-01-02,2025-07-02,6,910000.0,Completed,9,6563,0.4581
PRJ-01472,CLI-0009,Financial Services,EMEA,New,Remote,2025-01-03,2025-09-03,8,893300.0,Completed,10,12256,0.3516
PRJ-01463,CLI-0211,Retail & Consumer,North America,Existing,Hybrid,2025-01-04,2025-02-04,1,190500.0,Completed,3,381,0.2739
PRJ-01468,CLI-0274,Financial Services,North America,Existing,Hybrid,2025-01-04,2025-08-04,7,133500.0,Completed,1,939,0.1874
PRJ-01449,CLI-0107,Energy & Utilities,EMEA,New,Hybrid,2025-01-04,2025-04-04,3,701700.0,Completed,6,2477,0.3094
PRJ-01447,CLI-0287,Technology & Telecom,North America,Existing,On-site,2025-01-04,2025-06-04,5,593200.0,Completed,7,5102,0.2038
PRJ-01462,CLI-0062,Energy & Utilities,North America,New,On-site,2025-01-06,2025-09-06,8,409800.0,Completed,7,8648,0.3099
PRJ-01459,CLI-0095,Financial Services,APAC,New,Hybrid,2025-01-07,2025-05-07,4,287900.0,Completed,5,2643,0.3284
PRJ-01465,CLI-0220,Retail & Consumer,North America,Existing,Hybrid,2025-01-09,2025-04-09,3,131200.0,Completed,1,457,0.2036
PRJ-01458,CLI-0216,Healthcare,EMEA,Existing,On-site,2025-01-09,2025-03-09,2,183700.0,Completed,2,499,0.2713
PRJ-01467,CLI-0022,Technology & Telecom,North America,Existing,On-site,2025-01-10,2025-05-10,4,601200.0,Completed,4,2419,0.1251
PRJ-01455,CLI-0037,Financial Services,LATAM,Existing,Hybrid,2025-01-10,2025-10-10,9,758900.0,Completed,9,12350,0.193
PRJ-01450,CLI-0136,Financial Services,EMEA,Existing,Hybrid,2025-01-11,2025-05-11,4,240400.0,Cancelled,1,540,0.1956
PRJ-01452,CLI-0376,Manufacturing,LATAM,Existing,On-site,2025-01-11,2025-09-11,8,418200.0,Completed,4,4829,0.3807
PRJ-01453,CLI-0208,Healthcare,North America,Existing,Hybrid,2025-01-13,2025-02-13,1,171200.0,Completed,3,456,0.1942
PRJ-01466,CLI-0171,Technology & Telecom,APAC,New,On-site,2025-01-13,2025-05-13,4,485500.0,Completed,5,3052,0.3053
PRJ-01470,CLI-0321,Public Sector,EMEA,Existing,Hybrid,2025-01-16,2025-07-16,6,330200.0,Completed,4,3416,0.347
PRJ-01464,CLI-0420,Healthcare,North America,New,Remote,2025-01-17,2025-06-17,5,247400.0,Cancelled,3,1874,0.2759
PRJ-01473,CLI-0160,Financial Services,EMEA,New,On-site,2025-01-17,2025-05-17,4,499800.0,Completed,4,2396,0.2066
PRJ-01448,CLI-0336,Public Sector,EMEA,New,Hybrid,2025-01-18,2025-04-18,3,440100.0,Completed,4,1379,0.15
PRJ-01471,CLI-0184,Financial Services,North America,New,Hybrid,2025-01-19,2025-07-19,6,591600.0,Completed,7,5875,0.2423
PRJ-01446,CLI-0338,Financial Services,APAC,Existing,Remote,2025-01-21,2025-04-21,3,89000.0,Completed,1,348,0.3161
PRJ-01451,CLI-0184,Technology & Telecom,EMEA,New,Hybrid,2025-01-22,2025-07-22,6,527300.0,Completed,6,4890,0.2952
PRJ-01469,CLI-0230,Healthcare,North America,Existing,Hybrid,2025-01-24,2025-02-24,1,131800.0,Completed,1,149,0.2395
PRJ-01460,CLI-0404,Energy & Utilities,LATAM,Existing,Remote,2025-01-26,2025-05-26,4,167100.0,Completed,2,1224,0.1836
PRJ-01456,CLI-0074,Healthcare,North America,New,On-site,2025-01-26,2025-06-26,5,230900.0,Completed,1,786,0.2943
PRJ-01454,CLI-0031,Financial Services,North America,Existing,On-site,2025-01-27,2025-06-27,5,406800.0,Completed,5,3601,0.3772
PRJ-01457,CLI-0394,Financial Services,EMEA,Existing,Hybrid,2025-01-27,2025-04-27,3,392400.0,Cancelled,2,893,0.2541
PRJ-01504,CLI-0068,Manufacturing,EMEA,Existing,Hybrid,2025-02-01,2025-07-01,5,293000.0,Completed,1,569,0.3257
PRJ-01499,CLI-0209,Technology & Telecom,EMEA,New,Hybrid,2025-02-03,2025-08-03,6,608300.0,Completed,6,5615,0.1894
PRJ-01495,CLI-0063,Healthcare,North America,New,On-site,2025-02-03,2025-03-03,1,406800.0,Completed,4,485,0.2511
PRJ-01490,CLI-0282,Healthcare,North America,New,Remote,2025-02-04,2025-09-04,7,997600.0,Completed,9,7908,0.4389
PRJ-01484,CLI-0341,Retail & Consumer,APAC,Existing,Remote,2025-02-04,2025-03-04,1,212600.0,Cancelled,1,157,0.2333
PRJ-01478,CLI-0342,Healthcare,North America,Existing,Hybrid,2025-02-07,2025-09-07,7,285800.0,Completed,3,2549,0.1828
PRJ-01498,CLI-0067,Healthcare,North America,New,Hybrid,2025-02-08,2025-08-08,6,340600.0,Completed,3,2182,0.2815
PRJ-01493,CLI-0155,Technology & Telecom,North America,Existing,Hybrid,2025-02-08,2025-09-08,7,819700.0,Completed,7,6365,0.2704
PRJ-01474,CLI-0238,Financial Services,North America,Existing,Hybrid,2025-02-09,2025-10-09,8,518300.0,Completed,7,7862,0.3707
PRJ-01480,CLI-0376,Financial Services,North America,Existing,Hybrid,2025-02-12,2025-05-12,3,164100.0,Completed,1,403,0.3425
PRJ-01483,CLI-0064,Retail & Consumer,APAC,Existing,Remote,2025-02-14,2025-07-14,5,263600.0,Completed,2,1162,0.1593
PRJ-01488,CLI-0279,Financial Services,North America,Existing,On-site,2025-02-14,2025-07-14,5,299100.0,Completed,3,2053,0.4722
PRJ-01481,CLI-0408,Manufacturing,APAC,Existing,Hybrid,2025-02-14,2025-04-14,2,348200.0,Completed,5,1364,0.2856
PRJ-01475,CLI-0231,Healthcare,North America,New,Remote,2025-02-15,2025-06-15,4,272100.0,Completed,3,1739,0.2934
PRJ-01502,CLI-0016,Retail & Consumer,LATAM,Existing,Remote,2025-02-16,2025-06-16,4,336300.0,Completed,4,2294,0.3186
PRJ-01503,CLI-0061,Energy & Utilities,EMEA,Existing,Remote,2025-02-16,2025-10-16,8,666500.0,Completed,7,7395,0.3051
PRJ-01497,CLI-0230,Retail & Consumer,North America,Existing,Hybrid,2025-02-17,2025-09-17,7,142100.0,Completed,1,874,0.2778
PRJ-01500,CLI-0258,Public Sector,North America,Existing,Hybrid,2025-02-18,2025-05-18,3,278000.0,Completed,1,466,0.2981
PRJ-01489,CLI-0056,Financial Services,EMEA,Existing,Hybrid,2025-02-18,2025-09-18,7,336600.0,Completed,5,5211,0.2946
PRJ-01487,CLI-0278,Retail & Consumer,EMEA,New,Hybrid,2025-02-18,2025-05-18,3,463300.0,Completed,5,2281,0.1903
PRJ-01494,CLI-0262,Healthcare,North America,New,Remote,2025-02-19,2025-07-19,5,168400.0,Completed,3,1870,0.2752
PRJ-01491,CLI-0207,Manufacturing,North America,Existing,Remote,2025-02-20,2025-10-20,8,475100.0,Completed,6,5849,0.2786
PRJ-01486,CLI-0048,Healthcare,North America,New,Hybrid,2025-02-20,2025-07-20,5,317700.0,Completed,4,2501,0.2537
PRJ-01492,CLI-0215,Manufacturing,LATAM,Existing,Remote,2025-02-20,2025-08-20,6,532000.0,Completed,4,3400,0.4213
PRJ-01501,CLI-0284,Retail & Consumer,APAC,New,Remote,2025-02-22,2025-06-22,4,376900.0,Completed,4,2179,0.3037
PRJ-01505,CLI-0248,Energy & Utilities,EMEA,Existing,Hybrid,2025-02-22,2025-07-22,5,608500.0,Completed,4,2642,0.3292
PRJ-01506,CLI-0305,Retail & Consumer,LATAM,New,Remote,2025-02-24,2025-06-24,4,116000.0,Completed,3,1706,0.2194
PRJ-01485,CLI-0095,Healthcare,North America,New,On-site,2025-02-25,2025-06-25,4,255800.0,Completed,2,964,0.3212
PRJ-01496,CLI-0275,Energy & Utilities,North America,Existing,Hybrid,2025-02-26,2025-03-26,1,237700.0,Completed,1,133,0.3087
PRJ-01479,CLI-0340,Energy & Utilities,North America,Existing,Remote,2025-02-26,2025-09-26,7,532200.0,Completed,5,4583,0.2696
PRJ-01477,CLI-0135,Manufacturing,EMEA,Existing,Remote,2025-02-26,2025-06-26,4,281800.0,Completed,1,555,0.3124
PRJ-01482,CLI-0214,Retail & Consumer,EMEA,Existing,Remote,2025-02-28,2025-04-28,2,287300.0,Completed,3,814,0.2713
PRJ-01476,CLI-0055,Manufacturing,North America,Existing,Hybrid,2025-02-28,2025-11-28,9,378900.0,Completed,5,5635,0.3311
PRJ-01531,CLI-0362,Energy & Utilities,EMEA,Existing,Hybrid,2025-03-01,2026-02-01,11,655100.0,In Progress,7,11690,0.2771
PRJ-01543,CLI-0300,Energy & Utilities,APAC,Existing,Remote,2025-03-02,2025-08-02,5,473800.0,Completed,6,4645,0.2611
PRJ-01521,CLI-0053,Financial Services,EMEA,Existing,Hybrid,2025-03-03,2025-10-03,7,609400.0,Completed,6,5087,0.3205
PRJ-01535,CLI-0223,Energy & Utilities,North America,Existing,Remote,2025-03-03,2025-08-03,5,813900.0,Completed,10,7495,0.4021
PRJ-01527,CLI-0340,Retail & Consumer,North America,Existing,Remote,2025-03-03,2025-05-03,2,281100.0,Completed,3,755,0.3928
PRJ-01515,CLI-0248,Technology & Telecom,North America,Existing,On-site,2025-03-03,2025-04-03,1,309200.0,Completed,2,301,0.2582
PRJ-01530,CLI-0302,Public Sector,LATAM,New,Hybrid,2025-03-04,2025-09-04,6,393700.0,Completed,7,5317,0.2952
PRJ-01537,CLI-0180,Manufacturing,North America,New,Hybrid,2025-03-05,2025-10-05,7,318800.0,Completed,4,3297,0.4442
PRJ-01546,CLI-0292,Financial Services,North America,Existing,On-site,2025-03-06,2025-05-06,2,203800.0,Completed,4,1023,0.3419
PRJ-01519,CLI-0087,Public Sector,EMEA,Existing,Remote,2025-03-07,2025-09-07,6,488400.0,Cancelled,4,3226,0.2266
PRJ-01533,CLI-0248,Retail & Consumer,North America,Existing,Remote,2025-03-07,2025-04-07,1,299100.0,Completed,4,509,0.3308
PRJ-01550,CLI-0116,Healthcare,APAC,New,Hybrid,2025-03-08,2025-07-08,4,438500.0,Completed,5,2718,0.3578
PRJ-01541,CLI-0089,Financial Services,APAC,New,Hybrid,2025-03-09,2025-06-09,3,473500.0,Completed,6,2733,0.1744
PRJ-01516,CLI-0348,Manufacturing,APAC,Existing,On-site,2025-03-11,2026-01-11,10,775100.0,In Progress,8,9512,0.3073
PRJ-01518,CLI-0407,Financial Services,APAC,New,Remote,2025-03-12,2025-09-12,6,437700.0,Completed,7,5008,0.3199
PRJ-01547,CLI-0311,Public Sector,EMEA,Existing,Hybrid,2025-03-12,2025-08-12,5,163400.0,Cancelled,2,1475,0.2658
PRJ-01551,CLI-0364,Manufacturing,APAC,Existing,Remote,2025-03-13,2025-06-13,3,509500.0,Completed,6,2183,0.3118
PRJ-01548,CLI-0157,Retail & Consumer,APAC,Existing,On-site,2025-03-14,2025-04-14,1,191700.0,Cancelled,3,463,0.3482
PRJ-01538,CLI-0149,Retail & Consumer,North America,New,Remote,2025-03-15,2025-09-15,6,572000.0,Completed,5,4194,0.3048
PRJ-01528,CLI-0009,Retail & Consumer,North America,New,Remote,2025-03-15,2025-10-15,7,526700.0,Completed,6,4855,0.3071
PRJ-01511,CLI-0005,Financial Services,EMEA,New,Remote,2025-03-15,2025-09-15,6,453400.0,Completed,5,3644,0.3561
PRJ-01542,CLI-0085,Financial Services,North America,New,Hybrid,2025-03-16,2025-09-16,6,626100.0,Completed,5,3487,0.3933
PRJ-01513,CLI-0290,Manufacturing,North America,Existing,On-site,2025-03-16,2025-06-16,3,375400.0,Completed,7,3302,0.3255
PRJ-01512,CLI-0157,Technology & Telecom,North America,Existing,On-site,2025-03-16,2025-09-16,6,369600.0,Completed,4,3166,0.2994
PRJ-01539,CLI-0232,Financial Services,EMEA,New,Hybrid,2025-03-17,2025-09-17,6,772500.0,Completed,9,6335,0.2856
PRJ-01536,CLI-0265,Healthcare,EMEA,New,Remote,2025-03-17,2025-07-17,4,691900.0,Completed,7,3841,0.2415
PRJ-01549,CLI-0285,Energy & Utilities,LATAM,Existing,Hybrid,2025-03-18,2025-04-18,1,316100.0,Completed,3,364,0.3073
PRJ-01540,CLI-0066,Healthcare,North America,New,Hybrid,2025-03-18,2025-11-18,8,767900.0,Completed,6,6250,0.3059
PRJ-01532,CLI-0028,Healthcare,APAC,New,Hybrid,2025-03-18,2025-08-18,5,597000.0,Completed,7,4598,0.3306
PRJ-01525,CLI-0060,Manufacturing,North America,Existing,Hybrid,2025-03-18,2025-06-18,3,265300.0,Completed,2,701,0.2426
PRJ-01507,CLI-0373,Public Sector,North America,Existing,Hybrid,2025-03-18,2025-05-18,2,248600.0,Completed,4,1071,0.2672
PRJ-01529,CLI-0178,Energy & Utilities,EMEA,Existing,On-site,2025-03-18,2025-05-18,2,118900.0,Completed,1,269,0.3013
PRJ-01508,CLI-0284,Technology & Telecom,North America,Existing,Hybrid,2025-03-20,2025-11-20,8,367000.0,Completed,5,4603,0.263
PRJ-01523,CLI-0015,Manufacturing,APAC,Existing,Remote,2025-03-21,2025-07-21,4,140200.0,Completed,3,1843,0.2625
PRJ-01517,CLI-0288,Technology & Telecom,North America,Existing,Hybrid,2025-03-21,2025-06-21,3,473400.0,Completed,8,3492,0.2963
PRJ-01544,CLI-0218,Manufacturing,EMEA,Existing,On-site,2025-03-22,2025-11-22,8,581600.0,Completed,6,6069,0.2739
PRJ-01526,CLI-0292,Financial Services,EMEA,Existing,Remote,2025-03-22,2025-07-22,4,507200.0,Completed,7,4193,0.2132
PRJ-01553,CLI-0026,Retail & Consumer,APAC,Existing,Remote,2025-03-23,2025-07-23,4,247900.0,Completed,2,979,0.1728
PRJ-01514,CLI-0043,Healthcare,APAC,Existing,On-site,2025-03-23,2025-04-23,1,296000.0,Completed,4,557,0.2632
PRJ-01520,CLI-0134,Manufacturing,North America,New,Hybrid,2025-03-23,2025-06-23,3,244700.0,Completed,3,1021,0.2033
PRJ-01534,CLI-0397,Healthcare,North America,Existing,Remote,2025-03-25,2025-10-25,7,300400.0,Completed,2,1990,0.3612
PRJ-01522,CLI-0070,Manufacturing,EMEA,Existing,Hybrid,2025-03-25,2025-09-25,6,243000.0,Completed,4,2723,0.262
PRJ-01524,CLI-0236,Healthcare,APAC,Existing,Hybrid,2025-03-26,2025-08-26,5,543600.0,Completed,6,4676,0.257
PRJ-01510,CLI-0139,Retail & Consumer,LATAM,New,Hybrid,2025-03-26,2025-09-26,6,238400.0,Completed,5,4412,0.2968
PRJ-01509,CLI-0017,Manufacturing,North America,New,Remote,2025-03-26,2026-02-26,11,539100.0,In Progress,5,6834,0.2159
PRJ-01545,CLI-0345,Public Sector,APAC,New,Remote,2025-03-27,2025-10-27,7,358800.0,Completed,3,2701,0.3803
PRJ-01552,CLI-0162,Financial Services,EMEA,Existing,Remote,2025-03-28,2026-02-28,11,699300.0,Cancelled,6,10332,0.1619
PRJ-01573,CLI-0223,Public Sector,North America,New,Hybrid,2025-04-01,2026-01-01,9,865100.0,Cancelled,12,14141,0.3616
PRJ-01580,CLI-0182,Financial Services,APAC,Existing,Hybrid,2025-04-01,2025-09-01,5,291900.0,Cancelled,3,1747,0.3676
PRJ-01569,CLI-0318,Public Sector,EMEA,Existing,Remote,2025-04-01,2025-08-01,4,484500.0,Completed,5,2935,0.3885
PRJ-01585,CLI-0326,Public Sector,North America,Existing,Remote,2025-04-01,2025-11-01,7,255900.0,Completed,2,2093,0.2657
PRJ-01581,CLI-0113,Manufacturing,North America,Existing,Hybrid,2025-04-02,2025-11-02,7,292100.0,Completed,4,3321,0.1837
PRJ-01554,CLI-0334,Public Sector,North America,New,On-site,2025-04-03,2026-01-03,9,395800.0,In Progress,5,6047,0.235
PRJ-01578,CLI-0299,Financial Services,North America,New,Remote,2025-04-03,2025-12-03,8,930800.0,Completed,9,10665,0.2514
PRJ-01570,CLI-0075,Financial Services,North America,Existing,On-site,2025-04-03,2025-07-03,3,224000.0,Completed,2,886,0.2213
PRJ-01558,CLI-0329,Energy & Utilities,APAC,Existing,Remote,2025-04-06,2025-11-06,7,1042800.0,Completed,12,11854,0.3502
PRJ-01586,CLI-0401,Healthcare,EMEA,Existing,On-site,2025-04-06,2025-07-06,3,244800.0,Completed,2,843,0.2123
PRJ-01584,CLI-0003,Financial Services,APAC,Existing,Remote,2025-04-06,2025-09-06,5,492800.0,Completed,6,4035,0.3249
PRJ-01563,CLI-0329,Manufacturing,EMEA,Existing,Remote,2025-04-06,2025-12-06,8,774400.0,Completed,7,7879,0.4553
PRJ-01575,CLI-0144,Public Sector,North America,Existing,On-site,2025-04-06,2025-10-06,6,264400.0,Completed,2,1607,0.2497
PRJ-01582,CLI-0216,Financial Services,North America,New,Remote,2025-04-08,2025-07-08,3,280800.0,Completed,4,1563,0.264
PRJ-01577,CLI-0280,Technology & Telecom,APAC,Existing,Hybrid,2025-04-08,2025-12-08,8,759400.0,Completed,8,7788,0.1353
PRJ-01589,CLI-0076,Manufacturing,APAC,New,Hybrid,2025-04-09,2025-10-09,6,293600.0,Completed,3,2393,0.2721
PRJ-01590,CLI-0195,Public Sector,APAC,Existing,Hybrid,2025-04-09,2025-06-09,2,351800.0,Completed,4,1047,0.2523
PRJ-01561,CLI-0239,Financial Services,LATAM,Existing,Remote,2025-04-09,2025-12-09,8,538800.0,Completed,5,6207,0.2222
PRJ-01559,CLI-0244,Healthcare,APAC,Existing,Hybrid,2025-04-10,2025-10-10,6,393200.0,Completed,5,3617,0.3342
PRJ-01555,CLI-0289,Public Sector,EMEA,Existing,Remote,2025-04-11,2025-05-11,1,163600.0,Completed,2,256,0.3268
PRJ-01591,CLI-0265,Energy & Utilities,EMEA,Existing,Hybrid,2025-04-13,2025-09-13,5,409900.0,Completed,5,2965,0.1965
PRJ-01588,CLI-0169,Energy & Utilities,EMEA,Existing,Hybrid,2025-04-13,2025-11-13,7,1142900.0,Completed,13,14058,0.1031
PRJ-01560,CLI-0062,Public Sector,North America,New,Hybrid,2025-04-14,2025-10-14,6,547800.0,Cancelled,8,6742,0.3474
PRJ-01556,CLI-0356,Financial Services,North America,Existing,Hybrid,2025-04-14,2025-07-14,3,399700.0,Completed,6,2643,0.4058
PRJ-01572,CLI-0259,Technology & Telecom,EMEA,Existing,Remote,2025-04-15,2026-01-15,9,558100.0,In Progress,6,7709,0.3557
PRJ-01576,CLI-0214,Retail & Consumer,North America,Existing,Hybrid,2025-04-15,2025-09-15,5,126800.0,Completed,1,655,0.2578
PRJ-01557,CLI-0137,Public Sector,EMEA,Existing,Hybrid,2025-04-17,2025-08-17,4,708400.0,Completed,9,5599,0.2885
PRJ-01579,CLI-0083,Healthcare,North America,Existing,Hybrid,2025-04-18,2025-10-18,6,741300.0,Completed,8,6487,0.2728
PRJ-01574,CLI-0420,Public Sector,North America,Existing,Hybrid,2025-04-19,2025-10-19,6,228600.0,Completed,4,2859,0.364
PRJ-01587,CLI-0295,Energy & Utilities,LATAM,Existing,Remote,2025-04-20,2025-12-20,8,1060100.0,Completed,12,11974,0.1892
PRJ-01583,CLI-0267,Technology & Telecom,EMEA,Existing,Hybrid,2025-04-22,2025-09-22,5,345500.0,Completed,3,1976,0.2605
PRJ-01571,CLI-0169,Public Sector,North America,New,Remote,2025-04-23,2026-01-23,9,890000.0,Cancelled,9,12348,0.2814
PRJ-01566,CLI-0192,Financial Services,North America,New,Remote,2025-04-24,2025-09-24,5,668400.0,Completed,8,5114,0.2896
PRJ-01568,CLI-0195,Public Sector,EMEA,New,Hybrid,2025-04-25,2025-11-25,7,370100.0,Completed,5,4573,0.2481
PRJ-01592,CLI-0382,Manufacturing,North America,Existing,On-site,2025-04-25,2025-11-25,7,438000.0,Completed,6,6240,0.2879
PRJ-01565,CLI-0236,Financial Services,APAC,New,On-site,2025-04-26,2025-11-26,7,403200.0,Completed,5,4740,0.2542
PRJ-01567,CLI-0344,Healthcare,North America,Existing,Hybrid,2025-04-26,2025-08-26,4,589200.0,Completed,5,2799,0.2724
PRJ-01562,CLI-0278,Healthcare,EMEA,Existing,On-site,2025-04-26,2025-05-26,1,192300.0,Completed,2,311,0.2147
PRJ-01564,CLI-0236,Energy & Utilities,North America,New,Hybrid,2025-04-28,2025-12-28,8,143500.0,Completed,3,2872,0.115
PRJ-01602,CLI-0417,Retail & Consumer,North America,Existing,Remote,2025-05-02,2025-11-02,6,254300.0,Completed,3,2344,0.132
PRJ-01629,CLI-0268,Public Sector,North America,New,On-site,2025-05-02,2025-09-02,4,394500.0,Completed,5,2734,0.3285
PRJ-01597,CLI-0227,Technology & Telecom,APAC,New,Remote,2025-05-02,2025-10-02,5,608800.0,Completed,7,4244,0.3444
PRJ-01594,CLI-0063,Healthcare,EMEA,Existing,Remote,2025-05-02,2025-10-02,5,198500.0,Completed,2,1499,0.256
PRJ-01595,CLI-0171,Retail & Consumer,EMEA,Existing,Hybrid,2025-05-02,2025-09-02,4,411200.0,Completed,5,2320,0.1862
PRJ-01600,CLI-0091,Energy & Utilities,EMEA,Existing,Hybrid,2025-05-03,2025-07-03,2,406600.0,Completed,5,1192,0.2558
PRJ-01619,CLI-0403,Technology & Telecom,EMEA,New,Hybrid,2025-05-03,2025-10-03,5,428300.0,Completed,5,3285,0.179
PRJ-01622,CLI-0098,Healthcare,North America,New,Hybrid,2025-05-03,2025-10-03,5,616600.0,Completed,7,4519,0.1829
PRJ-01620,CLI-0172,Financial Services,EMEA,Existing,On-site,2025-05-04,2025-10-04,5,377700.0,Completed,4,2954,0.2935
PRJ-01628,CLI-0160,Retail & Consumer,North America,Existing,Hybrid,2025-05-05,2025-10-05,5,306700.0,Cancelled,1,750,0.2222
PRJ-01617,CLI-0308,Manufacturing,LATAM,New,Hybrid,2025-05-06,2025-12-06,7,280900.0,Completed,3,3238,0.2931
PRJ-01605,CLI-0305,Financial Services,APAC,New,On-site,2025-05-07,2026-05-07,12,1236000.0,In Progress,14,20715,0.2822
PRJ-01599,CLI-0002,Healthcare,North America,Existing,Hybrid,2025-05-09,2025-09-09,4,264300.0,Completed,2,1152,0.3519
PRJ-01613,CLI-0356,Manufacturing,LATAM,Existing,On-site,2025-05-09,2025-10-09,5,275100.0,Completed,4,2752,0.3199
PRJ-01627,CLI-0120,Energy & Utilities,APAC,New,Remote,2025-05-10,2025-11-10,6,555100.0,Completed,5,4472,0.2361
PRJ-01604,CLI-0096,Retail & Consumer,North America,Existing,On-site,2025-05-12,2025-08-12,3,468500.0,Completed,5,1951,0.2673
PRJ-01630,CLI-0125,Public Sector,North America,New,Hybrid,2025-05-13,2025-09-13,4,333400.0,Cancelled,3,1803,0.1957
PRJ-01632,CLI-0374,Energy & Utilities,APAC,Existing,Hybrid,2025-05-13,2025-10-13,5,232200.0,Completed,5,3568,0.2337
PRJ-01614,CLI-0179,Public Sector,LATAM,Existing,Hybrid,2025-05-13,2025-09-13,4,280700.0,Completed,3,1819,0.266
PRJ-01618,CLI-0191,Financial Services,EMEA,New,Remote,2025-05-13,2025-12-13,7,437400.0,Completed,3,2573,0.3192
PRJ-01616,CLI-0050,Energy & Utilities,North America,New,Remote,2025-05-15,2025-11-15,6,430000.0,Completed,6,5452,0.3478
PRJ-01625,CLI-0333,Retail & Consumer,North America,New,On-site,2025-05-16,2025-11-16,6,399600.0,Completed,3,2713,0.2098
PRJ-01615,CLI-0378,Retail & Consumer,North America,New,Remote,2025-05-16,2025-11-16,6,270700.0,Completed,3,2531,0.2576
PRJ-01601,CLI-0078,Financial Services,APAC,New,Remote,2025-05-16,2025-11-16,6,501900.0,Cancelled,5,4256,0.284
PRJ-01621,CLI-0088,Retail & Consumer,LATAM,New,Hybrid,2025-05-17,2025-10-17,5,256900.0,Completed,4,2787,0.3758
PRJ-01609,CLI-0272,Public Sector,North America,Existing,Hybrid,2025-05-18,2025-09-18,4,328500.0,Cancelled,4,2294,0.444
PRJ-01598,CLI-0254,Public Sector,EMEA,Existing,Hybrid,2025-05-18,2026-02-18,9,430500.0,In Progress,5,6940,0.2484
PRJ-01606,CLI-0417,Healthcare,LATAM,Existing,Hybrid,2025-05-18,2026-01-18,8,500800.0,In Progress,4,4713,0.4029
PRJ-01603,CLI-0209,Financial Services,North America,Existing,On-site,2025-05-20,2025-09-20,4,644400.0,Completed,7,4305,0.279
PRJ-01631,CLI-0006,Healthcare,APAC,Existing,On-site,2025-05-20,2025-08-20,3,452900.0,Completed,6,2075,0.2969
PRJ-01624,CLI-0406,Retail & Consumer,EMEA,New,Remote,2025-05-20,2025-11-20,6,378500.0,Completed,5,4024,0.2355
PRJ-01596,CLI-0095,Healthcare,APAC,New,Remote,2025-05-21,2025-08-21,3,685500.0,Completed,9,3816,0.1467
PRJ-01611,CLI-0364,Energy & Utilities,APAC,New,Hybrid,2025-05-22,2026-02-22,9,1171200.0,In Progress,13,13696,0.3715
PRJ-01623,CLI-0212,Retail & Consumer,North America,Existing,On-site,2025-05-22,2025-12-22,7,690200.0,Completed,7,7672,0.3075
PRJ-01612,CLI-0029,Financial Services,APAC,New,On-site,2025-05-23,2025-12-23,7,356200.0,Completed,3,2977,0.3049
PRJ-01608,CLI-0387,Manufacturing,EMEA,New,Remote,2025-05-24,2025-10-24,5,327300.0,Completed,5,3797,0.3716
PRJ-01610,CLI-0060,Technology & Telecom,APAC,Existing,Remote,2025-05-26,2026-01-26,8,741300.0,In Progress,10,12091,0.3465
PRJ-01593,CLI-0083,Healthcare,EMEA,Existing,Hybrid,2025-05-26,2025-10-26,5,433300.0,Completed,4,3056,0.1057
PRJ-01607,CLI-0182,Financial Services,EMEA,New,Hybrid,2025-05-27,2025-09-27,4,332700.0,Completed,4,2023,0.319
PRJ-01633,CLI-0022,Energy & Utilities,APAC,New,Hybrid,2025-05-27,2025-07-27,2,668500.0,Cancelled,6,1393,0.1863
PRJ-01626,CLI-0208,Energy & Utilities,APAC,New,Remote,2025-05-28,2025-10-28,5,688200.0,Completed,9,7031,0.336
PRJ-01658,CLI-0406,Manufacturing,APAC,Existing,Hybrid,2025-06-01,2025-12-01,6,403900.0,Completed,7,5346,0.2477
PRJ-01670,CLI-0281,Technology & Telecom,North America,New,Hybrid,2025-06-01,2026-01-01,7,510500.0,In Progress,4,4261,0.1719
PRJ-01649,CLI-0419,Healthcare,North America,Existing,Hybrid,2025-06-02,2025-08-02,2,410500.0,Completed,3,898,0.3509
PRJ-01678,CLI-0377,Healthcare,EMEA,Existing,Hybrid,2025-06-02,2025-09-02,3,296300.0,Completed,4,1849,0.2779
PRJ-01651,CLI-0115,Public Sector,North America,Existing,Remote,2025-06-03,2025-11-03,5,299500.0,Completed,2,1477,0.228
PRJ-01681,CLI-0221,Technology & Telecom,APAC,Existing,Hybrid,2025-06-04,2025-11-04,5,295800.0,Completed,4,2634,0.243
PRJ-01671,CLI-0243,Financial Services,APAC,Existing,Hybrid,2025-06-04,2026-03-04,9,372800.0,In Progress,3,3477,0.2807
PRJ-01660,CLI-0284,Manufacturing,North America,Existing,Hybrid,2025-06-05,2026-01-05,7,474600.0,In Progress,4,4220,0.4101
PRJ-01647,CLI-0386,Technology & Telecom,LATAM,New,Hybrid,2025-06-05,2025-09-05,3,321800.0,Completed,3,1283,0.3577
PRJ-01634,CLI-0194,Manufacturing,APAC,Existing,Hybrid,2025-06-05,2025-07-05,1,273000.0,Completed,3,454,0.0989
PRJ-01667,CLI-0079,Financial Services,North America,Existing,On-site,2025-06-06,2025-09-06,3,481800.0,Cancelled,4,1564,0.3837
PRJ-01650,CLI-0058,Financial Services,North America,New,Remote,2025-06-06,2025-11-06,5,255500.0,Completed,1,766,0.3245
PRJ-01663,CLI-0095,Energy & Utilities,North America,Existing,On-site,2025-06-07,2025-12-07,6,729000.0,Completed,10,7885,0.3426
PRJ-01677,CLI-0395,Financial Services,North America,New,Hybrid,2025-06-07,2026-01-07,7,556500.0,In Progress,5,4088,0.1936
PRJ-01644,CLI-0130,Retail & Consumer,North America,New,Remote,2025-06-09,2026-01-09,7,183000.0,In Progress,4,3443,0.329
PRJ-01655,CLI-0153,Public Sector,North America,New,Hybrid,2025-06-09,2025-12-09,6,260100.0,Completed,1,855,0.2961
PRJ-01675,CLI-0234,Healthcare,North America,Existing,Remote,2025-06-10,2025-11-10,5,302400.0,Completed,4,2343,0.2402
PRJ-01642,CLI-0220,Energy & Utilities,North America,Existing,Hybrid,2025-06-11,2026-03-11,9,1109900.0,In Progress,11,12138,0.3431
PRJ-01669,CLI-0076,Financial Services,APAC,Existing,On-site,2025-06-11,2025-10-11,4,317300.0,Completed,4,2238,0.2978
PRJ-01656,CLI-0241,Public Sector,LATAM,New,Hybrid,2025-06-12,2025-12-12,6,617000.0,Completed,5,3912,0.2896
PRJ-01664,CLI-0138,Manufacturing,North America,Existing,On-site,2025-06-12,2025-09-12,3,353100.0,Completed,1,346,0.3348
PRJ-01665,CLI-0388,Energy & Utilities,EMEA,New,Remote,2025-06-12,2025-11-12,5,356800.0,Completed,4,2692,0.2269
PRJ-01676,CLI-0208,Manufacturing,North America,Existing,On-site,2025-06-13,2025-12-13,6,307100.0,Cancelled,2,1672,0.2945
PRJ-01637,CLI-0291,Healthcare,APAC,Existing,Hybrid,2025-06-13,2026-01-13,7,516200.0,In Progress,4,3158,0.2863
PRJ-01682,CLI-0200,Energy & Utilities,North America,Existing,On-site,2025-06-14,2026-05-14,11,1323000.0,In Progress,13,19905,0.239
PRJ-01661,CLI-0173,Public Sector,North America,Existing,Remote,2025-06-15,2026-01-15,7,324600.0,In Progress,3,2933,0.3955
PRJ-01653,CLI-0268,Retail & Consumer,North America,New,Hybrid,2025-06-15,2025-07-15,1,71100.0,Completed,3,445,0.4125
PRJ-01638,CLI-0276,Financial Services,North America,New,Remote,2025-06-17,2025-11-17,5,185300.0,Completed,2,1275,0.202
PRJ-01639,CLI-0200,Energy & Utilities,North America,New,Hybrid,2025-06-18,2026-02-18,8,517100.0,In Progress,6,6452,0.3761
PRJ-01679,CLI-0321,Financial Services,North America,Existing,On-site,2025-06-20,2026-01-20,7,640000.0,In Progress,6,5557,0.235
PRJ-01643,CLI-0192,Financial Services,EMEA,Existing,Hybrid,2025-06-20,2025-09-20,3,293800.0,Completed,3,1045,0.3142
PRJ-01657,CLI-0168,Healthcare,North America,Existing,Hybrid,2025-06-20,2026-02-20,8,445000.0,In Progress,5,5482,0.2659
PRJ-01640,CLI-0114,Financial Services,North America,Existing,On-site,2025-06-20,2025-12-20,6,348000.0,Completed,4,3538,0.3274
PRJ-01652,CLI-0186,Healthcare,EMEA,New,Remote,2025-06-21,2025-11-21,5,327700.0,Completed,4,2819,0.373
PRJ-01636,CLI-0311,Manufacturing,EMEA,Existing,On-site,2025-06-22,2025-09-22,3,638800.0,Completed,6,2224,0.2962
PRJ-01654,CLI-0122,Healthcare,EMEA,Existing,Remote,2025-06-23,2025-10-23,4,318700.0,Cancelled,3,1527,0.3249
PRJ-01635,CLI-0394,Manufacturing,North America,Existing,Hybrid,2025-06-23,2026-01-23,7,802500.0,In Progress,9,7642,0.3679
PRJ-01680,CLI-0142,Healthcare,North America,Existing,Hybrid,2025-06-24,2026-01-24,7,217100.0,In Progress,2,1637,0.2616
PRJ-01666,CLI-0246,Energy & Utilities,EMEA,Existing,Hybrid,2025-06-25,2025-12-25,6,258500.0,Completed,2,1649,0.2236
PRJ-01668,CLI-0096,Manufacturing,APAC,New,Hybrid,2025-06-25,2025-11-25,5,166200.0,Completed,2,1521,0.2428
PRJ-01672,CLI-0397,Energy & Utilities,North America,Existing,Remote,2025-06-25,2025-11-25,5,598400.0,Completed,6,4673,0.2881
PRJ-01646,CLI-0043,Public Sector,EMEA,Existing,Remote,2025-06-25,2026-08-25,14,1266200.0,In Progress,14,22188,0.28
PRJ-01659,CLI-0303,Manufacturing,APAC,Existing,Hybrid,2025-06-26,2026-03-26,9,672500.0,In Progress,8,10753,0.2631
PRJ-01645,CLI-0193,Manufacturing,North America,Existing,Remote,2025-06-26,2025-12-26,6,724900.0,Completed,6,4737,0.4111
PRJ-01648,CLI-0267,Healthcare,APAC,Existing,On-site,2025-06-26,2025-08-26,2,357100.0,Completed,5,1511,0.1853
PRJ-01662,CLI-0321,Energy & Utilities,North America,New,Remote,2025-06-27,2026-03-27,9,362600.0,In Progress,5,6227,0.2685
PRJ-01674,CLI-0118,Healthcare,EMEA,Existing,Hybrid,2025-06-28,2025-08-28,2,247700.0,Completed,1,269,0.3135
PRJ-01673,CLI-0394,Healthcare,EMEA,Existing,Hybrid,2025-06-28,2025-10-28,4,413600.0,Cancelled,5,3063,0.1605
PRJ-01641,CLI-0101,Energy & Utilities,North America,Existing,Hybrid,2025-06-28,2025-08-28,2,634300.0,Completed,9,2515,0.3313
PRJ-01702,CLI-0200,Technology & Telecom,North America,New,Hybrid,2025-07-01,2025-10-01,3,498800.0,Completed,6,2034,0.167
PRJ-01701,CLI-0030,Healthcare,APAC,Existing,Hybrid,2025-07-01,2026-01-01,6,971100.0,In Progress,10,8225,0.3129
PRJ-01698,CLI-0179,Healthcare,North America,New,Hybrid,2025-07-01,2025-12-01,5,245700.0,Completed,4,2387,0.2264
PRJ-01687,CLI-0127,Financial Services,EMEA,Existing,Hybrid,2025-07-02,2025-12-02,5,211000.0,Completed,3,2331,0.401
PRJ-01686,CLI-0083,Financial Services,North America,New,Hybrid,2025-07-03,2025-09-03,2,457600.0,Completed,5,1149,0.264
PRJ-01694,CLI-0154,Public Sector,North America,New,On-site,2025-07-07,2026-01-07,6,256000.0,Cancelled,3,2777,0.1891
PRJ-01689,CLI-0328,Financial Services,North America,Existing,Remote,2025-07-08,2026-02-08,7,739900.0,In Progress,8,6570,0.3123
PRJ-01690,CLI-0033,Manufacturing,EMEA,Existing,Hybrid,2025-07-08,2026-01-08,6,448100.0,Cancelled,3,2418,0.4285
PRJ-01692,CLI-0310,Technology & Telecom,APAC,Existing,Hybrid,2025-07-09,2026-01-09,6,460000.0,In Progress,4,3461,0.2782
PRJ-01683,CLI-0177,Healthcare,APAC,New,Remote,2025-07-11,2026-01-11,6,421600.0,In Progress,5,4511,0.2205
PRJ-01691,CLI-0244,Financial Services,North America,New,Remote,2025-07-15,2025-12-15,5,267900.0,Completed,3,1732,0.3295
PRJ-01703,CLI-0387,Energy & Utilities,EMEA,Existing,On-site,2025-07-15,2025-10-15,3,401400.0,Cancelled,4,1400,0.3162
PRJ-01704,CLI-0260,Healthcare,EMEA,New,Remote,2025-07-17,2025-12-17,5,167700.0,Completed,4,3022,0.1854
PRJ-01706,CLI-0106,Financial Services,EMEA,New,Hybrid,2025-07-18,2026-02-18,7,423100.0,In Progress,5,4822,0.2452
PRJ-01684,CLI-0241,Public Sector,EMEA,Existing,Remote,2025-07-19,2025-11-19,4,470100.0,Completed,4,2242,0.2289
PRJ-01695,CLI-0392,Technology & Telecom,APAC,Existing,Remote,2025-07-20,2025-10-20,3,725000.0,Completed,6,2732,0.3591
PRJ-01700,CLI-0063,Financial Services,North America,Existing,Remote,2025-07-20,2025-10-20,3,234200.0,Completed,1,394,0.1886
PRJ-01693,CLI-0022,Retail & Consumer,APAC,New,Remote,2025-07-21,2026-01-21,6,130400.0,In Progress,1,697,0.216
PRJ-01688,CLI-0331,Healthcare,North America,New,Remote,2025-07-21,2025-09-21,2,514200.0,Completed,4,986,0.3416
PRJ-01705,CLI-0040,Financial Services,APAC,New,Remote,2025-07-25,2025-09-25,2,363200.0,Cancelled,5,1423,0.2747
PRJ-01685,CLI-0082,Technology & Telecom,APAC,New,Remote,2025-07-27,2026-03-27,8,651300.0,In Progress,6,6868,0.2486
PRJ-01699,CLI-0319,Technology & Telecom,North America,Existing,Hybrid,2025-07-27,2026-01-27,6,400600.0,In Progress,5,3978,0.2536
PRJ-01697,CLI-0287,Technology & Telecom,North America,New,Hybrid,2025-07-27,2026-03-27,8,702600.0,In Progress,7,8546,0.2702
PRJ-01696,CLI-0050,Public Sector,EMEA,Existing,Hybrid,2025-07-27,2025-08-27,1,429500.0,Completed,1,130,0.3215
PRJ-01710,CLI-0175,Healthcare,APAC,Existing,On-site,2025-08-01,2025-09-01,1,288300.0,Completed,2,236,0.2252
PRJ-01711,CLI-0153,Public Sector,EMEA,Existing,Hybrid,2025-08-01,2025-11-01,3,101400.0,Completed,1,347,0.2341
PRJ-01725,CLI-0108,Technology & Telecom,LATAM,Existing,On-site,2025-08-02,2026-03-02,7,396100.0,In Progress,5,3944,0.2307
PRJ-01723,CLI-0321,Retail & Consumer,North America,Existing,Hybrid,2025-08-02,2025-11-02,3,440200.0,Completed,3,1027,0.2116
PRJ-01721,CLI-0102,Healthcare,LATAM,New,Hybrid,2025-08-03,2026-04-03,8,331000.0,In Progress,4,4910,0.299
PRJ-01715,CLI-0343,Manufacturing,North America,New,Hybrid,2025-08-04,2026-01-04,5,497900.0,In Progress,7,5347,0.3324
PRJ-01720,CLI-0224,Healthcare,North America,New,Remote,2025-08-05,2026-05-05,9,833300.0,In Progress,9,11980,0.2766
PRJ-01717,CLI-0303,Public Sector,APAC,Existing,On-site,2025-08-06,2025-12-06,4,214300.0,Completed,2,983,0.3767
PRJ-01716,CLI-0329,Financial Services,APAC,Existing,Hybrid,2025-08-09,2026-02-09,6,442800.0,In Progress,3,2424,0.3074
PRJ-01728,CLI-0194,Public Sector,North America,Existing,On-site,2025-08-11,2025-12-11,4,214500.0,Completed,1,604,0.2414
PRJ-01708,CLI-0090,Public Sector,North America,Existing,Hybrid,2025-08-13,2026-02-13,6,197500.0,In Progress,4,3076,0.1402
PRJ-01714,CLI-0397,Public Sector,North America,New,On-site,2025-08-15,2025-12-15,4,202500.0,Completed,3,1825,0.3387
PRJ-01730,CLI-0383,Retail & Consumer,EMEA,Existing,Hybrid,2025-08-17,2026-01-17,5,121800.0,In Progress,4,2531,0.3391
PRJ-01731,CLI-0345,Public Sector,EMEA,Existing,Hybrid,2025-08-18,2026-01-18,5,562900.0,In Progress,7,4180,0.2746
PRJ-01724,CLI-0353,Energy & Utilities,EMEA,Existing,On-site,2025-08-18,2026-04-18,8,1204200.0,In Progress,14,13190,0.2861
PRJ-01713,CLI-0354,Financial Services,North America,New,Hybrid,2025-08-18,2026-04-18,8,423800.0,In Progress,6,7112,0.418
PRJ-01712,CLI-0089,Energy & Utilities,North America,Existing,Hybrid,2025-08-18,2026-03-18,7,265900.0,Cancelled,3,3153,0.285
PRJ-01727,CLI-0033,Manufacturing,EMEA,Existing,Hybrid,2025-08-19,2026-06-19,10,510700.0,In Progress,6,6773,0.299
PRJ-01709,CLI-0231,Healthcare,North America,Existing,Hybrid,2025-08-20,2026-01-20,5,602100.0,In Progress,7,4703,0.3833
PRJ-01707,CLI-0396,Retail & Consumer,North America,New,Hybrid,2025-08-20,2025-10-20,2,154300.0,Completed,2,451,0.3333
PRJ-01729,CLI-0358,Manufacturing,North America,Existing,Remote,2025-08-23,2025-09-23,1,313500.0,Cancelled,3,375,0.2905
PRJ-01718,CLI-0237,Public Sector,EMEA,New,Hybrid,2025-08-23,2026-04-23,8,601800.0,In Progress,6,6870,0.3278
PRJ-01722,CLI-0013,Energy & Utilities,APAC,Existing,On-site,2025-08-23,2026-03-23,7,230000.0,In Progress,4,3880,0.2339
PRJ-01726,CLI-0238,Energy & Utilities,EMEA,Existing,On-site,2025-08-25,2026-02-25,6,419100.0,In Progress,6,5543,0.2333
PRJ-01719,CLI-0222,Healthcare,APAC,Existing,Hybrid,2025-08-28,2026-01-28,5,223400.0,In Progress,3,2011,0.2844
PRJ-01744,CLI-0104,Manufacturing,APAC,Existing,Hybrid,2025-09-01,2026-04-01,7,341900.0,In Progress,2,2202,0.1788
PRJ-01753,CLI-0402,Public Sector,North America,New,Remote,2025-09-01,2026-06-01,9,375400.0,In Progress,3,4079,0.3456
PRJ-01734,CLI-0164,Public Sector,APAC,Existing,On-site,2025-09-02,2026-06-02,9,1036300.0,In Progress,12,12331,0.3673
PRJ-01754,CLI-0026,Energy & Utilities,EMEA,Existing,On-site,2025-09-04,2026-02-04,5,536700.0,In Progress,5,3036,0.2552
PRJ-01750,CLI-0023,Retail & Consumer,APAC,Existing,Hybrid,2025-09-04,2025-12-04,3,312400.0,Cancelled,5,2185,0.2285
PRJ-01733,CLI-0103,Energy & Utilities,EMEA,New,Hybrid,2025-09-04,2026-10-04,13,1975900.0,In Progress,21,38133,0.2259
PRJ-01743,CLI-0287,Manufacturing,APAC,Existing,Hybrid,2025-09-05,2026-07-05,10,717400.0,In Progress,8,10567,0.3501
PRJ-01740,CLI-0092,Healthcare,EMEA,Existing,Hybrid,2025-09-05,2025-11-05,2,74700.0,Cancelled,1,255,0.2968
PRJ-01764,CLI-0121,Manufacturing,EMEA,Existing,Hybrid,2025-09-05,2026-04-05,7,525700.0,In Progress,4,3417,0.2375
PRJ-01761,CLI-0181,Retail & Consumer,EMEA,New,On-site,2025-09-06,2026-01-06,4,205500.0,In Progress,2,1107,0.284
PRJ-01760,CLI-0156,Retail & Consumer,EMEA,Existing,Remote,2025-09-06,2026-01-06,4,449400.0,In Progress,4,1975,0.2611
PRJ-01741,CLI-0399,Technology & Telecom,APAC,Existing,Hybrid,2025-09-07,2025-12-07,3,598500.0,Completed,7,3051,0.2168
PRJ-01758,CLI-0103,Retail & Consumer,North America,Existing,Remote,2025-09-07,2026-04-07,7,340200.0,In Progress,1,1046,0.1793
PRJ-01759,CLI-0140,Financial Services,APAC,New,Remote,2025-09-09,2026-02-09,5,516300.0,In Progress,8,5347,0.2349
PRJ-01752,CLI-0338,Manufacturing,EMEA,Existing,Remote,2025-09-10,2026-02-10,5,334300.0,Cancelled,3,1692,0.1758
PRJ-01732,CLI-0097,Healthcare,North America,Existing,On-site,2025-09-10,2026-02-10,5,349900.0,In Progress,4,3014,0.3642
PRJ-01762,CLI-0048,Healthcare,LATAM,Existing,Hybrid,2025-09-11,2026-04-11,7,619100.0,In Progress,9,8381,0.2311
PRJ-01745,CLI-0059,Energy & Utilities,EMEA,New,On-site,2025-09-16,2026-01-16,4,401500.0,In Progress,3,1512,0.301
PRJ-01757,CLI-0091,Energy & Utilities,North America,Existing,Remote,2025-09-16,2026-03-16,6,470200.0,In Progress,4,3229,0.3226
PRJ-01763,CLI-0018,Financial Services,EMEA,Existing,Hybrid,2025-09-17,2026-01-17,4,258600.0,In Progress,3,1468,0.1739
PRJ-01736,CLI-0177,Technology & Telecom,EMEA,New,Hybrid,2025-09-17,2026-03-17,6,390000.0,In Progress,5,4260,0.3463
PRJ-01739,CLI-0160,Financial Services,APAC,New,Hybrid,2025-09-17,2026-05-17,8,449800.0,In Progress,4,4453,0.3023
PRJ-01766,CLI-0263,Technology & Telecom,EMEA,Existing,Remote,2025-09-18,2026-03-18,6,979700.0,In Progress,10,6922,0.3052
PRJ-01746,CLI-0096,Retail & Consumer,EMEA,New,Hybrid,2025-09-19,2026-01-19,4,166500.0,In Progress,1,555,0.4321
PRJ-01748,CLI-0412,Retail & Consumer,APAC,New,On-site,2025-09-19,2026-03-19,6,308800.0,In Progress,4,2729,0.322
PRJ-01751,CLI-0239,Manufacturing,North America,Existing,On-site,2025-09-20,2026-04-20,7,300400.0,In Progress,3,2909,0.3538
PRJ-01735,CLI-0278,Energy & Utilities,EMEA,Existing,Hybrid,2025-09-21,2026-03-21,6,489700.0,In Progress,6,4542,0.286
PRJ-01738,CLI-0142,Technology & Telecom,North America,Existing,Remote,2025-09-22,2026-03-22,6,808800.0,In Progress,10,9217,0.3119
PRJ-01737,CLI-0346,Financial Services,EMEA,Existing,Hybrid,2025-09-22,2026-05-22,8,719600.0,In Progress,9,10703,0.2863
PRJ-01749,CLI-0262,Technology & Telecom,APAC,New,Remote,2025-09-23,2026-01-23,4,284100.0,In Progress,2,1101,0.3866
PRJ-01756,CLI-0238,Manufacturing,EMEA,Existing,Remote,2025-09-24,2025-10-24,1,537000.0,Completed,4,629,0.3537
PRJ-01765,CLI-0187,Financial Services,EMEA,Existing,On-site,2025-09-24,2026-02-24,5,447300.0,In Progress,6,4053,0.2951
PRJ-01742,CLI-0298,Manufacturing,LATAM,Existing,Hybrid,2025-09-25,2026-03-25,6,312400.0,In Progress,1,799,0.3502
PRJ-01747,CLI-0086,Financial Services,North America,Existing,On-site,2025-09-26,2026-08-26,11,1464700.0,In Progress,14,20236,0.1846
PRJ-01755,CLI-0134,Retail & Consumer,APAC,Existing,Hybrid,2025-09-26,2025-11-26,2,157800.0,Cancelled,4,1008,0.2492
PRJ-01775,CLI-0389,Retail & Consumer,North America,New,Hybrid,2025-10-03,2025-12-03,2,145300.0,Cancelled,3,753,0.2125
PRJ-01772,CLI-0057,Healthcare,North America,New,Hybrid,2025-10-03,2026-06-03,8,780300.0,In Progress,8,9644,0.295
PRJ-01790,CLI-0379,Healthcare,North America,New,Remote,2025-10-03,2025-11-03,1,225700.0,Completed,2,240,0.3374
PRJ-01792,CLI-0226,Technology & Telecom,APAC,Existing,Hybrid,2025-10-05,2026-06-05,8,768000.0,In Progress,9,10887,0.2498
PRJ-01784,CLI-0021,Public Sector,LATAM,Existing,On-site,2025-10-05,2026-03-05,5,749900.0,In Progress,7,4284,0.2221
PRJ-01782,CLI-0229,Energy & Utilities,EMEA,New,On-site,2025-10-07,2026-04-07,6,606400.0,In Progress,5,4335,0.145
PRJ-01777,CLI-0113,Technology & Telecom,EMEA,New,Remote,2025-10-07,2026-05-07,7,1113100.0,In Progress,11,11972,0.4207
PRJ-01780,CLI-0164,Retail & Consumer,EMEA,New,On-site,2025-10-08,2026-01-08,3,538700.0,In Progress,4,1405,0.4199
PRJ-01773,CLI-0228,Financial Services,EMEA,Existing,On-site,2025-10-08,2026-01-08,3,756900.0,In Progress,7,2428,0.3603
PRJ-01779,CLI-0024,Energy & Utilities,North America,New,Remote,2025-10-09,2026-04-09,6,530400.0,In Progress,8,7253,0.4454
PRJ-01797,CLI-0043,Healthcare,North America,Existing,Hybrid,2025-10-10,2026-01-10,3,384300.0,In Progress,6,2516,0.1706
PRJ-01770,CLI-0073,Financial Services,North America,Existing,On-site,2025-10-10,2026-05-10,7,494800.0,In Progress,5,3954,0.3115
PRJ-01795,CLI-0360,Public Sector,EMEA,Existing,Hybrid,2025-10-11,2026-05-11,7,334000.0,Cancelled,6,5347,0.177
PRJ-01787,CLI-0419,Financial Services,North America,New,Hybrid,2025-10-11,2026-02-11,4,473300.0,In Progress,4,1835,0.3295
PRJ-01771,CLI-0356,Public Sector,APAC,Existing,Remote,2025-10-12,2025-12-12,2,253800.0,Completed,3,697,0.3755
PRJ-01768,CLI-0014,Retail & Consumer,North America,Existing,Remote,2025-10-13,2026-03-13,5,278900.0,In Progress,3,1967,0.2939
PRJ-01794,CLI-0362,Public Sector,EMEA,Existing,Hybrid,2025-10-15,2026-04-15,6,171000.0,In Progress,2,1471,0.1929
PRJ-01769,CLI-0324,Healthcare,North America,Existing,Remote,2025-10-16,2026-05-16,7,521100.0,In Progress,7,6449,0.2579
PRJ-01778,CLI-0268,Healthcare,APAC,New,Remote,2025-10-18,2026-06-18,8,221200.0,In Progress,5,4830,0.3714
PRJ-01786,CLI-0419,Healthcare,North America,Existing,Hybrid,2025-10-18,2026-03-18,5,522200.0,In Progress,5,3623,0.3655
PRJ-01789,CLI-0292,Public Sector,North America,New,Hybrid,2025-10-19,2026-05-19,7,496600.0,In Progress,7,6008,0.302
PRJ-01785,CLI-0031,Manufacturing,EMEA,Existing,Hybrid,2025-10-20,2026-02-20,4,646900.0,In Progress,8,3652,0.3995
PRJ-01776,CLI-0273,Technology & Telecom,EMEA,New,Hybrid,2025-10-21,2026-12-21,14,1628900.0,In Progress,16,33315,0.2725
PRJ-01774,CLI-0163,Healthcare,North America,Existing,Remote,2025-10-21,2026-10-21,12,623300.0,In Progress,7,12099,0.1628
PRJ-01781,CLI-0049,Healthcare,EMEA,Existing,Hybrid,2025-10-22,2026-02-22,4,354900.0,Cancelled,5,2539,0.1947
PRJ-01767,CLI-0159,Healthcare,North America,New,Hybrid,2025-10-22,2026-02-22,4,514000.0,In Progress,4,1964,0.2743
PRJ-01793,CLI-0312,Public Sector,APAC,Existing,On-site,2025-10-26,2026-02-26,4,381800.0,In Progress,6,3148,0.2888
PRJ-01788,CLI-0348,Manufacturing,North America,Existing,On-site,2025-10-28,2026-05-28,7,380800.0,In Progress,2,2030,0.3432
PRJ-01783,CLI-0135,Healthcare,North America,Existing,Remote,2025-10-28,2026-02-28,4,289000.0,In Progress,2,1095,0.1682
PRJ-01796,CLI-0212,Technology & Telecom,North America,Existing,Hybrid,2025-10-28,2026-06-28,8,923500.0,In Progress,7,7464,0.253
PRJ-01791,CLI-0075,Healthcare,EMEA,New,Hybrid,2025-10-28,2026-04-28,6,603700.0,In Progress,6,5090,0.3192
PRJ-01835,CLI-0275,Financial Services,LATAM,New,On-site,2025-11-01,2026-07-01,8,680100.0,In Progress,9,9325,0.3171
PRJ-01829,CLI-0381,Public Sector,APAC,Existing,Hybrid,2025-11-02,2026-06-02,7,464700.0,In Progress,7,6634,0.2629
PRJ-01823,CLI-0028,Technology & Telecom,North America,Existing,Remote,2025-11-02,2026-07-02,8,1307600.0,In Progress,13,13017,0.2141
PRJ-01804,CLI-0175,Retail & Consumer,North America,Existing,Hybrid,2025-11-02,2026-04-02,5,372300.0,In Progress,4,2282,0.3583
PRJ-01805,CLI-0278,Technology & Telecom,APAC,Existing,On-site,2025-11-03,2026-03-03,4,546300.0,In Progress,6,3427,0.2353
PRJ-01832,CLI-0089,Technology & Telecom,North America,Existing,Hybrid,2025-11-03,2026-01-03,2,618200.0,In Progress,7,1874,0.2191
PRJ-01831,CLI-0321,Healthcare,North America,Existing,Hybrid,2025-11-03,2026-03-03,4,209700.0,Cancelled,2,1183,0.3412
PRJ-01827,CLI-0396,Financial Services,North America,Existing,Remote,2025-11-03,2026-11-03,12,1609400.0,In Progress,19,31872,0.2672
PRJ-01809,CLI-0317,Financial Services,APAC,Existing,Hybrid,2025-11-04,2026-05-04,6,388800.0,In Progress,3,2694,0.2286
PRJ-01840,CLI-0418,Energy & Utilities,EMEA,Existing,Hybrid,2025-11-04,2026-03-04,4,661400.0,In Progress,7,3556,0.3584
PRJ-01830,CLI-0360,Manufacturing,North America,New,Hybrid,2025-11-06,2026-08-06,9,273100.0,Cancelled,3,4104,0.2827
PRJ-01812,CLI-0306,Energy & Utilities,LATAM,Existing,Hybrid,2025-11-06,2026-03-06,4,565700.0,In Progress,6,2768,0.2308
PRJ-01833,CLI-0321,Public Sector,North America,Existing,Remote,2025-11-07,2026-03-07,4,419000.0,In Progress,5,2762,0.1836
PRJ-01811,CLI-0104,Financial Services,North America,New,On-site,2025-11-07,2026-09-07,10,750300.0,In Progress,11,16647,0.3106
PRJ-01828,CLI-0298,Manufacturing,North America,New,Hybrid,2025-11-07,2026-02-07,3,241600.0,In Progress,3,1056,0.2199
PRJ-01822,CLI-0361,Financial Services,EMEA,New,Hybrid,2025-11-08,2026-08-08,9,1154600.0,In Progress,11,12234,0.2478
PRJ-01803,CLI-0362,Financial Services,APAC,Existing,Hybrid,2025-11-08,2026-09-08,10,540900.0,In Progress,7,8267,0.2712
PRJ-01834,CLI-0094,Technology & Telecom,APAC,New,Remote,2025-11-08,2026-09-08,10,1049900.0,Cancelled,14,21851,0.2511
PRJ-01806,CLI-0049,Manufacturing,EMEA,Existing,Hybrid,2025-11-08,2026-05-08,6,345200.0,In Progress,5,4296,0.399
PRJ-01838,CLI-0139,Manufacturing,North America,Existing,Remote,2025-11-09,2026-05-09,6,234600.0,Cancelled,4,3017,0.5289
PRJ-01841,CLI-0012,Financial Services,EMEA,Existing,Hybrid,2025-11-09,2026-06-09,7,471100.0,In Progress,5,5183,0.3777
PRJ-01844,CLI-0396,Retail & Consumer,North America,Existing,Hybrid,2025-11-10,2026-01-10,2,313300.0,In Progress,1,296,0.3218
PRJ-01821,CLI-0046,Healthcare,APAC,Existing,Remote,2025-11-10,2026-04-10,5,413900.0,In Progress,5,3472,0.2348
PRJ-01815,CLI-0328,Manufacturing,EMEA,Existing,Hybrid,2025-11-10,2026-03-10,4,241600.0,In Progress,2,940,0.2298
PRJ-01816,CLI-0267,Energy & Utilities,EMEA,New,Hybrid,2025-11-10,2026-08-10,9,758100.0,In Progress,9,12006,0.3318
PRJ-01826,CLI-0206,Financial Services,APAC,Existing,On-site,2025-11-11,2026-02-11,3,396600.0,In Progress,5,1947,0.293
PRJ-01818,CLI-0300,Healthcare,North America,Existing,Hybrid,2025-11-13,2026-08-13,9,990700.0,In Progress,12,16580,0.1298
PRJ-01824,CLI-0120,Healthcare,North America,New,On-site,2025-11-14,2026-01-14,2,353500.0,In Progress,3,936,0.3084
PRJ-01800,CLI-0404,Retail & Consumer,North America,Existing,Hybrid,2025-11-14,2026-06-14,7,464000.0,In Progress,7,6039,0.2203
PRJ-01807,CLI-0222,Technology & Telecom,North America,Existing,Remote,2025-11-14,2025-12-14,1,277800.0,Completed,4,547,0.2167
PRJ-01842,CLI-0419,Financial Services,North America,New,Remote,2025-11-15,2026-03-15,4,873300.0,In Progress,9,4961,0.2955
PRJ-01837,CLI-0110,Healthcare,North America,New,Hybrid,2025-11-15,2026-03-15,4,577600.0,In Progress,7,4383,0.2717
PRJ-01819,CLI-0394,Technology & Telecom,APAC,Existing,Remote,2025-11-15,2026-07-15,8,689700.0,In Progress,10,10887,0.3101
PRJ-01808,CLI-0260,Retail & Consumer,EMEA,New,On-site,2025-11-17,2026-04-17,5,509800.0,In Progress,4,2470,0.2648
PRJ-01801,CLI-0350,Financial Services,EMEA,Existing,Hybrid,2025-11-18,2026-04-18,5,533600.0,In Progress,9,5075,0.21
PRJ-01825,CLI-0284,Manufacturing,APAC,Existing,On-site,2025-11-19,2026-07-19,8,738700.0,In Progress,8,8788,0.3537
PRJ-01843,CLI-0139,Financial Services,EMEA,Existing,Hybrid,2025-11-19,2026-02-19,3,585300.0,In Progress,7,3299,0.2093
PRJ-01813,CLI-0004,Public Sector,North America,New,Hybrid,2025-11-19,2026-08-19,9,421800.0,In Progress,6,6558,0.3385
PRJ-01817,CLI-0029,Financial Services,EMEA,New,Hybrid,2025-11-20,2026-03-20,4,304600.0,In Progress,4,2520,0.2984
PRJ-01846,CLI-0014,Financial Services,APAC,Existing,Hybrid,2025-11-20,2026-07-20,8,670000.0,In Progress,6,7546,0.3143
PRJ-01847,CLI-0231,Healthcare,EMEA,Existing,Hybrid,2025-11-21,2026-04-21,5,518900.0,In Progress,5,3826,0.4042
PRJ-01839,CLI-0288,Manufacturing,APAC,New,On-site,2025-11-22,2026-03-22,4,629400.0,In Progress,8,3894,0.188
PRJ-01845,CLI-0158,Healthcare,North America,Existing,Hybrid,2025-11-22,2026-05-22,6,571300.0,In Progress,6,4227,0.3596
PRJ-01802,CLI-0239,Retail & Consumer,LATAM,Existing,Hybrid,2025-11-24,2026-01-24,2,274700.0,In Progress,5,1411,0.2214
PRJ-01810,CLI-0370,Financial Services,APAC,Existing,Hybrid,2025-11-24,2026-06-24,7,918100.0,In Progress,9,7928,0.245
PRJ-01798,CLI-0412,Healthcare,EMEA,New,On-site,2025-11-24,2026-07-24,8,728400.0,In Progress,9,9934,0.3275
PRJ-01820,CLI-0382,Healthcare,North America,Existing,Hybrid,2025-11-26,2026-04-26,5,583400.0,In Progress,7,5196,0.339
PRJ-01814,CLI-0291,Energy & Utilities,EMEA,New,On-site,2025-11-26,2026-10-26,11,801200.0,In Progress,8,10203,0.3626
PRJ-01799,CLI-0155,Manufacturing,North America,Existing,Remote,2025-11-26,2026-01-26,2,325100.0,In Progress,5,1294,0.4735
PRJ-01836,CLI-0242,Energy & Utilities,APAC,New,Remote,2025-11-26,2026-05-26,6,404000.0,In Progress,2,1859,0.2759
PRJ-01881,CLI-0061,Technology & Telecom,North America,New,Hybrid,2025-12-03,2026-07-03,7,702900.0,In Progress,8,8594,0.2901
PRJ-01883,CLI-0365,Public Sector,North America,Existing,Hybrid,2025-12-03,2026-05-03,5,335500.0,In Progress,4,2647,0.1015
PRJ-01873,CLI-0196,Technology & Telecom,North America,Existing,Hybrid,2025-12-03,2026-06-03,6,502600.0,In Progress,4,3608,0.2633
PRJ-01890,CLI-0146,Healthcare,EMEA,New,Remote,2025-12-04,2026-04-04,4,387400.0,In Progress,6,3170,0.2962
PRJ-01854,CLI-0005,Healthcare,North America,New,Hybrid,2025-12-04,2026-10-04,10,1359300.0,In Progress,13,14782,0.2569
PRJ-01855,CLI-0201,Healthcare,EMEA,New,Hybrid,2025-12-04,2026-05-04,5,706500.0,In Progress,9,6730,0.2903
PRJ-01891,CLI-0039,Energy & Utilities,North America,Existing,On-site,2025-12-05,2026-05-05,5,1001200.0,In Progress,11,7810,0.2437
PRJ-01878,CLI-0221,Financial Services,North America,Existing,Remote,2025-12-08,2026-03-08,3,422900.0,In Progress,6,2512,0.2248
PRJ-01886,CLI-0327,Retail & Consumer,APAC,Existing,Hybrid,2025-12-08,2026-02-08,2,322000.0,In Progress,4,970,0.3207
PRJ-01862,CLI-0134,Public Sector,EMEA,New,Remote,2025-12-08,2026-04-08,4,477500.0,In Progress,4,2338,0.3975
PRJ-01897,CLI-0111,Healthcare,North America,Existing,On-site,2025-12-08,2026-06-08,6,364600.0,In Progress,2,1465,0.2908
PRJ-01884,CLI-0295,Retail & Consumer,North America,New,Remote,2025-12-09,2026-04-09,4,115500.0,In Progress,2,1168,0.211
PRJ-01853,CLI-0278,Healthcare,North America,Existing,Remote,2025-12-11,2026-07-11,7,323600.0,In Progress,2,2009,0.2648
PRJ-01876,CLI-0399,Financial Services,North America,Existing,Remote,2025-12-11,2026-07-11,7,905700.0,In Progress,10,9505,0.2731
PRJ-01894,CLI-0316,Public Sector,EMEA,Existing,Remote,2025-12-11,2026-07-11,7,824000.0,In Progress,8,8371,0.3336
PRJ-01875,CLI-0341,Manufacturing,North America,Existing,Remote,2025-12-12,2026-06-12,6,421200.0,In Progress,4,2882,0.4558
PRJ-01858,CLI-0038,Retail & Consumer,APAC,New,On-site,2025-12-12,2026-01-12,1,140100.0,In Progress,1,153,0.432
PRJ-01849,CLI-0160,Technology & Telecom,APAC,New,Hybrid,2025-12-13,2026-08-13,8,444100.0,Cancelled,6,5423,0.3034
PRJ-01856,CLI-0129,Public Sector,North America,New,On-site,2025-12-14,2026-08-14,8,379300.0,In Progress,5,4766,0.2468
PRJ-01887,CLI-0151,Manufacturing,EMEA,Existing,Hybrid,2025-12-15,2026-08-15,8,287700.0,In Progress,2,1868,0.2528
PRJ-01861,CLI-0165,Public Sector,EMEA,Existing,On-site,2025-12-17,2026-03-17,3,204900.0,In Progress,2,880,0.2279
PRJ-01869,CLI-0142,Technology & Telecom,LATAM,New,Remote,2025-12-18,2026-04-18,4,447200.0,In Progress,7,3855,0.2904
PRJ-01852,CLI-0282,Healthcare,EMEA,New,On-site,2025-12-18,2026-05-18,5,662900.0,In Progress,7,4898,0.3108
PRJ-01868,CLI-0027,Manufacturing,North America,Existing,Hybrid,2025-12-18,2026-08-18,8,468000.0,In Progress,7,6581,0.3593
PRJ-01866,CLI-0401,Financial Services,EMEA,New,Hybrid,2025-12-20,2026-06-20,6,541600.0,In Progress,3,2558,0.2558
PRJ-01877,CLI-0402,Financial Services,APAC,Existing,Hybrid,2025-12-20,2026-03-20,3,427700.0,In Progress,5,1748,0.3587
PRJ-01895,CLI-0063,Energy & Utilities,North America,New,Remote,2025-12-20,2026-08-20,8,550800.0,In Progress,8,8474,0.236
PRJ-01860,CLI-0330,Healthcare,North America,Existing,Hybrid,2025-12-20,2026-03-20,3,282000.0,In Progress,1,401,0.1973
PRJ-01885,CLI-0038,Financial Services,APAC,Existing,On-site,2025-12-21,2026-03-21,3,579200.0,In Progress,7,2773,0.2665
PRJ-01880,CLI-0364,Retail & Consumer,North America,Existing,On-site,2025-12-21,2026-04-21,4,180700.0,In Progress,2,1170,0.3725
PRJ-01892,CLI-0013,Technology & Telecom,EMEA,Existing,Hybrid,2025-12-22,2026-08-22,8,1173200.0,In Progress,12,11170,0.2161
PRJ-01896,CLI-0035,Manufacturing,North America,New,Hybrid,2025-12-22,2026-09-22,9,305100.0,In Progress,3,3663,0.3235
PRJ-01871,CLI-0019,Public Sector,North America,Existing,Hybrid,2025-12-22,2026-11-22,11,1097600.0,In Progress,13,19231,0.1902
PRJ-01863,CLI-0073,Manufacturing,APAC,New,Remote,2025-12-22,2026-05-22,5,565700.0,In Progress,5,3169,0.1881
PRJ-01865,CLI-0390,Financial Services,APAC,New,Hybrid,2025-12-22,2026-12-22,12,1379500.0,In Progress,15,24256,0.2465
PRJ-01893,CLI-0194,Public Sector,EMEA,Existing,Remote,2025-12-23,2026-08-23,8,674500.0,In Progress,7,6330,0.2645
PRJ-01872,CLI-0041,Healthcare,EMEA,Existing,On-site,2025-12-24,2026-04-24,4,439800.0,In Progress,5,2973,0.2046
PRJ-01879,CLI-0209,Public Sector,APAC,Existing,Remote,2025-12-24,2026-05-24,5,387000.0,In Progress,5,2920,0.4261
PRJ-01859,CLI-0338,Public Sector,EMEA,New,Remote,2025-12-25,2026-07-25,7,1080200.0,In Progress,13,13954,0.2898
PRJ-01882,CLI-0327,Public Sector,APAC,Existing,Hybrid,2025-12-25,2026-07-25,7,961400.0,In Progress,11,9664,0.3339
PRJ-01851,CLI-0219,Retail & Consumer,North America,Existing,Hybrid,2025-12-25,2026-01-25,1,174400.0,In Progress,3,454,0.3131
PRJ-01850,CLI-0127,Public Sector,LATAM,Existing,Hybrid,2025-12-26,2026-02-26,2,220600.0,In Progress,2,590,0.2243
PRJ-01857,CLI-0319,Technology & Telecom,APAC,Existing,Hybrid,2025-12-27,2026-10-27,10,1173000.0,In Progress,12,16852,0.3497
PRJ-01864,CLI-0369,Public Sector,APAC,Existing,Remote,2025-12-27,2026-07-27,7,720000.0,In Progress,9,8793,0.3587
PRJ-01888,CLI-0305,Public Sector,APAC,Existing,Remote,2025-12-27,2026-04-27,4,227700.0,In Progress,3,1693,0.2767
PRJ-01870,CLI-0336,Healthcare,EMEA,Existing,Hybrid,2025-12-27,2026-07-27,7,684900.0,In Progress,9,8451,0.1964
PRJ-01848,CLI-0285,Financial Services,LATAM,New,Remote,2025-12-27,2026-08-27,8,1171500.0,In Progress,13,12836,0.3182
PRJ-01889,CLI-0061,Financial Services,North America,New,Remote,2025-12-28,2026-01-28,1,318300.0,In Progress,3,406,0.3079
PRJ-01867,CLI-0121,Technology & Telecom,North America,Existing,On-site,2025-12-28,2026-07-28,7,921000.0,In Progress,10,9907,0.236
PRJ-01874,CLI-0242,Healthcare,North America,Existing,Remote,2025-12-28,2026-05-28,5,435800.0,In Progress,4,2647,0.2154
